cluster_id,hour,probability,price,occ1,occ2
0,0,0.16,6.511848788684053,29.25650262755089,25.532910844202483
0,1,0.16,6.393776024947051,30.031797647085387,27.523325635608384
0,2,0.16,6.150138166197243,32.54769789630845,28.43316233932184
0,3,0.16,5.373141258080393,32.76335065146884,27.903442319324224
0,4,0.16,4.9041759371232345,31.972372166052327,27.088109153019115
0,5,0.16,4.359001242375744,32.03438377461931,27.173289419087805
0,6,0.16,3.9651617590722523,30.910652362123056,26.51960614843435
0,7,0.16,3.4337772464346603,31.611246136135218,26.832195805000826
0,8,0.16,3.015118500407996,31.813678856302005,26.708779229623993
0,9,0.16,2.8406921341497555,32.13386661557139,26.409953129482165
0,10,0.16,3.1056683149766102,33.04830644508177,25.961964587311996
0,11,0.16,3.341849201446986,32.40576320912339,26.04576171411683
0,12,0.16,3.5966270523105455,33.440527430005645,25.695225155985018
0,13,0.16,3.6507963372926873,32.81142900328888,26.998100652989496
0,14,0.16,3.581422535482631,33.11931643686313,27.457312512061776
0,15,0.16,3.280232921307458,33.15335550375056,26.065935752670562
0,16,0.16,3.2584711941437945,31.803577322989575,26.877755179887185
0,17,0.16,2.974349886144688,31.744114706705833,27.370302918795858
0,18,0.16,3.0532564433798264,33.294820839760234,27.60867515590969
0,19,0.16,3.180997394419899,33.56384155272687,25.447966153839147
0,20,0.16,3.096613930194767,32.772035327384394,25.338459181401653
0,21,0.16,3.2197054866973858,32.01160702542307,25.897102495821375
0,22,0.16,3.6315562808848396,33.34228436950091,27.494951140983044
0,23,0.16,4.287317389469782,32.30071920177771,27.653721539595683
0,24,0.16,4.593034124410876,32.072125212960664,27.8985834650973
0,25,0.16,4.672332051066543,33.57871244042165,28.81632063732947
0,26,0.16,4.5051881185755835,33.02511918509881,27.607569798492744
0,27,0.16,4.27752021906797,33.12856857484993,28.51051210886114
0,28,0.16,4.055628672525188,31.175895540226545,27.106687348682446
0,29,0.16,4.237310630208883,31.225617727485762,28.036133923481138
0,30,0.16,4.503013176136008,30.300433135874194,26.505246783037844
0,31,0.16,4.6289307143333245,31.24350107711865,26.526371468100617
0,32,0.16,4.6126142697055945,32.081945598755546,25.789761361016854
0,33,0.16,4.474159802342382,31.720249980270477,26.36755051987084
0,34,0.16,4.386104579319199,32.79955410746343,26.31216487361181
0,35,0.16,4.345152622180206,32.3015727477398,25.99862450429598
0,36,0.16,4.356869684365074,32.04986260017423,24.257175104965118
0,37,0.16,4.604510203970049,31.67920702976425,24.853925514129706
0,38,0.16,4.903288691696377,30.970558411684465,25.912840607981263
0,39,0.16,4.924184668830029,32.28256553162575,25.36670585627551
0,40,0.16,4.834259149935377,33.58204435298553,26.337656102825505
0,41,0.16,4.670823428382627,33.67281639081394,27.397302233768837
0,42,0.16,4.5518827294356665,33.123922275713774,26.601516101830555
0,43,0.16,4.528172584215377,33.95143911183493,27.772228913138996
0,44,0.16,4.240209579635173,34.83305462485164,28.44914681684212
0,45,0.16,4.046491290362837,34.35147265454136,26.92337394123939
0,46,0.16,3.788090297404909,32.31982775224701,27.68810063466165
0,47,0.16,3.7549486632703237,32.74539269833218,26.545065536492256
0,48,0.16,3.7323316000757822,32.55288082675712,25.933436163600526
0,49,0.16,3.8187678402234173,31.41915354257968,27.088248315474697
0,50,0.16,4.074248256487796,33.135191920020716,26.60623095951162
0,51,0.16,4.361034125643613,32.97898325182294,25.875737833469074
0,52,0.16,4.215666636889503,33.48410234693947,27.752268591620606
0,53,0.16,3.700955049309638,34.03423067917875,27.476467628080716
0,54,0.16,3.416622937310267,35.2819628705283,27.619592774448776
0,55,0.16,3.3251971469355692,33.6630393475171,27.060494725625528
0,56,0.16,3.393030757185662,32.71533409074985,26.613559344288973
0,57,0.16,3.2515506190266095,31.885345377123397,27.3556578139846
0,58,0.16,3.504905229479702,34.34337460425722,27.243698937881547
0,59,0.16,3.5580745140942485,34.28015424699418,27.41999989801974
0,60,0.16,3.908566323984054,33.34508184192446,27.24365473604229
0,61,0.16,4.132848927471742,33.75282735424333,27.25304509631579
0,62,0.16,4.310994360525025,34.11079748682453,27.032282131495123
0,63,0.16,4.156078302539246,35.21897693047324,26.48649667160515
0,64,0.16,4.127224486303352,32.645728051157676,27.65709791130777
0,65,0.16,4.067912796160215,34.028732953009246,27.311094409479402
0,66,0.16,4.282069369121422,33.087434420689526,26.45045870223104
0,67,0.16,4.30951374219117,33.277433979682314,27.071099878087438
0,68,0.16,4.458161250674725,36.386028061466845,26.865948172366153
0,69,0.16,4.602853042424043,36.16331129948964,27.939349372127307
0,70,0.16,4.231824105682812,36.229194178549974,27.494980392904804
0,71,0.16,3.895971209019347,34.46973609576481,28.37335666543283
0,72,0.16,3.770064322802646,34.5120819858683,28.028532966872284
0,73,0.16,3.539614272738179,32.457896700136,27.73802748543425
0,74,0.16,3.443399824690604,31.25644052447912,26.098617165025512
0,75,0.16,3.790819445055558,30.270529726247645,26.606664990723534
0,76,0.16,3.9067934572465113,29.78433753936654,26.58730893007313
0,77,0.16,4.043590980922556,29.3064835962217,24.87909575878173
0,78,0.16,3.914711102345287,30.147052927145815,24.154497758227297
0,79,0.16,4.000376272095096,30.32708798047346,25.270347924346215
0,80,0.16,4.094558246274419,31.310661066517042,25.946021851216226
0,81,0.16,4.014153856634604,32.654291526376156,25.18379189667092
0,82,0.16,3.931688669748389,31.705412717820842,26.54430918261972
0,83,0.16,3.8112230777856926,30.44810103745347,23.706978812087996
0,84,0.16,3.8057466323576357,31.440775033495484,24.589239384525516
0,85,0.16,4.125842599709962,30.52626504858951,24.452123919162737
0,86,0.16,4.101784367095805,31.115102574229642,24.56734145814382
0,87,0.16,4.291518194520914,30.310021008104897,25.529669875265743
0,88,0.16,4.08276060380005,31.180771670904274,26.75385434826723
0,89,0.16,3.9171235689566295,32.59943001335943,26.516980623788513
0,90,0.16,3.9327586261882805,33.95513385111008,25.71691137388857
0,91,0.16,3.688385403130254,33.305862784824676,28.118240286951913
0,92,0.16,3.608910834798214,33.50379248353509,28.693570327396205
0,93,0.16,3.5958333501545265,34.142498012204825,28.3225090564826
0,94,0.16,3.248512634182474,34.29259704609915,28.08623337043464
0,95,0.16,3.2473567720769543,33.74323305135548,27.50214348551201
0,96,0.16,3.3609404922856863,34.11876850391444,27.19452567782417
0,97,0.16,3.611762730377979,33.93036266060131,26.496678632004304
0,98,0.16,3.888039308296282,32.75413216861584,25.31166104070029
0,99,0.16,3.9640460366852848,33.29232160630842,25.668022576654767
0,100,0.16,3.7449993564931665,32.94150980238567,26.340913417435335
0,101,0.16,3.6571474033884828,33.30048376400162,26.198084491982637
0,102,0.16,3.3321112196190477,32.68468664444186,26.865814905787246
0,103,0.16,3.129006208834716,32.40595921270204,26.726866180067056
0,104,0.16,3.0551434764469674,32.64365509055838,26.552941353878747
0,105,0.16,3.197054295967513,33.6072574970293,27.481611665249282
0,106,0.16,3.3948359397051076,34.2000468648106,27.17894597377934
0,107,0.16,3.811166929781594,32.28246307743172,28.238746674921945
0,108,0.16,4.1396390995662795,32.00225182475604,28.148461307823865
0,109,0.16,4.441086223478448,30.620344326942753,27.0593672935265
0,110,0.16,4.785786808051596,31.011659167504046,26.974386211908225
0,111,0.16,4.838037566639495,30.92949973343135,27.186097878451626
0,112,0.16,4.698950338696623,32.84426744277181,27.528670417678946
0,113,0.16,4.575638083944063,33.28194402609707,27.61001286577427
0,114,0.16,4.39561416684948,31.670295902193867,27.043256684895
0,115,0.16,4.1698720081632406,31.68876873774869,26.118656885604185
0,116,0.16,4.118791131301952,32.02105708322998,26.412605264171596
0,117,0.16,4.385627944493144,33.36914975572664,25.658799879420965
0,118,0.16,4.504206831387964,32.706878761754645,27.064185550906327
0,119,0.16,4.7189123512319675,31.924815823239843,27.881750408429987
0,120,0.16,4.5538235328815215,31.917296869544273,26.904290590766305
0,121,0.16,4.579848440986514,31.210960657622195,26.558756964346188
0,122,0.16,4.366160697523672,32.51633647781478,25.998012276519912
0,123,0.16,3.800913589731431,32.868217936343264,25.861976067211103
0,124,0.16,3.796293345206162,32.71219357934724,26.879701958492962
0,125,0.16,3.663190851109525,32.52384701240239,26.719014459139718
0,126,0.16,3.8574797291846976,32.78649663907231,26.737600229724684
0,127,0.16,3.762975130174198,31.604539486742908,28.579102713894688
0,128,0.16,3.4418724495755786,30.239923194376072,26.4954070235303
0,129,0.16,3.308112419985391,30.697108772178375,26.661287151060044
0,130,0.16,3.6118461412815592,30.547262267690066,25.727208428467154
0,131,0.16,3.8877752312757274,30.42498225562789,26.664223780079702
0,132,0.16,4.467936507016421,32.70349478441158,25.241040442332785
0,133,0.16,4.791347389542077,32.886616600274834,26.864314780716487
0,134,0.16,4.723151233753333,32.402065057275514,26.622177790050987
0,135,0.16,4.7850605572110325,31.803175175245322,26.093048152980284
0,136,0.16,4.7308627742002365,33.72880789952723,25.676787659254554
0,137,0.16,4.8656319715929195,33.10391537032405,25.638728323222207
0,138,0.16,4.785008974999525,32.904692693472,26.528033287565123
0,139,0.16,4.436391272422367,32.59288278245861,26.061906406666704
0,140,0.16,3.860712528187164,35.0035993798707,27.88938290430748
0,141,0.16,3.605287458798239,34.323320687347426,27.279466722205978
0,142,0.16,3.398263259647133,32.70864239379266,26.658792939743318
0,143,0.16,3.385165519404517,34.505587037825876,26.00897583921263
0,144,0.16,3.2990030561274013,34.58934585742807,25.971023737347327
0,145,0.16,3.2004860301240794,35.13027267114226,25.805584861449947
0,146,0.16,3.3396948286961394,35.41434493755701,24.670457272353048
0,147,0.16,3.667273421513187,34.56219696466149,25.592324480088017
0,148,0.16,3.688804249665622,33.13259344505034,27.111225908041128
0,149,0.16,3.7001608877957204,33.3483857719581,26.709800325695863
0,150,0.16,3.7180884213500964,31.699369616744,27.632435104502317
0,151,0.16,3.6427344051644175,32.7419385011322,26.99643077609975
0,152,0.16,3.716160144547969,31.437449582197985,27.141935745482108
0,153,0.16,3.7266825344453496,31.944814085935775,25.7432063844592
0,154,0.16,3.83046078016133,32.335177256562325,26.239934794619412
0,155,0.16,3.760630497333657,32.70270383226642,25.135154676581028
0,156,0.16,3.745151659844103,31.652050712283174,25.07541070748588
0,157,0.16,3.7239465017430295,29.476297689600027,26.458990391115016
0,158,0.16,3.7543060383207663,30.77191066723103,26.372466119479576
0,159,0.16,3.8648937303402175,31.305745020397612,26.941717442001483
0,160,0.16,4.159078607741403,33.86389820636656,26.45198852740668
0,161,0.16,4.061993440690734,32.49094241065722,27.955972261640923
0,162,0.16,3.899289089006379,32.47765057552548,27.24823460592873
0,163,0.16,3.770657849438679,34.75836222222656,26.977481280848167
0,164,0.16,3.7925283703226644,35.336602320488765,26.835060578063473
0,165,0.16,3.7850161978775305,32.76044511844557,26.82844874560459
0,166,0.16,3.5534064114533805,33.88028233740445,26.04172670346608
0,167,0.16,3.2654941230494217,32.8689514759222,26.639058754066713
0,168,0.16,3.0752653648243222,32.98355201924102,26.573215704348076
0,169,0.16,3.036631825477703,32.1443774675436,27.56032054880213
0,170,0.16,2.8267129966269855,31.462086200513877,27.92574604136542
0,171,0.16,2.9314714096407917,32.09456469912823,26.92777248021955
0,172,0.16,3.1276245567344594,31.415367805512584,26.84461365181978
0,173,0.16,3.0883190411572583,31.727284236315555,24.905811587367054
0,174,0.16,3.0573966503741503,31.687939296922718,24.01777391918187
0,175,0.16,3.2326310844233963,32.163660519790255,24.033870627278713
0,176,0.16,3.6469572508731636,32.40145450509995,24.790759159157073
0,177,0.16,3.6002857121164817,33.305525536668064,24.4972576966626
0,178,0.16,3.6657596028325905,32.55688667142084,25.315687865075233
0,179,0.16,3.8141922647490083,31.298923972047476,24.7443308924171
0,180,0.16,4.266542011343537,32.057634648264056,25.184790345889006
0,181,0.16,5.059008273789747,31.949630443249838,25.5749124181403
0,182,0.16,5.211114748280868,32.339341726347534,24.098913035590016
0,183,0.16,5.020777610619872,34.03381727779096,26.223454339456293
0,184,0.16,4.542323602307734,34.352063180850905,27.342602397705956
0,185,0.16,4.174474379205531,34.198571080737786,27.65172719653206
0,186,0.16,3.9840204727394246,33.688906567339245,27.794540578464954
0,187,0.16,4.192801768808053,33.31856857845398,26.2233309698949
0,188,0.16,4.460976291298892,33.284587126783535,26.754313806602134
0,189,0.16,4.558470524892648,30.82639968317426,27.493271582619034
0,190,0.16,4.390771961640726,31.8342004705597,26.487371637973144
0,191,0.16,4.297155920247613,33.6525149686847,26.674631497485795
0,192,0.16,4.458207731820908,31.2014133835195,26.822189524181322
0,193,0.16,4.402855728673542,32.684728893459095,27.4515784655351
0,194,0.16,4.443658161810135,32.52695310667841,25.06481316038375
0,195,0.16,4.537888717876227,33.62066447446654,25.72531002946386
0,196,0.16,4.727324167369218,32.53057781125993,26.550163893264923
0,197,0.16,4.737065668025709,32.812731004231324,26.189087306432288
0,198,0.16,4.5411739687055475,33.52487046103332,26.631736383420794
0,199,0.16,4.411383412141323,34.67116374814441,27.853248297488353
0,200,0.16,3.862057464404825,33.06145898143362,27.794443276446255
0,201,0.16,3.6363324801711854,33.422252075363055,27.954743245797133
0,202,0.16,3.850486939658737,32.75353307391118,27.70306510693102
0,203,0.16,4.083172385836955,33.914167614919734,27.72387679884342
0,204,0.16,4.057340263834799,33.71854055612595,28.167487957873128
0,205,0.16,4.225201827227061,35.47754836726074,28.018823067788542
0,206,0.16,4.379858453026221,36.92156995284783,28.105601797401913
0,207,0.16,4.726770364013854,36.39216110767167,27.597665874320015
0,208,0.16,5.026412807209239,32.93952004255468,27.006894780031775
0,209,0.16,5.210698028415433,32.410374624361836,24.738390833590532
0,210,0.16,4.98650344584236,32.08849852825591,25.809441610427378
0,211,0.16,4.74286537910569,31.048120365680713,26.360158119860735
0,212,0.16,4.773392228167605,31.465551523175534,26.38159630557391
0,213,0.16,4.689720829105861,32.975728916251725,26.242781302067467
0,214,0.16,4.686346224542237,31.82411344151873,25.786652102330333
0,215,0.16,4.630929275282556,30.878476631671006,25.879554884655843
0,216,0.16,4.602772589092317,32.47337600217173,25.12327440107297
0,217,0.16,4.861453341193421,34.449875009157935,25.78351428783368
0,218,0.16,5.282594143587737,31.891940615608128,26.547133840364037
0,219,0.16,5.163162046415511,30.528953122672856,26.509735402496364
0,220,0.16,4.904790292828544,30.180011338797005,26.44489133798071
0,221,0.16,4.476671249221289,32.97991376916997,24.922198875650096
0,222,0.16,4.222853584188962,31.08016666769825,26.38843957533109
0,223,0.16,4.014763710906917,30.331695476594867,26.892348339592253
0,224,0.16,3.8836017665224762,30.826830748451624,26.763456815032765
0,225,0.16,3.711594694931433,32.15001980700153,25.777545108135886
0,226,0.16,3.678134962177583,31.658788354804,25.35279925600782
0,227,0.16,3.431824782494426,31.696122691720493,24.839430133742006
0,228,0.16,3.50115539928872,33.17125266677597,24.39389370249548
0,229,0.16,3.330162069439668,31.93763816295804,26.157962961284014
0,230,0.16,3.008919566235263,32.19599696461127,26.987324823654518
0,231,0.16,2.837371904104866,32.514766796472486,27.263540823089677
0,232,0.16,3.0195167916047727,32.24048406267747,27.159032703327092
0,233,0.16,3.0800336905545067,29.514429058428167,25.41292427773453
0,234,0.16,3.0232857989095363,31.38115924384803,27.321330524029328
0,235,0.16,3.4140584351368752,32.552938816989325,25.15393856393733
0,236,0.16,3.6477850122930384,31.63753641709497,24.747484748867695
0,237,0.16,4.1571009844753855,32.15115905013948,25.3582998068196
0,238,0.16,4.280911008719838,33.481713851791554,26.029651494770217
0,239,0.16,4.591645590026242,32.06888293221688,26.796250608813985
0,240,0.16,4.744611390523421,32.57520551143679,26.312924070556733
0,241,0.16,4.38258438654229,33.155561447076856,27.51062735223586
0,242,0.16,4.036751049530901,33.1298398038512,26.640104854187815
0,243,0.16,3.88204915276966,35.133534658616625,26.620479655829456
0,244,0.16,3.7961418768786697,33.33457987530987,27.289931240766
0,245,0.16,3.7603025297253785,33.61565440199561,27.340749958423093
0,246,0.16,3.691821912210939,33.37926042926529,27.198325120343508
0,247,0.16,3.4867935623814432,33.45326330588145,27.708477566259287
0,248,0.16,3.06928032998571,32.49893760527171,28.492714617756754
0,249,0.16,2.8586887807008616,32.59525363189011,28.516136712463954
0,250,0.16,3.0143608125714616,32.67201819478986,28.226220763427218
0,251,0.16,2.726934593864647,31.830601697497237,27.6343707766788
0,252,0.16,2.506517251389204,32.430320548567146,26.830833299123544
0,253,0.16,2.7709904912980727,34.52313744685025,25.440456757838366
0,254,0.16,3.0166502695985598,34.5457696364603,26.348584054351363
0,255,0.16,3.3904501930838924,33.51821602350515,25.84575739939305
0,256,0.16,3.3625853331549265,34.24742213149218,26.84701358566418
0,257,0.16,3.33912580256239,34.588841693673466,25.464344238701706
0,258,0.16,3.3966898616882926,35.487640354859955,27.16803911378857
0,259,0.16,3.714439181988282,33.583113234380946,26.957560940549396
0,260,0.16,4.066086703852061,31.786398719896518,28.36650720551257
0,261,0.16,4.40881119563081,32.8968145805465,27.30257543203419
0,262,0.16,4.505933759544665,31.202570947728287,27.94928497180252
0,263,0.16,4.500506502120684,31.68799283904696,27.671776256539165
0,264,0.16,4.513095765719098,32.44360509608499,27.374997494688966
0,265,0.16,4.195995672523835,33.40024654720974,26.797021760969994
0,266,0.16,4.077308167006307,33.79672052561262,24.77335130425103
0,267,0.16,3.9632727702090316,31.56672382641917,25.77893848678256
0,268,0.16,3.7467389502233868,32.07862736980758,26.237068646480072
0,269,0.16,3.489515757209374,30.90877563872945,25.258967972736073
0,270,0.16,3.29314891140578,32.88641590907365,26.40146278944934
0,271,0.16,3.2727621964495195,33.950417602421304,26.074002326165623
0,272,0.16,3.365797362662386,34.06716620763741,26.26451872810758
0,273,0.16,3.199582663225617,33.915036560212876,26.458703734931866
0,274,0.16,3.100412199078398,30.42375837146593,26.158568326163866
0,275,0.16,3.321560704615592,32.244442156282055,25.369600156093917
0,276,0.16,3.7846115656453128,30.74241639420149,25.847336864513267
0,277,0.16,4.307256706361172,30.493784197436515,26.536540520054515
0,278,0.16,4.755479893480204,30.713432255794974,26.101088249408672
0,279,0.16,5.046317595893847,31.838952629722687,26.711866133045074
0,280,0.16,5.059621288225028,30.04299921786829,26.60592632573514
0,281,0.16,5.119131017951099,29.598412218441858,25.15560227698031
0,282,0.16,4.970100614929416,28.88597349125048,25.604181224018078
0,283,0.16,4.763634776605076,29.991750277551716,25.44173666881677
0,284,0.16,4.372141735497919,30.66533442359478,25.713939970867237
0,285,0.16,4.268490103093173,33.17698566550616,25.859299873570507
0,286,0.16,3.969403666623847,34.79273979004483,26.5211853667494
0,287,0.16,3.7600951227946102,35.02614608060428,26.56738601833996
0,288,0.16,3.5613993709419773,33.53048921073985,27.387595234666243
0,289,0.16,3.485799634268548,33.484841674270555,27.955881276856758
0,290,0.16,3.169835418082953,32.39438155253932,27.750409556574567
0,291,0.16,3.2272132240224343,32.21433110128599,27.3064014690501
0,292,0.16,3.414549492240119,33.01511445576041,26.90239208503066
0,293,0.16,3.8406067535426276,33.251056229187,27.284536920400253
0,294,0.16,3.8945508219731404,32.3579846062034,27.63279388647583
0,295,0.16,3.928515815902289,32.797211977399385,27.94069150522678
0,296,0.16,3.8549723964823093,32.47181285235663,27.89318767077031
0,297,0.16,3.6514221283733894,35.70683718673261,27.878739975993398
0,298,0.16,3.654630802019023,35.284942738641156,27.86384722823705
0,299,0.16,3.544753345291004,32.38129576115195,28.82762020060051
0,300,0.16,3.6670825663778164,32.852705680679996,26.773646386593963
0,301,0.16,3.8792004334055368,31.32049606473649,26.822512148977854
0,302,0.16,4.286991804714822,29.441273170594194,26.245462388725695
0,303,0.16,4.432760880307459,28.627080744208527,27.225056464682226
0,304,0.16,5.020028673990712,28.642243719077065,27.688524992938465
0,305,0.16,5.291468293397122,30.82265150008507,28.256884664534475
0,306,0.16,5.052296402971171,31.2661417340508,28.10283753350194
0,307,0.16,4.874974634551474,31.40080782606435,28.68200143783097
0,308,0.16,4.712225593670982,30.34317708455509,27.692649381840923
0,309,0.16,4.685981793049203,32.34799010262275,27.789451671857563
0,310,0.16,4.72343430128896,32.83992186830024,26.455142115214056
0,311,0.16,4.81629529795417,33.612596305555556,26.942906818656635
0,312,0.16,4.711010162977876,33.07331158922451,26.127900758862207
0,313,0.16,4.30668167113483,32.33299672420715,27.24688722117848
0,314,0.16,3.8651751801579635,34.56536447304297,27.000374173433677
0,315,0.16,3.5053402968704206,33.66032175099973,25.799944881830875
0,316,0.16,2.951011873188305,32.98103123868621,25.895201092094958
0,317,0.16,2.851800847428419,33.217546958228496,25.747603138556027
0,318,0.16,2.8703726441413755,33.22614425304955,27.00339164998721
0,319,0.16,3.0501334506173188,34.002355329828916,25.186539139607653
0,320,0.16,3.5437371401673547,32.21475976241899,25.936731185217162
0,321,0.16,3.6867783181027116,33.02838759089268,26.431796000376632
0,322,0.16,3.71789477914788,31.483142213957496,26.723749372200725
0,323,0.16,3.711877504016485,33.30594312843378,25.65403129144723
0,324,0.16,3.76129557193646,33.27325990667497,25.81576726445326
0,325,0.16,3.316346611380377,33.4166581561507,26.872376719986246
0,326,0.16,3.152181786417132,33.06962525170254,27.039583330078816
0,327,0.16,3.1952291077707953,31.70205494647559,27.919259689547985
0,328,0.16,3.4570106092143047,32.99830200619941,27.530071652599332
0,329,0.16,3.5896042271252213,32.83355086041107,27.291694385461017
0,330,0.16,3.869996507438508,33.99639422385134,28.029740627223674
0,331,0.16,4.00209371194118,34.031777981206424,26.829737573915732
0,332,0.16,4.2885974387574795,34.4089197735657,26.201636258799045
0,333,0.16,4.655674626951984,35.01097676778449,26.378020343391007
0,334,0.16,4.873980209836712,33.66182034160419,25.250692525788196
0,335,0.16,4.710958041053914,35.17609152082878,27.21138839033728
0,336,0.16,4.502503069872967,33.775540714556016,27.79950023728357
0,337,0.16,4.73640687531667,34.008121619171874,28.443196160022314
0,338,0.16,4.642834012875187,33.42816575705931,28.262151822527375
0,339,0.16,4.378777866587521,32.33838083906798,27.762803645026498
0,340,0.16,4.305968398200856,33.92661336796911,26.913975698472022
0,341,0.16,4.185646233260804,31.83433916264913,27.6088842683067
0,342,0.16,4.261580183557012,32.75928705796059,26.98035217547792
0,343,0.16,4.3310700739644945,32.379014472257516,26.489447270184304
0,344,0.16,4.238398544347364,33.56792888073217,26.144248778351432
0,345,0.16,4.1766656982946495,32.863774459567324,26.75953053768247
0,346,0.16,4.175446593049776,33.70874769073125,26.265525080267697
0,347,0.16,4.078995126812975,32.92105499283497,26.258013966375195
0,348,0.16,3.7638386587073183,32.851545035648726,26.32637600358321
0,349,0.16,3.2055011031959233,31.80593990737627,25.482860826291525
0,350,0.16,2.785271594695257,32.127696853668496,24.56842767801821
0,351,0.16,2.823217435502143,31.822430191653368,24.561133446378474
0,352,0.16,3.242806736410183,33.23986641957733,24.625130882223406
0,353,0.16,3.7073488432620443,34.848510327576406,25.049563797512
0,354,0.16,3.9937262352259317,32.950506942899025,25.96516866792303
0,355,0.16,4.013523213652601,31.10794317200392,25.00789359232971
0,356,0.16,3.800250599315256,29.579190354049278,25.840373947563812
0,357,0.16,3.471413508590038,30.513974275950783,26.0843788391927
0,358,0.16,3.906680810513702,30.71034985740137,25.759463584440105
0,359,0.16,4.0405324352782,30.010210755003154,25.470903161398407
0,360,0.16,4.151412147283642,28.66674564493339,23.26506955346595
0,361,0.16,4.596442115638011,29.555957550946204,23.141853232795857
0,362,0.16,4.593109649302783,31.02390575864177,24.45836438266805
0,363,0.16,4.574674975106719,31.89623691771827,25.178803552366904
0,364,0.16,4.68456390989548,29.816540513081492,25.370206450142707
0,365,0.16,4.8018143704784615,30.197297065492563,26.455972713449746
0,366,0.16,4.815546120599113,30.998277987196587,25.1465199019454
0,367,0.16,4.930944237005709,32.633373874359336,27.950423772821324
0,368,0.16,4.837338015358988,34.60614251819574,27.563762917133474
0,369,0.16,4.792512474908996,34.68856951866533,26.85353902674338
0,370,0.16,4.590112809559888,33.05959042893469,26.98463596890777
0,371,0.16,4.4827417248726755,31.39622759039785,27.29092060582051
0,372,0.16,4.002874111564815,32.840400589619115,25.930841884776658
0,373,0.16,3.8935716503945255,34.31703608576982,25.93438495074448
0,374,0.16,4.032206051238556,35.12862696886227,25.177230771928922
0,375,0.16,3.9771219360251613,34.25972417002075,24.39801808154117
0,376,0.16,3.9217457778815623,34.38337464882804,23.839281994483443
0,377,0.16,4.007874079148468,33.21487143085948,25.48870023878985
0,378,0.16,4.214451524493429,32.400683284313146,26.606247633744854
0,379,0.16,4.448882555391918,31.01329211483806,27.25890523355591
0,380,0.16,5.015248169097953,30.438235378786587,25.861492111970687
0,381,0.16,4.968038586248733,30.982373134946965,26.303833185458082
0,382,0.16,5.149989648642663,32.0600020657692,27.047090827930507
0,383,0.16,5.405815796391693,31.82150007644496,26.59907188649229
0,384,0.16,5.028148434010796,31.51125096708441,26.32453318417586
0,385,0.16,4.617857405107341,30.928356135374656,25.339814485817104
0,386,0.16,4.672911933821238,31.031280809474083,25.806118856784057
0,387,0.16,4.6192760682956715,32.29310249706266,25.293414055069256
0,388,0.16,4.612690355797001,31.56298890715078,25.149336778111792
0,389,0.16,4.643760159365977,32.93519710763478,26.473464025223098
0,390,0.16,4.6811849447336185,34.20196348339478,27.303478395391917
0,391,0.16,4.648123194334224,34.177746379663525,26.704602090949106
0,392,0.16,4.670450515514558,34.35747074367454,27.361659757565544
0,393,0.16,4.771670538374955,34.57738705873179,28.514258335300788
0,394,0.16,4.882801972925159,35.02506442715209,28.729872436968726
0,395,0.16,4.966399252243171,35.41883742300434,27.353752584523974
0,396,0.16,4.833020846494845,35.0216878602151,27.15868333259343
0,397,0.16,5.013105051111225,36.02494681594336,26.389185511496567
0,398,0.16,5.212812878658814,33.574205929259584,26.154282605560024
0,399,0.16,5.256396350701574,34.15531398165277,26.659253467874024
0,400,0.16,4.967437052644651,33.534456350763755,25.598784027041457
0,401,0.16,4.57099143144738,34.21646032769657,26.42515325171242
0,402,0.16,4.4367401585493065,33.569879043493714,27.671376423252926
0,403,0.16,4.287987806858964,32.54500910124185,27.288679097606096
0,404,0.16,4.086046767250203,33.39173896759272,27.152581973392795
0,405,0.16,3.767159262828602,33.46827656750416,27.446899236706034
0,406,0.16,3.5270600839318456,34.44653505627714,26.610247981979164
0,407,0.16,3.456529227714296,32.68005506419216,26.487873081295724
0,408,0.16,3.4484720129957207,32.43828134419751,25.784495067770642
0,409,0.16,3.4356017697013477,32.30317257581824,26.69929491454119
0,410,0.16,3.7414089682464757,32.258837574521934,27.171767951983593
0,411,0.16,3.968820537141935,33.298021711349556,25.326238351917905
0,412,0.16,4.097204982878044,33.817075567421696,25.31008723498488
0,413,0.16,4.255395488803193,33.24001208753435,26.06486329919388
0,414,0.16,3.9388046007477286,33.754051112747426,25.122177345143804
0,415,0.16,3.4617789492735564,34.240199299543114,26.22085836255867
0,416,0.16,3.3683909041851323,33.30707409934186,27.080561272928282
0,417,0.16,3.5110315832452663,32.33425497646723,26.550987385847037
0,418,0.16,3.6498552864782168,34.24657591950065,27.697736614958398
0,419,0.16,3.907823995381446,32.05278014232155,27.182003636902316
0,420,0.16,3.9867683769449918,32.159038523871416,25.932017600958496
0,421,0.16,4.093383849043511,30.539300371702595,25.29741268246517
0,422,0.16,4.294889329794813,31.306512023024375,25.058198617763512
0,423,0.16,3.991887361802397,31.19747316926851,26.43233216794972
0,424,0.16,4.313543913839339,29.960716032499228,26.15900025508497
0,425,0.16,4.373298783071954,31.637458060945306,27.70972417872816
0,426,0.16,4.063611605562176,32.96059294038811,27.14376721427196
0,427,0.16,3.868902250715903,33.90706026952173,27.271518469923112
0,428,0.16,3.61972280714531,32.9738911570974,24.529637355376376
0,429,0.16,3.661730808060525,32.99475676657126,25.456115586698353
0,430,0.16,3.761639235847527,30.590425726301984,25.73436032626237
0,431,0.16,4.2193561992658655,30.060826471535904,27.017365313161896
0,432,0.16,4.197738806751316,29.096292763947435,26.300839045427335
0,433,0.16,4.12205026958658,28.65112968370853,26.975340199516303
0,434,0.16,3.714779809036938,30.585103486699357,24.94596579572305
0,435,0.16,3.5460214229069926,31.796123371538823,24.240641056669663
0,436,0.16,3.662807838734571,30.794362753089473,23.944915373794995
0,437,0.16,3.847090433447958,30.46278811764492,25.65107770053409
0,438,0.16,4.098015278557828,30.869918495536822,24.90050840038937
0,439,0.16,3.9343358736695606,30.675228550467157,24.476387453770453
0,440,0.16,3.777088474923719,31.23563593391566,23.844374377510867
0,441,0.16,3.717445118443054,31.361739870639532,25.754765839287913
0,442,0.16,3.5970479538075897,31.62467452377639,25.810463825410284
0,443,0.16,3.7104093573612213,31.98174447387207,26.214127498280053
0,444,0.16,4.047108582920923,33.82750133237236,26.481819822204663
0,445,0.16,4.426485160905786,33.11499449488081,27.318711801610615
0,446,0.16,4.500973259229157,32.846916323194606,27.484802481032155
0,447,0.16,4.676386314442016,34.27234867495572,26.913488585001957
0,448,0.16,4.695217818021309,32.57154194219344,25.00565311302822
0,449,0.16,4.698762912890245,35.02463700898454,25.202655495523985
0,450,0.16,4.8385577420458885,32.99859647777519,25.324101048905554
0,451,0.16,4.585159561579264,33.97456494294589,25.019623278229545
0,452,0.16,4.3347960001275485,32.2857525619338,26.659950866653453
0,453,0.16,4.341770982923193,29.423059169841096,26.54678901578631
0,454,0.16,4.201072513180257,29.608966040856455,26.10761562654675
0,455,0.16,4.118944511126374,29.401662756163283,26.531641890134946
0,456,0.16,4.035709735921896,31.045719302509035,25.842517441855147
0,457,0.16,4.082582174662629,31.34840274843263,26.71159672198785
0,458,0.16,4.235343508010064,32.983517924309,25.94406751849744
0,459,0.16,4.229277440945552,30.584124975663073,27.262588850995286
0,460,0.16,4.093082375857741,29.480553628018406,27.33813594771481
0,461,0.16,3.9717773631759634,30.986399926795492,26.669375947462452
0,462,0.16,3.8025311843422633,30.260393802758777,26.343978952438153
0,463,0.16,3.9697303597562197,31.98997091145847,25.87345862544995
0,464,0.16,4.2490437900076286,32.129470314070545,26.139075206408837
0,465,0.16,4.482734870431403,31.427977135478766,27.491259642245062
0,466,0.16,4.944136020460929,29.607353003865786,27.21905337872978
0,467,0.16,5.370306321903379,31.40037739682144,25.313572172293878
0,468,0.16,5.555311323361037,32.241952212066046,24.835761294837944
0,469,0.16,5.150049879030785,31.744620231160727,25.493678922045543
0,470,0.16,4.483454022109448,33.2974062818845,25.873433509974184
0,471,0.16,4.043722885992621,32.28683905593854,25.692022438822388
0,472,0.16,3.8027099448512964,32.106087050122476,25.41576256065112
0,473,0.16,3.608749467621749,31.85258846244197,26.912834082791413
0,474,0.16,3.6872446856079515,31.462969054043096,27.779624936597635
0,475,0.16,3.8280371356038776,33.94400725696176,26.983537621791676
0,476,0.16,4.1550227864122435,34.83586862514193,26.999296182456348
0,477,0.16,4.258420223713712,34.11180716927092,25.826974999707954
0,478,0.16,4.417513039403634,35.466612146328536,26.97431500666083
0,479,0.16,4.38132301539533,35.46744135905686,26.300123416696927
0,480,0.16,4.551063410453357,34.101358583826716,26.476668819490893
0,481,0.16,4.647392656852261,33.54461326823071,27.587309711708244
0,482,0.16,4.549078466522996,32.114277470957774,26.693026970594175
0,483,0.16,4.374505966203045,31.056097432073546,26.595893899299817
0,484,0.16,3.9954611491789875,31.49483297462814,26.18585940407133
0,485,0.16,3.6505971978913325,31.58623157095153,24.111263468829776
0,486,0.16,3.4208040576363126,31.607259544080613,25.303110282275536
0,487,0.16,3.4830048675055747,30.693585165299606,26.814510086406077
0,488,0.16,3.499367341851836,31.61678093630102,26.549305920991458
0,489,0.16,3.5286058492601953,30.39784736894007,27.15101194756255
0,490,0.16,3.5693320922101788,30.34711784417592,26.440985031814304
0,491,0.16,3.799901090010142,31.63142513788238,24.568578307047858
0,492,0.16,4.021752598594527,30.269442145035683,25.789615068785455
0,493,0.16,4.0943532043215445,32.263217157377966,24.675122288234547
0,494,0.16,4.323004093781867,31.357401094495206,25.881520955219354
0,495,0.16,4.69196591881787,31.556706936371494,25.805225500246017
0,496,0.16,4.881925646052245,32.098542664887596,25.416945733048003
0,497,0.16,5.173996897634814,33.7957012627575,25.57875793937222
0,498,0.16,5.318830643374537,33.179450070359486,24.56497341771803
0,499,0.16,5.365745470811862,33.25079504604781,26.02629781578831
0,500,0.16,5.104506631639465,34.22975947324434,26.340059029897244
0,501,0.16,4.599294046705738,32.230828639875604,27.28676623536441
0,502,0.16,4.356027385050284,33.81212644799459,26.816180485899057
0,503,0.16,4.085475830877246,34.32063869896967,27.089942534398627
0,504,0.16,3.9036329901898106,33.49487305041533,25.85153819818297
0,505,0.16,4.064514470667485,31.74944484111743,25.740266445995754
0,506,0.16,3.9172440949379115,32.33689352325632,25.21146692665282
0,507,0.16,3.8581939466403887,32.6191963801064,25.593780541575676
0,508,0.16,3.820248249756598,32.68031957826473,25.697731604135683
0,509,0.16,3.7380832776158854,30.740212062968542,24.727986324163574
0,510,0.16,3.7755058324649013,33.34695167778403,24.049909704708288
0,511,0.16,4.016028745587146,32.548424454956645,25.112454632678357
0,512,0.16,4.115529504005514,32.023146206439144,25.528042801314413
0,513,0.16,4.164978756228356,33.04180955923502,26.162679149629593
0,514,0.16,3.918827889515281,32.30584786419259,27.00748590495622
0,515,0.16,3.892064436538506,30.365350942033295,26.676224024298868
0,516,0.16,3.650362810518486,31.56891599733195,26.462864754063585
0,517,0.16,3.4241695140341033,31.084910749900814,26.30418611160158
0,518,0.16,3.5106026242697412,30.985295957020274,25.61773404071716
0,519,0.16,3.6719533877730015,31.065341058213207,25.79364305144114
0,520,0.16,3.7741840195546597,30.268730475209672,26.24147695525416
0,521,0.16,4.064469262700308,31.39236308415794,27.855227021035027
0,522,0.16,3.9886699003157817,33.67877087935089,28.137196553424044
0,523,0.16,3.7380761577501063,33.43480939055198,26.638639255115013
0,524,0.16,3.4577740758079987,32.61254610772416,27.361795803370466
0,525,0.16,3.3363482274222953,33.555776856703076,27.309882858664416
0,526,0.16,3.1705283414958556,32.795662153435046,27.495949658095743
0,527,0.16,3.1827760234867677,32.87647454041572,27.5009733074538
0,528,0.16,3.2239351316881772,33.51467347088801,26.431302741245716
0,529,0.16,3.678284875828322,33.55080926098883,25.077062120097487
0,530,0.16,3.9571003825382385,31.504003453974953,25.639688880666245
0,531,0.16,4.374014770949646,30.772766372943398,24.548224107785046
0,532,0.16,4.611496015817165,31.03518166266172,24.666143851114356
0,533,0.16,4.451546504670217,32.12928539387738,24.499994250835474
0,534,0.16,4.2954478624069115,32.11440345059926,25.51005459562176
0,535,0.16,4.240578948749234,31.197867264093016,25.26713589902508
0,536,0.16,3.8045094615168327,31.31154844692065,26.724412560243792
0,537,0.16,3.681443862867091,32.431913749591125,26.432417607466327
0,538,0.16,3.6088654884057916,31.86796023883191,27.01066021410535
0,539,0.16,3.9669794340070847,32.190464442112514,26.182386661539404
0,540,0.16,4.262185112915343,32.73925898014579,27.415646776687268
0,541,0.16,4.39125648285975,33.71427929144681,27.235816523844914
0,542,0.16,4.59202270928755,32.95147722314954,27.058280789934194
0,543,0.16,4.8066077203331625,34.45665708520568,26.787401048352216
0,544,0.16,4.81115699634179,33.427912467735,27.658018747779845
0,545,0.16,4.965297481439437,32.28720918232898,27.071315019744073
0,546,0.16,4.866445666219414,30.98965236081269,26.651394192521217
0,547,0.16,4.804142635938609,30.53012253829404,27.2578846749009
0,548,0.16,4.9263142874448995,31.73181256601426,28.29513499722879
0,549,0.16,4.931907461630305,33.14356234253983,27.663649814890697
0,550,0.16,4.645915000250072,32.20731152775352,27.31809663226674
0,551,0.16,4.486610406934819,33.693697552768754,28.913903188737642
0,552,0.16,4.226917212937625,34.96986172806267,28.06524564479997
0,553,0.16,3.9828032197461765,32.0559247312618,27.68945171577931
0,554,0.16,3.5725184432487,30.71243919807167,27.576201382245813
0,555,0.16,3.327864364454279,29.89945420333908,25.933580827873243
0,556,0.16,3.3721839867051697,30.35880020665214,26.2234472236106
0,557,0.16,3.412715486675153,29.58235199619044,25.101787308894366
0,558,0.16,3.5072567924352125,30.193841789030046,26.08038599656058
0,559,0.16,3.60044982548298,29.77604305442971,25.418775547066293
0,560,0.16,3.6795685636780555,30.204226997472837,25.81458775858207
0,561,0.16,3.9827764536900823,29.428664329405304,26.065445166263352
0,562,0.16,4.456568391015802,30.08757973389285,25.57689399118041
0,563,0.16,4.916660128638427,31.628478582801858,26.87918238904258
0,564,0.16,5.231643577153118,32.45215487735575,25.86207012321081
0,565,0.16,5.513271010811845,34.03188696939208,24.649173568901404
0,566,0.16,5.815416432367519,31.798987950625772,25.513983433008494
0,567,0.16,5.7243773520643,30.113051942707706,23.4161711681311
0,568,0.16,5.108948367030265,29.875864988644047,24.176192843927474
0,569,0.16,4.65249884870047,31.05186444810292,25.6145523484276
0,570,0.16,4.236324798637505,31.43582688335553,26.02573386019899
0,571,0.16,3.71704513754096,33.09166287426706,27.507222849082396
0,572,0.16,3.607743115843692,32.391459771178084,27.072527348574237
0,573,0.16,3.480911829226752,33.9467853909858,27.654003810229145
0,574,0.16,3.5305216831542343,31.13969182655454,27.357501637283804
0,575,0.16,3.5466047651000507,31.721630665243058,26.093552708165753
0,576,0.16,3.2298937794837417,33.06470240573188,25.593099451434664
0,577,0.16,3.014029505342771,33.05515445937245,26.211947081932518
0,578,0.16,3.0401161059295725,31.856126595956653,26.182237320695748
0,579,0.16,3.183270468336978,31.509383662553816,25.468150286367784
0,580,0.16,3.430860288132096,31.178538337648188,24.57027858531774
0,581,0.16,3.695100893411857,31.68499631046906,26.611102045877885
0,582,0.16,3.6846243873458726,32.475259082167824,27.770552433961036
0,583,0.16,3.746781977410315,31.289048520983474,26.248474370810804
0,584,0.16,3.9553955359088366,30.776942267834848,26.66686391091142
0,585,0.16,4.038991386834024,32.05918165278163,26.744466965620003
0,586,0.16,4.230623315194532,33.13261246205977,25.78689558540626
0,587,0.16,4.1451085892300465,33.90287462632854,24.967048692884386
0,588,0.16,4.3376044797850355,32.26056021917594,24.738609259076348
0,589,0.16,4.528460794319638,33.0431233171339,24.387358274376965
0,590,0.16,4.883896265903709,33.04975062346109,25.403969004980475
0,591,0.16,5.126552814079589,33.619976020044255,26.041563344805848
0,592,0.16,5.274660383284125,32.53346693620018,27.73965082299002
0,593,0.16,5.577008234989171,32.63198746693037,26.542157357324164
0,594,0.16,5.645873995605665,34.80110014052805,27.27767126462649
0,595,0.16,5.598259510441345,35.678155230146,27.5340430433476
0,596,0.16,5.303012620430908,32.50073750662624,27.473522071670065
0,597,0.16,5.0444740282447444,31.975829778804567,28.139423014505045
0,598,0.16,5.026471108811226,32.31704139191656,27.104619548647257
0,599,0.16,4.801038313046367,32.106303364400766,26.293865113978292
0,600,0.16,4.559907992509884,33.55543744618679,26.59579058482268
0,601,0.16,4.348401463268993,34.032404333556045,27.20859683506141
0,602,0.16,4.3615151493037985,34.72845558968821,27.560738648309655
0,603,0.16,4.434308484879139,34.10174161490564,27.52347162288782
0,604,0.16,4.4516068349840445,32.58479178258016,26.770353567512917
0,605,0.16,4.193809155168699,32.63593986678004,25.737456337697445
0,606,0.16,4.046182638957768,34.17746906637995,26.00640388288836
0,607,0.16,4.374479508542806,35.90218769691273,24.998796718059797
0,608,0.16,4.275289751716195,36.03442251599193,26.47090050064212
0,609,0.16,4.271516369447988,34.959414359915336,26.305394338331833
0,610,0.16,4.07902581125969,34.70496293954874,25.68837465122386
0,611,0.16,3.7540297249293024,32.54714761868377,27.33805788136054
0,612,0.16,3.641138913556259,33.99821210137525,27.536932578694888
0,613,0.16,3.7228919790113295,32.742252641842924,26.87546992394035
0,614,0.16,3.84617810026595,32.17191962638663,27.105315946812457
0,615,0.16,3.814284447617011,32.593295628158934,26.25688357429303
0,616,0.16,3.4638171367762522,33.91768186701895,26.477529614005768
0,617,0.16,3.6022490265212084,33.73217208363782,27.499960864831316
0,618,0.16,3.512646754673771,34.81191687715706,28.637420464304387
0,619,0.16,3.3710762437920674,33.57353428824197,27.135765384016246
0,620,0.16,3.4996497407411065,32.77436517384561,26.271510761607594
0,621,0.16,3.960056283977415,30.858597044053145,25.426304102717292
0,622,0.16,4.165691613201858,31.245392647007634,24.461251374218325
0,623,0.16,4.325341098578432,31.178607165811385,25.860221477494527
0,624,0.16,4.18376115917285,30.470281372459365,26.87583277209187
0,625,0.16,4.1074905603240035,31.117343776858103,26.68751371312091
0,626,0.16,3.894109920743195,31.574197629493202,26.344678414325873
0,627,0.16,3.739400170594445,31.185985929310853,27.095008419495
0,628,0.16,3.923571352897415,30.56311462545733,25.55418012251041
0,629,0.16,3.6935185694803554,31.865693560685802,24.282734202473804
0,630,0.16,3.790530059627302,30.12835265605598,26.153661305987598
0,631,0.16,3.7603793674028045,30.709851279327083,26.870621062559827
0,632,0.16,3.5989332858203644,31.27444332986666,26.966800092456257
0,633,0.16,3.483270619711435,32.3165900299622,26.387384312123025
0,634,0.16,3.5042469834968197,32.699982266273096,26.91034930309855
0,635,0.16,3.6258357343790277,32.795672009994966,27.573815633153945
0,636,0.16,3.876070702990385,34.69187640217918,27.608159941487074
0,637,0.16,4.174171342875973,35.3488325206681,26.981525399064935
0,638,0.16,4.291862052538052,34.68071784177565,27.48395529331105
0,639,0.16,4.498210225354131,34.868801450219,26.537349431681474
0,640,0.16,4.265935462475204,33.72551186793123,25.933949008839647
0,641,0.16,4.288888353745014,31.645366496494894,26.64072908518134
0,642,0.16,4.201718003477988,32.008871956670376,26.190171944789846
0,643,0.16,4.084465866026866,31.90266866007587,26.456750006151328
0,644,0.16,3.9480926906822376,32.66652661349693,25.955473465752195
0,645,0.16,3.663901410670397,34.79323098610617,27.308232562819057
0,646,0.16,3.83883233320096,32.35070914259625,27.415578268676594
0,647,0.16,4.0648819184690765,34.67550016439561,25.850091875096023
0,648,0.16,4.4105181310395185,32.647505286069325,26.986332879554766
0,649,0.16,4.663632644650871,33.48681328633485,26.695022899062074
0,650,0.16,4.55270351357198,32.93205249610698,25.815309467480777
0,651,0.16,4.476713894512425,33.946291135642795,25.949459873173552
0,652,0.16,4.352322683155784,31.90977778810465,26.19973149346923
0,653,0.16,4.331316297858703,32.33056487211757,27.10849007981757
0,654,0.16,4.365143585266667,32.13308855902779,27.692457279363943
0,655,0.16,4.362392706658974,33.26000364424504,27.83710287959058
0,656,0.16,4.484450431430876,33.66486394943446,27.463003190309067
0,657,0.16,4.499745122707709,33.479242901351355,26.387975135736713
0,658,0.16,4.376797546622177,34.7538429778424,26.497865132187226
0,659,0.16,4.231412828274651,32.92984122923377,26.38581744863311
0,660,0.16,4.203338919146388,30.513278237674882,26.913088860166066
0,661,0.16,4.491938554858971,31.574595626108678,27.127388560969365
0,662,0.16,4.663626881909293,31.245563125119556,27.55097340645041
0,663,0.16,4.769246766718761,32.73382125780914,26.620884649066326
0,664,0.16,4.912381714279227,32.96858860245516,25.874538627166807
0,665,0.16,4.894466882025336,32.565057483760434,24.957726811606626
0,666,0.16,4.878341648841649,32.35597848069516,24.88887661468069
0,667,0.16,4.519457391179303,31.25937312193143,26.039046707189616
0,668,0.16,4.333137523457897,31.979287502273227,27.29084572226196
0,669,0.16,3.833689879608974,32.48144121996285,27.74842501666133
0,670,0.16,3.9145347764203557,32.885680305807945,25.86345957675396
0,671,0.16,3.999123917502486,32.34474515426829,27.027624437259004
0,672,0.16,4.114772485432156,31.881831195953875,26.287020992661553
0,673,0.16,4.011545152892967,31.77680928544153,26.236453815117606
0,674,0.16,4.0468807791168295,29.8760682825317,25.5502084190131
0,675,0.16,4.2977301363277665,32.13722014769087,26.25436699522172
0,676,0.16,4.3877894557260655,34.02515207311438,26.157087174489973
0,677,0.16,4.169865421510816,33.802546496372464,25.62281360777834
0,678,0.16,4.593945310796273,32.002093163864714,26.58404883079359
0,679,0.16,4.806523660834105,32.10939151788564,26.229145564369823
0,680,0.16,4.740375586810202,32.643175264858684,26.450295769302947
0,681,0.16,4.441945675055251,32.87127259351168,27.888452390776283
0,682,0.16,4.309176137812427,31.477245852085453,26.56190548868921
0,683,0.16,4.099213194103146,32.00981509331079,27.236607385034116
0,684,0.16,3.8488612352254976,32.54750169267823,27.751868829394066
0,685,0.16,3.5596846737731664,33.9136718095958,27.274433875552084
0,686,0.16,3.2625576449342346,34.013247421827586,25.758383678840097
0,687,0.16,3.199132057197347,34.93529410008267,24.921010544359625
0,688,0.16,3.283567335216131,34.35806643550162,26.48633589941598
0,689,0.16,3.510855612746112,33.68716069640908,25.910195170149574
0,690,0.16,3.6433405306707245,34.791344636754076,25.891360646307522
0,691,0.16,3.9577684841304706,33.40491291587316,27.699887938756806
0,692,0.16,4.078647583495338,31.507629367829715,27.729249619269012
0,693,0.16,4.081713050513687,29.728465487365806,27.84697884781933
0,694,0.16,3.997298284300604,30.345980201695863,26.372561745356943
0,695,0.16,4.02126957355496,30.56012884744763,26.84739370775695
0,696,0.16,4.224706687749086,32.168744376137774,26.896201691921636
0,697,0.16,4.222998966080079,35.48621393008491,27.159407621014306
0,698,0.16,4.444653859157101,35.005121923859946,27.87925927830993
0,699,0.16,4.27796850938897,34.46606996781452,26.622353967664733
0,700,0.16,4.087009633655043,33.19027200565988,25.935102296117957
0,701,0.16,4.072621794176301,32.40372913051437,25.65324070481301
0,702,0.16,3.9002534697337974,35.19474094658333,26.7882037420569
0,703,0.16,3.3477139835496814,33.9642448693577,25.78210595611501
0,704,0.16,3.0434576521280348,33.20874006546551,25.74137001095679
0,705,0.16,3.345689327875459,33.570833779515795,27.19647806581874
0,706,0.16,3.7698523937790585,33.25703470551493,27.587982521861914
0,707,0.16,3.837553294585448,32.7399579715155,28.05940102053932
0,708,0.16,3.574429883719606,32.02623855056682,28.637296447069115
0,709,0.16,3.679534955574771,31.987718030104123,28.17679697537768
0,710,0.16,3.7306718235134766,31.42715549455242,28.233473277645878
0,711,0.16,4.191237869836454,31.970734254798657,28.29574971118393
0,712,0.16,4.563880945008134,29.95882611672353,27.124787738303333
0,713,0.16,4.784631772918787,30.66333131771774,27.53794117586953
0,714,0.16,4.797085221032453,30.95000844490394,25.891668123522933
0,715,0.16,4.771608131746554,33.38155311819502,25.91767093010976
0,716,0.16,4.360400613245067,32.39082455138479,27.298070951108517
0,717,0.16,4.191564979935129,33.69720808936978,26.81630695936872
0,718,0.16,3.779959133532011,33.9704195672094,26.769339006382367
0,719,0.16,3.445426019671246,33.32684448845751,27.467317170351254
0,720,0.16,3.115904712402365,33.03752930743501,27.130395931972902
0,721,0.16,2.73266609199616,33.65587068263781,27.842521610387895
0,722,0.16,2.5149647995712443,33.57664209460785,26.670554920115567
0,723,0.16,2.27659576147865,33.464193039537804,27.77920581039293
0,724,0.16,2.44787951141537,34.97955071121216,27.60106357339423
0,725,0.16,2.297146926238467,33.189392316917484,27.203700730229404
0,726,0.16,2.330677343643937,33.44411987044675,27.330101209704306
0,727,0.16,2.538840680452621,34.57434675086379,26.873281171819063
0,728,0.16,2.7961786709743555,36.64149624412198,25.739966310039836
0,729,0.16,2.867550030406841,33.83574014159428,26.78460301693208
0,730,0.16,2.9848938917011756,32.16833716105896,27.461151130905833
0,731,0.16,2.954913430852408,32.990193756719556,27.626421019737883
0,732,0.16,3.113939560239092,33.12558287756681,28.055543544226836
0,733,0.16,3.037427073501778,32.43075380833823,27.386577048473807
0,734,0.16,3.0268898336542627,31.4771251063185,28.3218751019163
0,735,0.16,3.2198511569420503,33.02674250570575,27.08451250333268
0,736,0.16,3.406740581777155,31.344863455610653,26.454968196646664
0,737,0.16,3.4073364338767935,33.11161280255434,26.203707439361292
0,738,0.16,3.7228925516685094,33.7745253180183,26.77808840739048
0,739,0.16,4.328725041092816,33.718741531807495,28.575095431942053
0,740,0.16,4.805231008479938,34.578216837837914,27.60331042652408
0,741,0.16,4.981424252796881,33.99920023698113,27.44862069198716
0,742,0.16,4.936655261449872,32.85559038105765,27.188226112873387
0,743,0.16,4.6692356087484965,33.36107820983296,27.454743087058265
0,744,0.16,4.141570586705457,30.109663733108498,26.759498591515293
0,745,0.16,3.919752509105776,29.944721553549613,24.59590114898921
0,746,0.16,3.8530074457334926,30.29072240975787,25.172316893576095
0,747,0.16,4.189627195473826,29.14790313201597,25.41182717245846
0,748,0.16,4.516163452588948,29.242070721628004,25.68715100342937
0,749,0.16,4.703527475720479,30.677109136357,25.787635511920534
0,750,0.16,4.7492445188873385,31.284804137022547,25.95019829839539
0,751,0.16,4.448105712893402,33.15387718592633,26.99425326509881
0,752,0.16,4.092433091727079,33.419059567911866,26.79953970797352
0,753,0.16,4.180197206123435,33.545835526126396,27.3614461566
0,754,0.16,4.153292019902019,33.56183023871271,27.420604803243446
0,755,0.16,3.962567581003273,33.03456088558823,27.857068121009476
0,756,0.16,3.7332494456146406,31.226571907296623,28.00594193035763
0,757,0.16,3.4304071484547674,30.370652957621274,27.328400305598866
0,758,0.16,3.4903122808695524,32.21091749014669,27.955431726123315
0,759,0.16,3.6524390421257453,33.618393447251385,27.409317332109904
0,760,0.16,3.6003225697022594,33.16613204955407,28.157127412981726
0,761,0.16,3.45437314761485,29.81830380719108,28.099389009443016
0,762,0.16,3.3732815128990667,31.662048002097567,28.588122198950124
0,763,0.16,3.5103103763675034,30.945288777471067,28.33204487795103
0,764,0.16,3.6859085070128437,30.70445671161068,27.699439728846443
0,765,0.16,3.762795258829976,31.566810147785624,27.322976019011158
0,766,0.16,3.5638440323747713,32.58060705631249,28.567981226323433
0,767,0.16,3.5941339494364133,32.27397403101673,28.657653645347462
0,768,0.16,3.5896875376503625,32.34497886532232,27.33301476072179
0,769,0.16,3.259076610648281,32.897711402126085,26.025021527415696
0,770,0.16,3.2197892639409202,32.423227364054696,27.268719435226565
0,771,0.16,3.2768435312324,30.065458652668955,27.642322838941727
0,772,0.16,3.066543344444876,32.22936305154879,25.36626860737468
0,773,0.16,2.6198240355732882,32.41445531591244,26.484955692857955
0,774,0.16,2.4528869952967756,32.53748473363814,26.493859905691064
0,775,0.16,2.7906552766295705,33.34810814070483,25.65439670392297
0,776,0.16,3.3776598377333715,31.603586448309144,26.38026696907153
0,777,0.16,3.6318708983553987,34.31376463829091,27.141343421198837
0,778,0.16,3.8138861843993737,34.01516660403962,26.800649623009853
0,779,0.16,4.020086969409332,34.321569184421904,28.15738877300613
0,780,0.16,4.2529486416696045,32.628822049715126,26.875699564715244
0,781,0.16,4.4461385433131,33.57528065640638,27.892508148644325
0,782,0.16,4.450342615382465,33.02018652112453,27.595935721571745
0,783,0.16,4.146365610226196,31.549606503921257,28.329600371517166
0,784,0.16,3.8673945271678765,32.366726595106655,27.011092176822025
0,785,0.16,3.7573331173749973,34.70295611298672,26.20033295987391
0,786,0.16,3.5570583463431733,33.87500687485558,27.430735587382216
0,787,0.16,3.363093393984754,34.363528918528004,26.587282817243935
0,788,0.16,3.265296846193713,33.483111276865635,26.55034667473113
0,789,0.16,3.1854191960084255,32.17705434212335,27.010727014763425
0,790,0.16,3.2326048217686285,30.7626807347865,27.977810994573986
0,791,0.16,3.4830200581330932,31.130865111246234,26.97053332907853
0,792,0.16,3.551987033981271,32.905589482887436,26.42826119495204
0,793,0.16,3.348814611524414,32.83585262073969,26.39768929020757
0,794,0.16,3.4393599773649592,33.208225442340435,25.967597463980486
0,795,0.16,3.673185985982944,31.825768688129873,24.95039661487225
0,796,0.16,3.9377844387487584,31.517895594949323,25.76180661007232
0,797,0.16,4.22411413356856,30.726323050239692,25.64867729788879
0,798,0.16,4.329981609742388,33.18653638190368,26.496980504469743
0,799,0.16,4.300513743331228,32.01660682009061,25.59559049058242
0,800,0.16,4.636110746119686,31.69280170310127,26.481562847531105
0,801,0.16,4.706840579603065,32.61004644425621,25.98601669631389
0,802,0.16,4.704552776974669,30.93103276868208,26.356116187001494
0,803,0.16,4.959399940174046,30.254363699023084,25.765400678094146
0,804,0.16,5.272426239240865,30.94752326300793,26.166726176435596
0,805,0.16,5.1844998791961086,33.86770850014429,26.71523707142303
0,806,0.16,4.950804377752057,31.500538349573354,25.75430876140816
0,807,0.16,4.93651367717252,30.79351850317852,25.19513026396358
0,808,0.16,5.06095548872856,29.73450525653078,27.28569035530153
0,809,0.16,5.070797954597277,29.959681685624737,28.45281202285074
0,810,0.16,4.9966674966891915,30.69071515192499,26.75319480427444
0,811,0.16,5.152595592061582,31.64595237747029,27.11622388979622
0,812,0.16,5.071434704353437,31.224939069922293,26.6744579863257
0,813,0.16,4.566850515616289,33.82153323090478,26.092126021156947
0,814,0.16,4.180902937489172,33.0508508810067,26.09491866352759
0,815,0.16,4.1770517799002045,32.99869144931622,26.680957704962747
0,816,0.16,4.09327184934508,33.846832294588,28.06587563742372
0,817,0.16,3.8530205679028353,31.793687061882142,26.66661495102004
0,818,0.16,3.903402076096816,30.73486707527011,25.843102567402646
0,819,0.16,3.5346490730857774,31.225082727776872,26.59379422296074
0,820,0.16,3.5167025222548536,32.002299421070965,26.919140938796012
0,821,0.16,3.5793781304185988,33.296271930709814,27.727416450941423
0,822,0.16,3.745840222311719,32.97088835648281,26.521728156430044
0,823,0.16,3.765474241301121,29.992729996066746,26.12488785243146
0,824,0.16,3.882761261708591,31.368634858797346,27.157127826177582
0,825,0.16,4.054553314770426,31.927999053380162,26.208608369350134
0,826,0.16,4.310606900914383,32.452757994136675,25.934547430446557
0,827,0.16,4.70994303207743,32.98039597908262,27.507812552016727
0,828,0.16,4.90628161402296,35.10990419544508,26.975002514224037
0,829,0.16,4.906569829515494,34.2144148118682,27.391454575846655
0,830,0.16,4.903223189639837,33.449087108970815,27.066705740170004
0,831,0.16,4.808658496168203,32.49646120756155,27.330031440212657
0,832,0.16,4.519280983457557,31.503502884317445,26.210413888310068
0,833,0.16,4.245365262542937,33.23656297238788,26.00380588595464
0,834,0.16,3.9860333237763386,31.634105589484616,25.773678611773686
0,835,0.16,3.6494899846481497,32.36533335181794,26.012552185617324
0,836,0.16,3.636748106833179,30.978578775680496,26.126359627350652
0,837,0.16,3.590355296724007,33.374522250883906,25.62173101710636
0,838,0.16,3.4321960369395477,32.02057712945699,26.43611412016341
0,839,0.16,3.804834693284426,30.671146247522685,25.153615418424867
0,840,0.16,4.296800808192601,31.115095889581703,26.438593211019793
0,841,0.16,4.408489417208289,30.605475723573438,26.575746607799942
0,842,0.16,4.239211297496012,31.84241795547528,24.718204720141337
0,843,0.16,4.125126858083585,30.457898079062453,25.08144192101024
0,844,0.16,4.173791244405798,30.89205198281301,25.18662466324008
0,845,0.16,4.177120031223075,31.86206682223973,24.278247129189133
0,846,0.16,4.087371098846488,30.965302349953753,25.20407348600407
0,847,0.16,3.5863806035583994,30.923495371829034,26.56814638157502
0,848,0.16,3.1620275521047043,32.89705041463635,26.019691100720106
0,849,0.16,3.1260973689214158,31.571807820336385,26.196335397825266
0,850,0.16,3.2147927878990914,32.76581075840369,25.486184142731354
0,851,0.16,3.122827835409123,32.513804351996825,25.800341955894567
0,852,0.16,3.0308234474777187,31.98642365741129,27.002601200321976
0,853,0.16,3.224667124497934,31.615712203149794,27.22225361749274
0,854,0.16,3.5049255386031475,31.333335691563622,26.57744084674512
0,855,0.16,3.8475197664297083,33.10808661605914,27.978602723896852
0,856,0.16,4.4795358444969615,33.224152987764974,27.1737364143299
0,857,0.16,4.7469072001811385,33.75012396882175,27.3815787820304
0,858,0.16,4.769320415882666,33.37707938484429,27.950602342071132
0,859,0.16,4.5174987515615,32.444512736654666,27.558768941464766
0,860,0.16,4.6429586674421275,32.41612842954126,27.134116904933684
0,861,0.16,4.703057602052941,33.76357034022555,27.488910581831576
0,862,0.16,4.7810851724190435,31.884829652433602,26.85831394398278
0,863,0.16,4.647696837093255,30.952205057705072,27.339836632154686
0,864,0.16,4.547643973501634,31.79010299769788,27.948585898707258
0,865,0.16,4.240044338204387,32.51377192535002,28.193519310764472
0,866,0.16,4.047943905074299,32.56551213139884,27.345243170322657
0,867,0.16,3.823959831086082,32.27358338261163,27.326669182762583
0,868,0.16,3.8435560028066873,33.77053658835988,28.19397461969121
0,869,0.16,3.9133834498281272,34.770839183176086,27.449303443723142
0,870,0.16,3.6460088461773528,32.064098354589035,26.20320072309642
0,871,0.16,3.424123575103302,32.92126698429382,24.580750072913748
0,872,0.16,3.398099122902603,32.04136654442546,25.010520344154273
0,873,0.16,3.5685693178711446,32.90105943944252,25.242192889809914
0,874,0.16,3.916311732109028,33.41024639250851,25.888033112006582
0,875,0.16,4.0905197188144395,33.04037026937699,25.90622630372277
0,876,0.16,4.23546041093239,33.60067676605755,26.641457737667984
0,877,0.16,4.172263085652597,31.38758243724409,27.03426111872841
0,878,0.16,4.167200794113384,31.64424240817764,25.37694969315802
0,879,0.16,3.8810727055623726,31.990732474201277,26.157852838895412
0,880,0.16,3.60002170360907,31.5527137908932,25.372264298054763
0,881,0.16,3.5635109903724063,31.208724074197793,24.310895930938287
0,882,0.16,3.5516712603596665,31.853783570294418,25.170417334268084
0,883,0.16,3.5533109156181637,32.44950284635672,25.387617376167444
0,884,0.16,3.639585951092798,32.16324308835313,25.402990202431628
0,885,0.16,3.7550334403875887,33.93734917636426,26.115135386148072
0,886,0.16,3.760938836104123,34.288946464852415,26.38240086706524
0,887,0.16,3.888503972666955,34.44671212395843,26.923220810069747
0,888,0.16,4.0909557407886865,35.788669888074246,26.308084787434815
0,889,0.16,4.077838887775976,34.88314114529231,26.91265223153113
0,890,0.16,4.0091684490932655,35.84470822388574,26.53928643948669
0,891,0.16,4.001759011404706,36.450732479026435,26.46516089211965
0,892,0.16,3.9024550281088217,36.14832579217578,26.363941648302227
0,893,0.16,4.223357857576454,36.11929460654226,24.75488020139999
0,894,0.16,4.442938220368689,34.92213411123505,27.13388555899951
0,895,0.16,4.260002511006932,34.504026408022426,26.23019011606551
0,896,0.16,3.70881779772097,34.49664349842349,26.633500820413456
0,897,0.16,3.4377606707382204,33.40696477886279,26.84667571207628
0,898,0.16,3.4683282180019233,33.4532785264846,26.33460426342853
0,899,0.16,3.5964835737259717,33.87514205107423,27.370436279137653
0,900,0.16,3.700118167880065,32.94855005805375,26.55982930451062
0,901,0.16,3.9730653586744955,30.589058430225368,25.363357113957246
0,902,0.16,3.9319098323241124,31.96397396889944,26.861645044865348
0,903,0.16,4.112953428696474,32.89357727532364,27.26315640869923
0,904,0.16,4.426833482702394,32.69240306174332,27.975046660589104
0,905,0.16,4.6179940214502775,31.282223744549878,26.854867394080625
0,906,0.16,4.959687985774166,32.62962634167014,25.98265738999616
0,907,0.16,4.784794031137365,31.37289206351394,26.27705985586322
0,908,0.16,4.598258983525721,32.82728188984292,25.98677610054798
0,909,0.16,4.154399080406389,31.407583418174372,26.19364371212423
0,910,0.16,3.7940694681652203,31.114512485019134,26.9790278797308
0,911,0.16,3.338616022056187,32.03935519845305,26.12138714581013
0,912,0.16,2.875186410979798,31.670755719471433,26.69524319890152
0,913,0.16,2.7385649793527804,31.984232058860897,26.61587939759108
0,914,0.16,2.722656544590948,31.94090098034512,26.560934783708756
0,915,0.16,2.7621646418463515,32.04492774730295,26.340810035173977
0,916,0.16,2.91983650226459,30.250950824297384,26.88678226252745
0,917,0.16,3.15558611386513,31.445916425119922,24.839554214152084
0,918,0.16,3.6262071657334842,33.01454754646333,23.820411254026812
0,919,0.16,3.792451457834581,31.274061946657365,23.625598712152783
0,920,0.16,3.643461628706693,31.340517374553404,25.54033989387388
0,921,0.16,3.5589681990937363,31.029228099170048,25.03691271084902
0,922,0.16,3.274789880308421,28.07402642401734,25.331648759635662
0,923,0.16,3.119966547596755,29.264847892845417,25.12837306351868
0,924,0.16,3.150511728438172,30.97805489945511,23.942961365431408
0,925,0.16,3.1105193308095185,32.16200806875625,25.473800558589158
0,926,0.16,3.1086538098289607,33.63879139047485,24.921897596704216
0,927,0.16,3.086073657394562,36.50076616325999,25.849170167979032
0,928,0.16,3.3582000522819024,37.764657829925454,27.292054804339607
0,929,0.16,3.522835872344997,37.69106331382073,27.978422410150806
0,930,0.16,3.6373556320024383,36.516844639102814,27.154845787384904
0,931,0.16,3.923172785997342,34.987689191154544,27.585924568716504
0,932,0.16,4.150023229474169,33.93242327763196,25.983048645666244
0,933,0.16,4.184206202849984,34.16531791536064,27.327244077524714
0,934,0.16,3.941227157695425,32.87132493569668,27.723253889033717
0,935,0.16,3.945099816859473,35.742430467021556,28.057476041153237
0,936,0.16,3.9030148554350146,33.66620233772814,27.259749484587037
0,937,0.16,3.5891569117695217,33.23415652818573,26.903827313083312
0,938,0.16,3.639113085491989,32.93689619039896,26.354904129861325
0,939,0.16,3.616717571883331,31.486499801625396,26.72925969587651
0,940,0.16,3.712195239499996,31.15964126714447,25.781615634806947
0,941,0.16,4.261558015446139,30.260884992137527,27.262831848321767
0,942,0.16,4.652170326517509,32.18958782944321,27.611365186153552
0,943,0.16,4.657956494124071,32.46354903808905,28.696452888386336
0,944,0.16,4.597066408042499,33.62247719818531,27.676538323123005
0,945,0.16,4.643198944334352,32.35328539880973,28.285016145732868
0,946,0.16,4.653057632835245,32.06035228829418,28.72982245244723
0,947,0.16,4.606965799546942,31.878287482522612,26.021691780217097
0,948,0.16,4.573373447035137,32.99384882644989,26.332085993295557
0,949,0.16,4.519767190741012,33.42994121865189,27.317662201344874
0,950,0.16,4.4472076758682455,34.977421805924905,26.70364858612768
0,951,0.16,4.5632578858935675,34.04329218862454,27.2474057602009
0,952,0.16,4.58502161983576,36.07854676020885,27.118570960408306
0,953,0.16,4.598940570413211,34.30344791532906,25.541441946010245
0,954,0.16,4.202372089917156,33.42174108109709,26.4451903654625
0,955,0.16,4.106167122690926,34.57468980377164,26.24523541030093
0,956,0.16,4.039327697305888,32.41745846063499,28.120800306062627
0,957,0.16,4.124186086661018,35.38902406827967,27.749259782436823
0,958,0.16,4.182261984874079,34.75132425667235,27.324055758066322
0,959,0.16,4.22261255865721,34.199311836524416,27.275723675418902
0,960,0.16,4.53308546826618,35.08058082140312,27.363179185964505
0,961,0.16,4.6318373092360225,34.40668742894408,27.292732746706314
0,962,0.16,4.495001068884479,34.636352927738116,27.44752329444924
0,963,0.16,3.9548284098480524,33.78435203526707,27.217137846372367
0,964,0.16,3.618452941973758,32.85192060574271,28.090140862569072
0,965,0.16,3.248970134104918,31.750267907298994,27.175666022218618
0,966,0.16,3.265283335498599,31.39172784471866,27.015301598783395
0,967,0.16,3.2653550536731974,33.18112876140163,27.570566966500586
0,968,0.16,3.51156368733275,31.85210756113805,27.246673400462353
0,969,0.16,3.9514835067546374,33.208136478545136,27.34453460223608
0,970,0.16,4.301348269524588,32.81698960430968,27.523534054933634
0,971,0.16,4.556703351604326,33.22039026527721,25.49161320339426
0,972,0.16,4.556254304843833,31.87490859904415,25.61026850372411
0,973,0.16,4.462911376290909,33.52242634663258,26.293684622350277
0,974,0.16,4.469849483180196,32.780802655601384,24.500455975123316
0,975,0.16,4.535407177459659,33.30104967944626,25.916189901787046
0,976,0.16,4.6196591355784395,32.13803448374616,27.94608388862139
0,977,0.16,4.615689609871047,33.01757942704454,28.532158141296215
0,978,0.16,4.403699172683056,33.27119586634272,26.613960834709694
0,979,0.16,4.380710579581131,33.928683895328085,27.348835683612222
0,980,0.16,4.207910772135651,35.01324730915847,26.539463114223263
0,981,0.16,3.896722866987374,35.170296631499504,27.88967106400474
0,982,0.16,3.6160174483717347,35.21241939013446,27.829931305924514
0,983,0.16,3.294465787774776,34.40879830145492,28.09053848487242
0,984,0.16,3.572528505292979,34.63249129865663,27.128901129238255
0,985,0.16,3.5680832667920757,33.91824865858302,27.41710772905587
0,986,0.16,3.7134858691626387,33.4351570250134,26.945073803880003
0,987,0.16,4.141737066320972,30.48895148886,26.166637965134655
0,988,0.16,4.338317195900346,31.568513374015176,25.504473479316395
0,989,0.16,4.505860205140587,32.65913294454299,27.970666272764255
0,990,0.16,4.6749494446826505,33.72574547665134,28.89926612469424
0,991,0.16,4.570694840508897,33.77630248816072,27.72734140077406
0,992,0.16,4.264741265609584,33.86979514515035,27.86285168611051
0,993,0.16,4.140630908264892,33.66548082010151,27.967581479594102
0,994,0.16,4.17351355925394,33.083365903359784,26.99270863377821
0,995,0.16,4.087835729268843,32.91851478537005,27.42279311997158
0,996,0.16,3.9451478721287434,33.2522318850567,27.14544366105959
0,997,0.16,3.9012531081901916,32.11490822397129,27.60718106005853
0,998,0.16,3.822675196935572,32.622710166244175,28.19154156480562
0,999,0.16,3.8434064985487635,31.369928739848465,26.32885423770064
1,0,0.14,6.5225378953543895,29.55208880452627,23.88299017312525
1,1,0.14,6.578184115556363,30.864709734053694,26.165572889363595
1,2,0.14,6.041688466900393,32.8596735378597,25.641899765598946
1,3,0.14,4.8621484533008275,33.33720052164712,25.325184180241518
1,4,0.14,3.9525303621362666,33.898311239215275,26.288522743985176
1,5,0.14,3.515340514702203,34.584520415569514,25.23525913286554
1,6,0.14,3.4370206581191276,34.486268228802224,23.627723959024426
1,7,0.14,3.482342924624822,34.21709084745926,24.335231176903413
1,8,0.14,3.73311580315527,34.73228288942444,24.432492492101474
1,9,0.14,4.25872823963576,34.291241114352275,25.44644885877668
1,10,0.14,4.902672949445235,33.63907127825106,26.139288400026096
1,11,0.14,5.423589582129747,33.47602957121906,26.8610952822074
1,12,0.14,5.771740274872986,33.83850073375623,26.01843708614376
1,13,0.14,5.867255004758717,33.04079369932378,27.162883294185367
1,14,0.14,5.493378915020062,32.341981004776095,27.8862664524574
1,15,0.14,5.051287713911497,31.841385463280886,28.081046827001312
1,16,0.14,5.006839132570931,34.01574166485266,27.721079121360326
1,17,0.14,4.813074638903299,34.034961396608175,27.41017738541964
1,18,0.14,4.72923510053696,33.35981755407024,27.61397844704406
1,19,0.14,4.426723943049945,31.39842518405735,26.403684923598135
1,20,0.14,4.112575190528607,30.830329626792196,25.260921575281778
1,21,0.14,3.830495425001782,30.210937003719117,26.21398438628859
1,22,0.14,3.674345553041548,32.42441365522774,26.849861685230398
1,23,0.14,3.4709338698666983,35.04130606031706,26.437628152815055
1,24,0.14,3.607862448133448,34.43265929634561,27.45134266813211
1,25,0.14,3.622274192298956,36.622173765092164,25.255855186642446
1,26,0.14,3.7588899119382795,35.653255043712605,25.181147271085536
1,27,0.14,3.8190730199811025,36.35579028777138,25.92685935663969
1,28,0.14,3.9362150911805887,36.190977390171184,26.57650078690055
1,29,0.14,3.613199782641947,34.598680594827556,26.32104679380844
1,30,0.14,3.492325036288014,35.34289865938629,26.850527571799372
1,31,0.14,3.5029289229789033,32.97245759472841,27.883316328418566
1,32,0.14,3.78077172763645,33.67210669244667,27.444846194851863
1,33,0.14,3.9919897098020063,33.67664519000424,26.633975316513652
1,34,0.14,4.154452094271234,33.24351718297508,26.197104447824838
1,35,0.14,4.466949196695405,34.14321828643646,26.184116674403217
1,36,0.14,4.597705891847156,32.49980191989322,26.760512216846383
1,37,0.14,4.5982052476208395,31.764819127605264,27.674526700241085
1,38,0.14,4.2303588869904445,32.89936133798328,27.66406511671546
1,39,0.14,4.006226156343993,34.45638396232981,28.45419383594576
1,40,0.14,3.840503634837405,33.7739573957576,27.673764308254754
1,41,0.14,3.8927651095538476,34.40185973458943,27.969280750233047
1,42,0.14,3.597593867354952,33.65239216368368,27.436504443484303
1,43,0.14,3.3605881498907535,34.64312587466587,26.432080551557032
1,44,0.14,3.5881394866967122,33.90675831908988,26.663603281573106
1,45,0.14,3.7069135251365606,32.61499339576225,26.756432716644955
1,46,0.14,3.8353978379902918,32.635184130243715,27.092854402836164
1,47,0.14,4.1629580278863605,33.13637103304919,28.148186377236527
1,48,0.14,4.61080834539539,34.2672424855413,27.43047659168478
1,49,0.14,4.790271472990026,35.42370095945751,26.565978382429872
1,50,0.14,5.044225168575502,33.349045092632494,26.659772115549597
1,51,0.14,4.984371423505374,33.972262868513326,27.165292610490102
1,52,0.14,4.675151619558068,33.34352776417875,27.423337979624975
1,53,0.14,4.658871924396981,32.76060622974949,26.84642951498703
1,54,0.14,4.464511504355266,34.79816965118411,25.772387750914184
1,55,0.14,4.223455402098991,33.89450484293029,26.281468225300774
1,56,0.14,4.102545332173785,32.61383865090058,25.567977128054668
1,57,0.14,3.8310372081855486,33.35742575258525,24.702152678348654
1,58,0.14,3.5446199787392807,34.715221839929846,25.42340876688263
1,59,0.14,3.190869826098883,34.19750011271926,26.102746291171112
1,60,0.14,2.7002612619848065,33.7518751857274,27.38771560588739
1,61,0.14,2.211482839587155,33.221451723666235,27.868734621961146
1,62,0.14,1.9966933003479186,33.142119273683846,28.035737024219152
1,63,0.14,2.304605920172224,31.432058027931234,28.505278418638394
1,64,0.14,2.627207999726945,34.196636064186954,27.41667957275763
1,65,0.14,2.7058429408857867,32.73017764766114,26.93765901450539
1,66,0.14,2.8249769194889294,32.85577366714894,26.937176369770853
1,67,0.14,2.768460158826394,35.0397428542223,27.347447899130565
1,68,0.14,2.9542192824265197,32.11718836825192,26.181896638881412
1,69,0.14,3.2593686676413256,30.703542264564497,25.168266481840863
1,70,0.14,3.2796029673022313,33.478441282827625,25.110339643766597
1,71,0.14,3.179823628829519,32.86126191325042,25.694166775956738
1,72,0.14,3.24553104418278,33.22000323641015,25.301208956625942
1,73,0.14,3.0579831830763884,32.279346869580166,25.592517771800516
1,74,0.14,3.089545543506839,30.766788178565356,26.067731971918583
1,75,0.14,3.3463047014773992,30.205601945184437,26.578515088304375
1,76,0.14,3.905261050093268,30.84317137415773,25.55990374415608
1,77,0.14,4.106842948375125,30.472876156394374,24.475453404922423
1,78,0.14,4.342259535315542,30.574357348604384,26.14605981287433
1,79,0.14,4.43367059722326,31.273812752358474,27.529173027655677
1,80,0.14,4.608222661351037,32.29825656592822,25.74054272672823
1,81,0.14,4.921366123801861,31.28656660475418,25.616614747050573
1,82,0.14,4.71639794370464,30.921095096818338,25.027110125391143
1,83,0.14,4.4311288450912585,31.230491231205924,23.005793007802044
1,84,0.14,4.097516788569086,31.321527964029823,25.869603418605422
1,85,0.14,3.7662158571290814,32.18498806117271,27.27025427223895
1,86,0.14,3.174407306280008,32.62619208291934,27.260461588827557
1,87,0.14,2.5810723190724527,33.28321885881014,26.974686183169744
1,88,0.14,2.3621601317767005,31.99821507290414,25.96841233152385
1,89,0.14,2.587551159713229,31.613971811392744,25.46099236875612
1,90,0.14,2.849441981780987,33.60111962544316,27.09700968100903
1,91,0.14,3.585483620446065,34.56326862699943,28.119150531985714
1,92,0.14,4.291956303912938,31.769510361865084,29.198763239096586
1,93,0.14,5.104484083050947,34.2754220973552,27.844409388756045
1,94,0.14,5.5171942630864255,33.670420838700494,26.450979102629464
1,95,0.14,5.359112785059752,33.35948264948055,26.65909901251515
1,96,0.14,5.112744297880056,33.051617033516244,26.25800619985222
1,97,0.14,4.6840140619013235,32.19617177218696,26.924769455412044
1,98,0.14,4.695426981285563,32.61329754107703,26.960611336479133
1,99,0.14,4.842284916527684,33.47367582272977,26.066729918783707
1,100,0.14,4.620976095815208,33.841718739207174,27.568443983025052
1,101,0.14,4.552944238351994,34.80328971467866,26.004414797155246
1,102,0.14,4.445600265260468,31.627442699538676,26.303072609164328
1,103,0.14,4.299739708688128,31.704754781394932,25.47545238479738
1,104,0.14,4.5008259090089755,31.445966966642185,26.198226796696254
1,105,0.14,4.679399784873155,31.810913113157362,25.54170950031433
1,106,0.14,4.745825562940131,33.14502846208404,25.525922016243513
1,107,0.14,4.494031272585954,35.59601813906805,25.55047498988586
1,108,0.14,4.189792783859627,34.53679171818208,26.599044606803414
1,109,0.14,4.159080362298888,33.37591660057335,25.96460748799868
1,110,0.14,3.903242912767205,33.25552096613151,25.27333039472317
1,111,0.14,3.9161311894380306,32.09201961354892,27.105792722237894
1,112,0.14,3.755513359574531,33.22197589691671,27.48544660563079
1,113,0.14,3.7847189123347276,32.794463934988286,26.227128625561996
1,114,0.14,3.8556909234252115,32.01085405938991,26.708910951517968
1,115,0.14,4.0963457445075075,32.855947062209346,27.232774595577155
1,116,0.14,4.582075690321945,31.044466840497368,27.4108623221532
1,117,0.14,4.824675016119704,30.77512575398146,27.775054044882705
1,118,0.14,4.969826235551292,31.38067388178556,26.240292416221944
1,119,0.14,5.0258709878181715,33.3787831354097,26.876954206405202
1,120,0.14,4.791194916076236,34.54153066289791,27.120443793300257
1,121,0.14,4.786011562172841,32.7268525883408,26.55270407894236
1,122,0.14,4.660982975861772,32.9111825709757,25.804891582799673
1,123,0.14,4.390239883530029,33.349713375458954,27.24001783064818
1,124,0.14,4.10325196115778,32.32070866285236,28.03494533679776
1,125,0.14,3.776089702734872,32.45380658936305,26.322793929891127
1,126,0.14,3.8141254928537176,32.161976830627836,25.570894906351462
1,127,0.14,3.667816960160265,31.911594456022318,25.61992856252057
1,128,0.14,3.4885559101457417,31.91961018167083,27.980638370687917
1,129,0.14,3.3765970225270205,32.624746139051844,26.892707684213136
1,130,0.14,3.396878997485392,32.647053235582575,27.866385114045087
1,131,0.14,3.3481057885692094,31.98669636938843,27.529435710226757
1,132,0.14,3.3631914571930324,29.705266075964037,26.29697584000002
1,133,0.14,3.1836531698828328,31.896070965494182,23.14025496115003
1,134,0.14,2.9820792361931567,30.223017698299497,24.380532529629306
1,135,0.14,3.036715214401924,28.15371258783008,25.359354204304953
1,136,0.14,3.449096087011089,28.82404780052582,26.077420232622266
1,137,0.14,3.920508604579891,28.346559018214602,25.2973049356463
1,138,0.14,4.254272077582487,28.539706416969317,26.035596722531157
1,139,0.14,4.427871627466864,28.29825673063042,25.98321393703098
1,140,0.14,4.754592650506562,29.971953298172927,25.562940046289096
1,141,0.14,4.994883332990385,30.367123216683165,26.115917708420927
1,142,0.14,4.861165936788513,28.922520446566995,26.039372410863233
1,143,0.14,4.685668330914732,31.558690989255034,23.740499534111173
1,144,0.14,4.440156526474956,32.73151595657373,25.208332438999683
1,145,0.14,4.159074186254194,33.25418029486238,25.547022441118077
1,146,0.14,3.741817558225872,34.31405199455435,24.972105033395522
1,147,0.14,3.4225058952496075,32.34913041009102,27.247736923361753
1,148,0.14,3.2806614972985013,33.55098746310732,28.879820086357824
1,149,0.14,2.9305663865239557,33.06623377352234,27.507936599700134
1,150,0.14,2.886818902405655,33.765680639119786,26.879728098237624
1,151,0.14,3.1273618937526395,31.628108041068614,28.421860909766135
1,152,0.14,3.4280240955791066,30.89455138937945,27.51425509462228
1,153,0.14,3.5244932146728667,32.406517240761275,27.054770083685792
1,154,0.14,3.6127240333784583,33.70211501562421,26.900558394610457
1,155,0.14,3.832007791048809,34.212138045102385,25.41880501703304
1,156,0.14,3.591932812293785,34.7855186364214,27.549953639762965
1,157,0.14,3.546294980252675,35.45909373383892,27.488058609351977
1,158,0.14,3.4524889094840803,34.99204448632832,25.514967983045462
1,159,0.14,3.4661301412155288,33.923430777045475,26.530292377195824
1,160,0.14,3.496922200530032,33.61802543684011,27.58868400401317
1,161,0.14,3.870747197425488,30.725912180768653,27.921992189538198
1,162,0.14,4.195216483005012,32.049764712069525,28.134397288190357
1,163,0.14,4.913856886936824,33.261596806660634,27.460085547334373
1,164,0.14,5.2111406232221125,32.63745113977199,27.14574070356265
1,165,0.14,5.230015436649058,32.464200504445564,27.10999600204037
1,166,0.14,4.723308030054651,31.109337583798457,27.01778365367907
1,167,0.14,4.347592795304365,31.559980091266045,28.011173183371827
1,168,0.14,4.436347859499159,32.62661922134137,27.93156864599432
1,169,0.14,4.458347794156066,34.04140937093534,26.72974837774948
1,170,0.14,4.58774182736625,34.91433235574639,27.46535915017427
1,171,0.14,4.514368614127369,33.27950860792829,25.9345054919373
1,172,0.14,4.389284018942059,35.76287014321312,26.47704195381724
1,173,0.14,4.045826145260821,34.646813636135164,27.575588956954732
1,174,0.14,3.6602427230530665,34.81739817403886,28.028528561020718
1,175,0.14,3.4860204312923257,35.831646015787754,27.034185865555386
1,176,0.14,3.636325351027417,36.390658004276645,27.97332803505293
1,177,0.14,3.8641751386778673,34.189827490746325,27.758543021040843
1,178,0.14,4.172312357330427,35.946844128661226,27.810916622041727
1,179,0.14,4.477138814925002,34.511427747808,26.804455939954178
1,180,0.14,4.83194228157055,33.65968547114892,27.366664288718454
1,181,0.14,4.718984670844416,32.98498166288527,27.638122032409008
1,182,0.14,4.511231207435356,33.79263817139165,25.7914321964284
1,183,0.14,4.699178315002181,33.62283713153126,25.214414451997158
1,184,0.14,4.754146394163238,34.238980635050034,24.973402287695695
1,185,0.14,4.872800281154899,33.59206718938644,25.363248477001946
1,186,0.14,4.723172691105079,32.81802344694199,24.74616663859066
1,187,0.14,4.494767656135967,31.733306514274382,24.256300503992986
1,188,0.14,4.403089615176554,32.57423372798548,22.715126227301315
1,189,0.14,4.388193340386559,33.41001939332736,23.135667820063166
1,190,0.14,4.5491006990554625,32.73746591464175,24.397362179460213
1,191,0.14,4.520823333277922,31.134260298886858,25.247461556618514
1,192,0.14,4.224796739043796,31.14470050999985,24.308808604960408
1,193,0.14,3.7063833407895315,30.945713229592855,26.149392153588813
1,194,0.14,3.5490617303151653,29.994292057625017,26.82111203683354
1,195,0.14,3.827013997977263,31.24263898263317,26.220446087526447
1,196,0.14,4.298506318972717,33.66478419371079,24.54039229980925
1,197,0.14,4.51486780179835,33.60260912593759,25.33912976924409
1,198,0.14,4.472970764584387,32.879855824861984,24.73705399072853
1,199,0.14,4.361030546268721,33.16521914048685,26.165466251497417
1,200,0.14,4.187997389371889,33.477014289643655,26.03745645052068
1,201,0.14,4.448225691329231,32.37756074509214,25.718783169633557
1,202,0.14,4.289407741778406,31.706117259960106,25.716743174305083
1,203,0.14,4.189698570965647,33.327037901624266,24.484053947165425
1,204,0.14,4.300002290401625,33.201990244453,26.630357880474758
1,205,0.14,4.653053589810721,34.29410615916247,26.189643372334455
1,206,0.14,4.783056440525343,34.01933050011769,23.902373338660766
1,207,0.14,4.78184336171547,34.61163877703741,24.804437925954524
1,208,0.14,5.12260727422473,32.819124479673306,25.85803748140653
1,209,0.14,5.328926736347354,32.55849394261871,25.270191037462748
1,210,0.14,5.201412488587674,32.80445979188802,25.044789411989978
1,211,0.14,5.103239491906092,33.455830221334686,27.19660265070145
1,212,0.14,4.570173415408942,34.89909967679429,27.41667498544806
1,213,0.14,3.95854714158536,33.346227304316635,26.503018363966884
1,214,0.14,3.426970933254534,35.2385937421848,26.15312988508803
1,215,0.14,3.1583849164727824,33.714021108059306,26.56261378767767
1,216,0.14,3.360000721160326,33.15242956972927,26.28903415694639
1,217,0.14,3.7349812710466015,31.242142973275758,26.318838326584693
1,218,0.14,3.876469017605328,31.700271281286696,26.92899871744285
1,219,0.14,4.105546372428006,33.389561266877934,27.232985341432205
1,220,0.14,4.102953193828623,33.971470052779644,26.830488407857032
1,221,0.14,4.460362187102583,32.145017195380845,25.52014621896624
1,222,0.14,4.6910570061382435,34.131683856781315,26.59114928866274
1,223,0.14,4.611972723623273,34.032730991371444,26.504653552167643
1,224,0.14,4.90409808510282,34.28833381428176,26.81811355662384
1,225,0.14,4.921725166772538,34.301851615065154,26.70999998938473
1,226,0.14,4.604755400327395,31.960449409927236,27.1352036890193
1,227,0.14,4.543576173019606,33.53191714412132,26.30169985431133
1,228,0.14,4.502930473778567,32.5982352132806,27.73301335480577
1,229,0.14,4.565713993494964,33.132014802672295,27.30273292181583
1,230,0.14,4.454822027725936,33.58228352666456,26.582164734304087
1,231,0.14,4.265412287871734,32.51127858688481,26.801312257523826
1,232,0.14,4.197873678586837,33.21415471478021,27.408993086629764
1,233,0.14,3.9499369319942232,32.35252368711542,26.878517601014003
1,234,0.14,3.8490243536608637,32.47820769902374,27.57782420844781
1,235,0.14,3.9770385509222743,31.01980416454048,27.188890651062415
1,236,0.14,3.8046230389520113,32.13629740556793,26.699737965494407
1,237,0.14,3.4753049602117456,32.49548284253769,26.33449545058674
1,238,0.14,3.334524437430562,33.199688936992665,25.847063732634282
1,239,0.14,3.4814660097290435,32.59671228176635,26.465893246818446
1,240,0.14,3.4766312506547763,32.822527368060356,26.491975969218448
1,241,0.14,3.762816969814969,31.694838528405498,25.677619440005568
1,242,0.14,3.980715452818913,33.29276630970161,27.181859001957733
1,243,0.14,4.1341261726203955,34.16886140194628,26.683194738219985
1,244,0.14,4.196481604439143,35.75261410204032,27.424304651286477
1,245,0.14,4.13642836371941,33.69699520934559,27.369366077897453
1,246,0.14,3.9717760893754197,33.346736035541376,26.008736590152743
1,247,0.14,3.793128336181452,31.38594154581302,25.94435379258711
1,248,0.14,3.7720166811808977,32.321312002796866,25.764969047252706
1,249,0.14,3.8367555307169154,30.190242220156485,26.808425091796842
1,250,0.14,3.810521357130097,32.848351570294035,26.302339374643772
1,251,0.14,3.9758932610900772,32.74853919374642,26.357096389019603
1,252,0.14,4.260613048215554,30.994648168062877,26.53656754916648
1,253,0.14,4.3382019719282345,32.24812486696621,26.153235625566886
1,254,0.14,4.239756952957406,30.816367077143667,27.999153588673913
1,255,0.14,3.7514356755904026,32.02072188722588,27.8324536841871
1,256,0.14,3.7390641584095805,32.15540097019351,27.92334020184224
1,257,0.14,3.7945458604140985,33.01158900634333,26.872858158995747
1,258,0.14,3.579745929873052,33.07956392804134,26.265345322582927
1,259,0.14,3.2730926511943457,34.76743743280449,27.00783883983416
1,260,0.14,3.116402939299172,34.800833841575574,27.11938614118242
1,261,0.14,2.9548374858008466,34.48489996969685,26.28298970322655
1,262,0.14,3.164563043092934,32.72459322940837,28.016976269482267
1,263,0.14,3.4829661224512907,33.285285403936385,26.816724617768923
1,264,0.14,3.454736996836811,32.55004836855177,27.051553362171674
1,265,0.14,3.5361732809902406,32.91669251747183,25.152755360412815
1,266,0.14,3.7154454441530764,32.67142402545562,24.993409789573906
1,267,0.14,4.1136247965888595,35.86654013083645,26.621399835896668
1,268,0.14,4.555485632596307,35.47662854751269,25.33021636884504
1,269,0.14,4.834310052666506,32.950840224659466,25.77157736409042
1,270,0.14,4.747844034004434,35.62570038070537,26.169244231895327
1,271,0.14,4.5409424794577085,34.27169565259523,26.12629201020421
1,272,0.14,4.213653914838996,34.56708251241033,26.830378099281884
1,273,0.14,3.9890401760616165,34.13073805537608,27.597448642836657
1,274,0.14,3.7254387557314317,33.57496314023612,26.657797916556763
1,275,0.14,3.6239633945342873,34.4178683768639,26.739944750744996
1,276,0.14,3.619880889547143,34.46975629630268,26.728658787380365
1,277,0.14,3.670083244364535,34.08679627862799,26.346557131529607
1,278,0.14,3.4575232139949703,31.799211191112406,24.978827084924355
1,279,0.14,3.4492329188225233,31.570950153069646,26.07549080961302
1,280,0.14,3.6190142906369664,33.09715765825001,26.948101554991197
1,281,0.14,3.639626782397714,33.11702166522807,28.373225607440478
1,282,0.14,3.679810507485409,34.0755717981645,26.411734860981305
1,283,0.14,3.8955842430601155,32.61160354249453,27.44885170606182
1,284,0.14,4.02247230324617,31.884822931155952,27.386487748891064
1,285,0.14,4.133815275965349,33.30418044742061,26.00972834434147
1,286,0.14,4.197454214462339,33.03462733385257,26.462518086005602
1,287,0.14,4.405402387025371,33.10909461175653,26.738797070400878
1,288,0.14,4.7744628819197565,34.45432179215306,27.26905417726811
1,289,0.14,4.815203107949767,32.896376410374735,26.160173224089622
1,290,0.14,4.726741970875834,32.06341259071232,26.47819167530804
1,291,0.14,4.967176693203097,32.11194159493739,25.642112038488857
1,292,0.14,5.172286982958248,31.16480310975074,24.946306115351078
1,293,0.14,5.261615011711539,31.932158594355386,25.940754168779804
1,294,0.14,5.599001479977743,29.954164673769263,25.28628205937518
1,295,0.14,5.584834964890463,30.209860152407813,26.04862600263758
1,296,0.14,5.08385307474395,31.525057443617975,26.383018626676737
1,297,0.14,5.036876311752372,29.627179556867492,25.720445678019768
1,298,0.14,4.993975230975891,31.00101397572849,25.436276540659538
1,299,0.14,4.6797151769794985,32.031505540249654,25.637213980339776
1,300,0.14,4.614879948555764,30.81744238707796,26.65602470781632
1,301,0.14,4.464856250118182,29.724927242951022,23.126342510236526
1,302,0.14,4.253692755245491,29.429675777792877,24.10548613349558
1,303,0.14,4.366546274885618,29.98773370853296,23.939160180560034
1,304,0.14,4.162739145461083,30.752810716216953,23.310818121539914
1,305,0.14,4.331124696728857,31.243156378597078,23.738022371466243
1,306,0.14,4.242791253409694,29.283053803182042,25.447785934522354
1,307,0.14,4.518833717802133,30.584258700851358,24.101103688568855
1,308,0.14,4.92882145604814,30.224960555797068,24.27805486495837
1,309,0.14,5.05831388096416,29.845783653891246,23.980801577439703
1,310,0.14,5.093260676445698,29.242788004844847,23.10888536587918
1,311,0.14,5.153685610465622,31.975004083066118,24.23282168048619
1,312,0.14,4.9710000942531956,31.03988576616145,25.50986085247357
1,313,0.14,4.737242757254241,30.95073446291475,25.643802274731172
1,314,0.14,4.50278507315784,32.447024560538374,25.380691475434737
1,315,0.14,4.3015837340166065,31.881953557835537,25.93274237610554
1,316,0.14,3.95539648558496,33.34217465672509,24.386113456640167
1,317,0.14,3.705099547346611,31.273396631663132,25.24654774157186
1,318,0.14,3.2443416936420344,31.180743996468802,26.2211059452606
1,319,0.14,3.2698305373836685,29.200155233668585,24.803469833221428
1,320,0.14,3.6935499422684828,31.572843036359693,26.296991732837803
1,321,0.14,3.794744391853516,31.021282639420523,25.416328521231964
1,322,0.14,3.7384163721199255,30.357601136544346,25.771919886574814
1,323,0.14,4.141205416867624,30.933613593720224,24.942153473046062
1,324,0.14,4.242349721186374,30.566541463856545,24.813630195523615
1,325,0.14,4.2856201019959395,31.761882182418884,26.51701108859823
1,326,0.14,4.239158196654606,33.69577993207387,26.55396128057199
1,327,0.14,4.086117407362508,33.36194460066416,26.275917408416422
1,328,0.14,3.6787242192520133,32.711372447110556,26.237152425468633
1,329,0.14,3.5863417512312177,34.08245028190485,27.309343840065793
1,330,0.14,3.7282584248288413,33.85618327314192,26.755337921146722
1,331,0.14,4.031394723769383,31.813690462182702,25.783399781340957
1,332,0.14,4.15788161675288,32.35450641307099,24.538544565048053
1,333,0.14,4.066427027223766,31.26347551039644,24.365896040559743
1,334,0.14,3.689384638407483,30.866602370473004,25.898129039371952
1,335,0.14,3.618701575027056,30.501135825492767,24.05967240969051
1,336,0.14,3.7600745087688505,31.640239001720687,24.119357482146068
1,337,0.14,3.8777109261930742,31.836074036515143,25.87375306683537
1,338,0.14,4.247192970693221,32.40707562927979,26.0202581066445
1,339,0.14,4.770542092031161,33.009047460053424,25.447262472570113
1,340,0.14,4.961413031339044,33.216648323607686,25.257619573725812
1,341,0.14,4.966027975418793,33.95431126196113,24.15719932433785
1,342,0.14,4.536713676639309,34.415275265419744,24.804326805483424
1,343,0.14,4.423204445146466,32.33936741577569,25.836245239102027
1,344,0.14,4.054713541715903,31.85449533165628,24.836565768701963
1,345,0.14,4.149106081681242,31.480853748351,23.47114308737884
1,346,0.14,4.407379670341168,32.782165790932616,23.799121215239488
1,347,0.14,4.516517906143716,33.57018074385745,24.279576148715257
1,348,0.14,4.669519334825174,31.949419782103302,26.705590632057753
1,349,0.14,4.5069927107940675,33.327564643486234,27.166058701000924
1,350,0.14,4.236866277908745,31.80706369638418,26.62604703821329
1,351,0.14,4.019239416857693,33.52144901383621,26.361654249907488
1,352,0.14,4.023574988243718,32.35387976914998,26.523945255587396
1,353,0.14,4.019812599768895,32.01187976694095,26.06034792882133
1,354,0.14,3.960906491562283,33.32142976947341,25.163028568068658
1,355,0.14,4.0236332753358806,33.14610568256233,25.876219728946353
1,356,0.14,3.3959403649995274,31.425830063127005,27.099844124728914
1,357,0.14,3.164671362873058,32.37681984556548,27.695697707193926
1,358,0.14,3.3290793431109824,32.41591695888482,26.74952567376309
1,359,0.14,3.53767369587833,32.99012804187585,26.248080763505076
1,360,0.14,3.7651033386682657,32.65151808683375,27.123337521004906
1,361,0.14,3.846110393363638,30.44513469419387,26.704751273914162
1,362,0.14,3.991244013332312,32.56453297076146,26.76844667421888
1,363,0.14,4.293958422581622,30.564072493731164,27.090516568995586
1,364,0.14,4.27467200836136,30.433579612300864,28.077172117197048
1,365,0.14,4.1129899710308555,31.743231372094275,27.612487540182237
1,366,0.14,4.251368637551501,33.21738043316947,27.043638310458928
1,367,0.14,4.224110810703259,32.45997873269016,26.730040258320827
1,368,0.14,4.301901756410969,31.43891233655332,25.74748731112555
1,369,0.14,4.322969610378222,30.84408515939603,26.45483103041488
1,370,0.14,4.430897864456324,32.898980076669396,25.94695367317021
1,371,0.14,4.618471058310008,31.30119153752667,25.930409455115687
1,372,0.14,4.835609420464271,31.143002805516748,26.589971548967764
1,373,0.14,4.8578576775783615,32.97700519697888,27.313305798817883
1,374,0.14,4.813251618418539,31.651716048910615,25.48468507106124
1,375,0.14,5.043469363724212,31.83620862235257,24.991374541944722
1,376,0.14,4.864930222766611,30.704545750283934,23.465127587989492
1,377,0.14,4.713802185454566,30.135744869256886,23.7919778706695
1,378,0.14,4.528321986270636,30.33405824163066,25.201209849422757
1,379,0.14,4.185661959454846,32.04358358038496,25.860149862386937
1,380,0.14,4.018538989384621,32.53116999772165,24.879251380865924
1,381,0.14,3.9242197038694506,33.97734606426926,25.35855873015125
1,382,0.14,3.4839804303639053,32.83507797391567,26.338260887364846
1,383,0.14,3.5399072355477887,32.01148381150528,27.41834215182885
1,384,0.14,3.5836469238700444,32.665388986427,26.978958677036857
1,385,0.14,3.9351757395391167,34.48088571761586,26.629839159527766
1,386,0.14,4.462840957666147,34.704511038827214,27.871798923418577
1,387,0.14,4.482819929851369,31.343840165630848,29.761036802445442
1,388,0.14,4.121100802444357,30.487243734086164,28.532246556131355
1,389,0.14,4.096582134075245,33.43338577253107,28.437384254747023
1,390,0.14,4.21383715622155,31.523577877389656,29.315676733940606
1,391,0.14,4.142828414820096,31.507007056468318,28.451542492081206
1,392,0.14,4.270039730170196,32.73499354243549,28.052010686193217
1,393,0.14,3.9363907040057637,31.867877858537728,27.393124637594823
1,394,0.14,3.5280002186916746,30.008086616038685,26.383888149919837
1,395,0.14,3.1063697135359334,29.555717409587192,25.971151009440234
1,396,0.14,2.956378983344087,30.37761824055059,27.141701590829882
1,397,0.14,3.25871231743855,29.10897529662368,26.143934149872447
1,398,0.14,3.9377971665264915,31.203258760508298,25.972364590491043
1,399,0.14,4.036410047302168,31.91562168796577,24.49916988612272
1,400,0.14,3.6853197901431587,31.756531530246455,26.16063294793362
1,401,0.14,3.9097436096123657,31.816181835548953,27.027047481701153
1,402,0.14,4.2083244821023635,29.939175875701842,27.602526721303107
1,403,0.14,4.163180086688318,32.38188935232575,27.86564980047676
1,404,0.14,4.411577344773369,31.682354217807642,27.38648891736601
1,405,0.14,4.557990367488224,31.68992486918159,27.225746104888724
1,406,0.14,4.686699963921922,33.391827709239955,27.18833320643916
1,407,0.14,4.616818599372177,35.10968143800801,25.977945914711814
1,408,0.14,4.667385403053365,34.853469531829774,26.292421043781726
1,409,0.14,4.694157464573891,33.225467776220825,25.762990410053177
1,410,0.14,4.8032541516205125,33.39701187870973,26.223879596973326
1,411,0.14,4.801456703195614,32.55444530268784,25.764011373378477
1,412,0.14,4.593635859388729,32.90978940724314,24.24761806077104
1,413,0.14,4.38401023254267,32.57305438081302,25.273601195859207
1,414,0.14,3.9778910178305473,33.713369650897306,26.513216142477706
1,415,0.14,3.9727956866443637,32.55489944549984,26.306236547617235
1,416,0.14,4.31607562306471,31.50663573471859,27.885902870547692
1,417,0.14,4.567822755996443,31.652280320494196,26.63885872041374
1,418,0.14,4.498791113413643,33.28162138631121,26.503128281766834
1,419,0.14,4.309106735102751,32.470854999082505,26.356470355455233
1,420,0.14,4.401914118318368,32.61912550898057,26.55582399528272
1,421,0.14,4.7206417975516315,32.44143428593545,26.42332570354631
1,422,0.14,4.936274156825114,34.33769463592909,25.65119361236822
1,423,0.14,5.012845376881951,31.265262062587855,26.39260698045218
1,424,0.14,4.803579899059784,31.796988105007998,26.418293455286037
1,425,0.14,4.618683559684477,31.827411704527364,26.22948970129964
1,426,0.14,4.3442356974476555,32.36276013707989,25.22132079359506
1,427,0.14,4.214152531512916,30.982109736919895,24.750874738145207
1,428,0.14,3.9891159563949823,31.548532255368364,24.86531213147085
1,429,0.14,3.9134816078950423,31.815953904133657,24.63153210495734
1,430,0.14,3.7795272958049866,32.397118686874684,25.831449258811283
1,431,0.14,3.7559034441148835,31.371235280828195,26.83170377897356
1,432,0.14,3.6454955396118556,30.978137394427968,26.335433007999033
1,433,0.14,3.274919443672437,31.719617240093605,25.970072986246905
1,434,0.14,3.016310305143803,31.83851214415426,25.094194630649994
1,435,0.14,2.8939456551505547,31.267494860469824,26.543402655891796
1,436,0.14,2.8823877326490877,32.3728717046856,26.528688389433313
1,437,0.14,2.5778622681281504,32.47940247878712,26.745972188545302
1,438,0.14,2.7692190540457773,30.902380937520654,26.266199715667558
1,439,0.14,2.8853919776348995,31.393393174288306,25.844007787668712
1,440,0.14,3.336963550747636,32.35884463487871,26.480077251267964
1,441,0.14,3.5590374509094165,32.995186274741414,26.794321491187304
1,442,0.14,3.879904816444864,33.6501814551746,26.949208759930123
1,443,0.14,3.920946060068911,33.41130014501391,28.389925765544916
1,444,0.14,3.864280663226101,35.98073273185143,27.841587867001735
1,445,0.14,4.054927058742409,34.036900341212956,28.087327103533475
1,446,0.14,4.60536798816642,33.39456355040309,27.802654014004283
1,447,0.14,4.7146561767772655,32.69211845522182,25.512668419257945
1,448,0.14,4.557824063077302,32.359261301901604,25.450690199247525
1,449,0.14,4.687823263829565,33.08113408512589,25.190630356803826
1,450,0.14,4.350452605620522,33.117377675985345,24.97791200686696
1,451,0.14,3.961278503565983,32.60722997521417,25.925808292498683
1,452,0.14,3.6496548788841667,32.825626483590334,26.632284367641564
1,453,0.14,3.401568722469344,33.55510278593288,26.610590632859214
1,454,0.14,3.369018466890302,33.069575772821835,27.510143029480275
1,455,0.14,3.155951207103647,32.84776099445128,27.12006841031352
1,456,0.14,3.256523587998086,31.828793909756065,26.551756567150733
1,457,0.14,3.4977385169358373,30.329572771677483,26.60296116221559
1,458,0.14,3.607191687796086,29.6873157712967,27.05725080836715
1,459,0.14,3.738226198924166,29.17809246242953,26.963451145516135
1,460,0.14,3.9737966624144567,30.564477854141334,27.42528774103618
1,461,0.14,4.094491760842666,31.641804489730998,28.003491431377434
1,462,0.14,4.5621673561582465,30.704967503683445,28.084258780526984
1,463,0.14,4.928131731951651,33.95150368998703,26.287422268039876
1,464,0.14,4.885201477124536,34.21903206664813,25.71945351793588
1,465,0.14,4.779034176098485,32.615800549483914,25.76100480490123
1,466,0.14,4.361116583474427,31.496542694754652,25.82941965545477
1,467,0.14,4.147384050907512,30.782300934191255,25.38178760300622
1,468,0.14,4.124062769330883,33.06786752621168,25.480225033495298
1,469,0.14,3.905090364216478,32.53681966305112,25.393852636230424
1,470,0.14,4.135507909347671,33.36193941244841,25.518687579719558
1,471,0.14,4.203539666506418,31.834965788186995,25.967433438447706
1,472,0.14,4.300172742869997,32.13505607373019,27.855701917976372
1,473,0.14,4.6457991269877565,33.64757907572468,27.96881103954681
1,474,0.14,4.622656830759251,35.42121095526077,27.037689325808433
1,475,0.14,4.457430449820014,34.91595793991238,26.738448048565935
1,476,0.14,4.333636834153768,33.20614967780362,25.73220361432945
1,477,0.14,4.083637866206934,32.03531726930779,24.975857894083184
1,478,0.14,4.261611801795647,34.24317912261979,26.537558544414033
1,479,0.14,4.225635909874596,34.921331717856475,26.31511323486429
1,480,0.14,4.375553180410954,35.008206665115644,25.418260449509695
1,481,0.14,4.8649368711838195,37.27426154736502,27.153935737315226
1,482,0.14,4.771987344616143,36.262628937036396,26.93348899805214
1,483,0.14,4.552697945138741,35.66486676079543,26.035874153087917
1,484,0.14,4.287453535629489,37.17059019188285,26.771933155840916
1,485,0.14,4.183361415828329,32.59358959225902,27.334663293796165
1,486,0.14,3.9544718185741177,32.60360380169167,27.12623715301049
1,487,0.14,3.8029726284972294,32.35940961261454,25.11735685834983
1,488,0.14,3.7070346010172264,31.171315909352398,24.448314052557556
1,489,0.14,3.6698049530537675,32.46713176535261,25.02729690297688
1,490,0.14,3.502409083003984,33.5922822768641,24.863361382418727
1,491,0.14,3.4861191161449043,35.42776577084143,24.97413924675452
1,492,0.14,3.566693693072703,32.54390258654842,26.74559974143666
1,493,0.14,3.458343625226897,34.04242764906204,27.52598102412966
1,494,0.14,3.4582087335030307,34.65087642034744,26.58972408502014
1,495,0.14,3.420258232892527,32.613906937334015,27.870289748938955
1,496,0.14,3.286857666186607,32.079338079653326,27.90203059357045
1,497,0.14,3.4476832500101944,32.93426272597069,27.26806067358799
1,498,0.14,3.312171081617114,32.86185797656264,28.339583329078078
1,499,0.14,3.556544289931975,31.97363475825786,27.13587419717702
1,500,0.14,3.828616285977831,31.356943275555622,27.91517306814555
1,501,0.14,4.284386433896436,32.874821156159,26.353488365541885
1,502,0.14,4.198426412924554,31.07635233682619,26.804451013191432
1,503,0.14,4.094998158736241,32.14838472674966,25.665705471594357
1,504,0.14,4.053663903179498,34.7476397899379,25.80870877139815
1,505,0.14,4.080558781456504,33.45910885344625,25.07101168910013
1,506,0.14,4.20297615256525,31.49150793131861,23.746109108526333
1,507,0.14,4.234934907791201,32.31805997349546,25.14057349435612
1,508,0.14,4.026986251105248,32.02115611497785,26.42982589693391
1,509,0.14,3.506526380999556,33.524185402976464,27.17457883368223
1,510,0.14,3.353134098101877,35.339531378270195,26.52501489991534
1,511,0.14,3.2728173405525096,34.26812722352903,27.318434203112098
1,512,0.14,2.8686317481271306,34.717173227791505,25.93314055874295
1,513,0.14,2.8805429374501936,35.811479753829126,25.928056893541182
1,514,0.14,3.0383616238772695,35.203826941001154,26.202016547449876
1,515,0.14,3.0964444630258194,34.91255589704406,25.370186883789668
1,516,0.14,3.2413737035762598,34.23661172849608,25.231070931265783
1,517,0.14,3.2864886635793957,33.29280395457716,25.170023430930716
1,518,0.14,3.1091191618412353,32.83354407026984,25.35913511880546
1,519,0.14,3.403918576176531,33.177759914060836,25.98477880465965
1,520,0.14,3.573107424059692,33.04728034863382,26.29662642191185
1,521,0.14,3.417987285057691,33.19022101906103,25.823279137597137
1,522,0.14,3.272143252476963,32.48957113849098,27.471605216719166
1,523,0.14,2.9614778110833866,32.609308942552175,26.414061940706056
1,524,0.14,2.6990215834870783,32.45019770065353,26.98589884604159
1,525,0.14,2.5817829885007155,33.738600520642564,26.754913957646444
1,526,0.14,2.789794527456948,32.75526704027483,26.63275603277901
1,527,0.14,2.7600131642284547,34.82365246412554,25.490491393296196
1,528,0.14,2.881526957428359,35.60356037304099,26.625332449301993
1,529,0.14,2.780289188644538,34.33303487956462,26.55005173274716
1,530,0.14,3.094761182054202,34.23657646536049,27.666165479445688
1,531,0.14,3.39008767017321,35.66248125559113,26.80977381084055
1,532,0.14,3.8168854833301635,32.740680811192846,26.857889957981
1,533,0.14,3.878470418544347,34.37329962575895,27.935233543678837
1,534,0.14,3.83043226298217,32.89759977057305,28.43730594101824
1,535,0.14,3.7730750226161884,32.84127421038217,28.5789163643303
1,536,0.14,3.841959627957099,33.31514117207543,26.930937992166644
1,537,0.14,3.920441460817887,32.388069917563726,26.867641087750872
1,538,0.14,3.650943501443651,30.615759627289332,27.19861643552539
1,539,0.14,3.5305369204925414,32.3396459271196,27.40654292232911
1,540,0.14,3.43002431535217,32.070793672052936,27.919637705688086
1,541,0.14,3.510921000910797,32.53589443398833,26.81860840650607
1,542,0.14,3.6056038105478008,32.55500513224648,26.302947826577682
1,543,0.14,3.734207424912139,33.84188343885668,26.977765569794013
1,544,0.14,3.7532531545281613,33.919854425793964,25.857272119215903
1,545,0.14,3.8137804129071156,34.0291414802937,25.87768090651363
1,546,0.14,3.756828839853057,35.618884636986714,25.656108547188605
1,547,0.14,3.6569222912017247,32.650813696839094,26.960346660018153
1,548,0.14,3.717761278017409,33.57167104883405,26.043805748693046
1,549,0.14,3.774305739884296,33.79165046703462,26.064682374995428
1,550,0.14,4.092396086579006,32.75752429842533,26.42009917279899
1,551,0.14,4.147411783915578,33.70717636249768,26.01653978715197
1,552,0.14,4.012339672550247,32.35564652320665,26.1015693171665
1,553,0.14,3.9732984254727115,32.228907432807226,25.46537959350292
1,554,0.14,3.9344857953845285,35.365136103559955,24.850493120120706
1,555,0.14,4.059321457217799,35.68989146463267,25.11598434719356
1,556,0.14,4.110583977445097,33.33862181675919,25.618757978179186
1,557,0.14,3.7657350045779534,35.05138746762244,26.81446299923776
1,558,0.14,3.4694872595249993,32.7314082164335,26.990257346411866
1,559,0.14,3.2971193677188424,33.387240225022,27.73622547749287
1,560,0.14,3.1213234166789405,34.49430258756872,27.36405024459222
1,561,0.14,2.7713658802346153,34.77693546385245,26.566072633365497
1,562,0.14,2.659570062870457,32.77195882639576,26.235617932579345
1,563,0.14,2.8679878494443147,32.30359976271344,24.65793849978642
1,564,0.14,2.875022405371691,31.660189519329595,24.76164982874548
1,565,0.14,3.0164199887805845,31.97560846880371,25.463641402081972
1,566,0.14,3.450861111327353,32.7259568299034,26.265755406181395
1,567,0.14,3.67256593626811,30.9743249587919,26.004758899658196
1,568,0.14,3.9735758075437224,31.920229563696136,27.00612658195505
1,569,0.14,3.946615015084453,32.07568724444376,27.556803003055595
1,570,0.14,3.950987840147933,31.140283381717794,28.473118837669464
1,571,0.14,3.8722313965758013,32.67472648604938,27.654256439306796
1,572,0.14,4.130608946964937,31.82027947434113,26.30757450499606
1,573,0.14,4.062933530535632,32.24836775909879,25.71107305365304
1,574,0.14,3.819815958045408,30.990022857402042,26.091595755639688
1,575,0.14,3.929534550072406,33.15412174893169,26.93406604239595
1,576,0.14,4.127445502203079,32.45046277292359,28.07897177866835
1,577,0.14,4.225314698041843,32.81614646141445,27.62753506268006
1,578,0.14,4.019026169659529,34.63481108180978,27.78719416693552
1,579,0.14,3.8251730912167945,33.57083346220836,26.900465402887587
1,580,0.14,3.5374844482106114,32.82846258544654,28.070932745687116
1,581,0.14,3.353388701344656,31.78456288357012,27.631408324865745
1,582,0.14,3.409005883357551,33.34819853644763,27.85331681450713
1,583,0.14,3.354841849232604,30.613682658044745,26.88174427257342
1,584,0.14,3.087047550993651,32.13979669187279,28.38728830303028
1,585,0.14,3.0048532041151335,33.28241991582925,27.037893386683216
1,586,0.14,3.0723029103597215,32.83944927976727,27.338089755661205
1,587,0.14,3.4360964385748365,31.87498616558809,27.328950393931276
1,588,0.14,3.6744948772263926,33.84752186773298,27.05217314343484
1,589,0.14,3.861153711622173,33.27390408266715,25.198265937359537
1,590,0.14,3.9938944332588595,32.89317349490824,25.02179086181422
1,591,0.14,4.066965335139348,33.98345458224059,25.20642878848011
1,592,0.14,3.930478843607624,34.14612455934427,25.0643884137381
1,593,0.14,4.067756248330843,34.63604286801119,25.061487724521886
1,594,0.14,3.9681547580513996,33.960114478557124,23.552924161592053
1,595,0.14,3.840888443135915,30.269836611936082,25.613025977406576
1,596,0.14,3.7010664431225493,31.186859934903946,25.29819694734629
1,597,0.14,3.6077399273675703,33.10128012647608,25.32165422062721
1,598,0.14,3.294395237135683,33.025659795240266,24.590473651749456
1,599,0.14,3.3970968077253367,33.303070386279515,26.397887355382498
1,600,0.14,3.594518254761741,33.927922719512786,26.58018122357638
1,601,0.14,3.7207189996977466,34.08356412061829,26.552894824918667
1,602,0.14,3.468625812803677,33.49611760291823,26.95700225581675
1,603,0.14,3.655742460982836,32.93416123923825,27.3447114930436
1,604,0.14,3.7350988644458547,32.6723743964523,25.558529319055562
1,605,0.14,3.7867287522847892,32.60001117226161,25.574480191134768
1,606,0.14,4.060129480677921,31.45914062869038,26.617222733956247
1,607,0.14,4.20298350953208,31.918016031304013,26.252111922956395
1,608,0.14,4.292587471913482,31.582943180879752,26.232043584601616
1,609,0.14,4.517171757546139,32.08437581983501,25.845065420921642
1,610,0.14,4.735420020217575,32.66388517431398,26.362651325847192
1,611,0.14,4.801805414591559,34.97400453620349,27.677795982989124
1,612,0.14,5.33079698981401,33.438566048128145,27.70399702447412
1,613,0.14,5.641055065711731,32.68903931969734,27.88943501266563
1,614,0.14,5.205814562976137,30.952298891765107,26.374623273455725
1,615,0.14,4.824196043897828,27.939056417847134,26.655349295087422
1,616,0.14,4.367790975689577,28.263525523526756,26.494761783741048
1,617,0.14,3.9947768996740356,28.981683177316725,26.401208750941944
1,618,0.14,3.7225933759918157,32.50112679834768,27.115105187560037
1,619,0.14,3.826284310947121,32.91875326461407,27.291174717197165
1,620,0.14,3.853285110165631,31.046210225054555,28.21858081783152
1,621,0.14,3.6726836519383648,30.508744508254026,26.23150919380831
1,622,0.14,3.417637333194396,28.317868371103593,25.49412167719651
1,623,0.14,3.3392331611079076,28.14179738419366,25.41618101946334
1,624,0.14,3.1727996069814672,30.295866554166842,25.56549394563334
1,625,0.14,3.2988659216381166,30.637497039808004,25.42735183595012
1,626,0.14,3.422999977401697,30.220667269516753,25.255741733044417
1,627,0.14,3.565483107397086,30.44709070915753,25.01317687826262
1,628,0.14,3.982114547932768,30.41675083671468,24.482336313676008
1,629,0.14,4.059759256743984,31.105830410847805,26.12063107350439
1,630,0.14,4.211529978189832,31.33208880522006,26.284635911801804
1,631,0.14,4.391139209322507,30.003846540542895,26.478336219425866
1,632,0.14,4.477135069243223,31.75296446664381,27.018340118899243
1,633,0.14,4.314549797768397,32.69117137618618,26.930367249309032
1,634,0.14,4.052646536284479,32.82122143921962,26.39206336579709
1,635,0.14,4.0600249761398155,32.42730204357693,27.859298344960315
1,636,0.14,3.8964153502131396,32.36617498370416,27.550097365690736
1,637,0.14,3.9498307941454964,32.09845758868834,28.79525974983858
1,638,0.14,3.8330762505003104,31.799774291723164,26.04615953019685
1,639,0.14,3.882708322271563,30.698667135030224,25.629200945055253
1,640,0.14,4.004473270043461,34.050959139646366,24.399074870988287
1,641,0.14,3.88524983386605,34.59246280245503,25.49675178961641
1,642,0.14,3.7680621704815596,34.08912029000513,26.56394638534617
1,643,0.14,3.6539335547449685,35.21702059963429,27.121525468258096
1,644,0.14,3.7959230766669476,33.29432262537564,27.816717761941465
1,645,0.14,4.3132654614263854,30.626710095583253,27.135039245660757
1,646,0.14,4.827363980803802,28.639653320597176,27.97952342438684
1,647,0.14,5.21626159225489,28.515501896611784,26.976527391984273
1,648,0.14,5.223181494116212,31.105360027942837,26.503505413178555
1,649,0.14,5.280245290301693,32.28610197024802,26.088283213399734
1,650,0.14,5.365239509335744,32.697487324386245,25.456176707782483
1,651,0.14,5.3508205228743515,33.22990069868934,26.262214323691847
1,652,0.14,5.118895148357154,32.459960798938894,25.963698350416294
1,653,0.14,4.769059631225338,33.24347778741006,26.443292128564487
1,654,0.14,4.2989044985511,34.09645508192673,27.524761876980303
1,655,0.14,3.9804714954918246,35.148275726556726,27.46683582639961
1,656,0.14,3.503040253348753,33.42921036989128,27.214971143928647
1,657,0.14,3.2676012121637545,33.82331918793347,26.921576475879046
1,658,0.14,3.1195732800445364,32.03585540250859,28.41642833218615
1,659,0.14,3.3312809541450887,31.289311301090944,27.46790916728416
1,660,0.14,3.23111411599355,31.565534285436364,25.667246836547903
1,661,0.14,2.960201430847617,32.27161935244806,27.298694295547342
1,662,0.14,2.5524745630338685,32.19406472502607,26.079146940962556
1,663,0.14,2.556661065910376,33.77258987251945,27.04731955495472
1,664,0.14,2.7596811961202152,34.09986479564439,25.228544508590694
1,665,0.14,2.924760315082354,30.20836228152674,25.62806006242153
1,666,0.14,3.325091130039804,29.53484763027428,24.644653278659945
1,667,0.14,3.462510400702406,29.953733556572146,25.432473139837654
1,668,0.14,3.3584804620185182,30.81713514963127,25.312738180266155
1,669,0.14,3.5989213410325687,32.07091474740705,24.75462220581489
1,670,0.14,3.4885503636955826,32.20247217947728,26.355455841140405
1,671,0.14,3.434832359272482,31.573840628593786,26.063826116217168
1,672,0.14,3.385980993140919,31.285428136824756,27.33271957421431
1,673,0.14,3.5895675336570547,32.272904614761345,26.548709191643557
1,674,0.14,3.4670225580868084,31.428145999144377,25.713722038654126
1,675,0.14,3.4747706389072146,35.300732400957095,25.099718185143193
1,676,0.14,3.2554219177053434,36.13694828153574,26.85353516697696
1,677,0.14,2.964752453947349,38.50768613208763,26.47823218872827
1,678,0.14,3.0880726276322945,35.17662282842925,27.280039377064238
1,679,0.14,3.322319558444772,35.68252722265331,26.13081900201319
1,680,0.14,3.417786918429161,33.81051602968748,25.698215382474075
1,681,0.14,3.868511208150541,34.94043286266259,24.913879552958576
1,682,0.14,4.0951086854082535,33.04017027274233,25.943253346459212
1,683,0.14,4.4446588286777615,31.431048939960284,28.10280214010885
1,684,0.14,4.649680346725227,32.294245624062974,28.5773414526778
1,685,0.14,4.765329934220597,30.953516536932472,29.17224015549598
1,686,0.14,4.582115329219758,33.68860548745426,27.667132062549157
1,687,0.14,4.418944753534547,31.591518648086602,25.521111954972227
1,688,0.14,3.934297274262718,30.941488676832833,24.87748836148232
1,689,0.14,3.422884838771949,30.47433538300785,26.178856067171065
1,690,0.14,3.028868989209294,29.937229140351803,28.266086790657994
1,691,0.14,3.130739283617496,31.07277676927748,27.19133034297963
1,692,0.14,3.441952502438284,31.65536946476986,28.154235115159718
1,693,0.14,3.6606797853731514,32.53982813270532,28.710847585083105
1,694,0.14,3.8640637702716063,33.88267716122739,28.19086832314356
1,695,0.14,3.6527295460165834,31.50592954216066,27.731025382898775
1,696,0.14,3.651179476838543,32.91173003171287,27.50712671481876
1,697,0.14,4.1407863442866395,31.8187897131911,26.629155203746794
1,698,0.14,4.545015808926661,31.479242915125933,26.270033213962204
1,699,0.14,4.304058541152042,31.17073952140969,26.43506389073747
1,700,0.14,4.085612859801996,31.81073348767267,26.987374619890105
1,701,0.14,3.9366483389570037,32.78323933588095,28.244719232511187
1,702,0.14,3.806098030253019,32.32492039207801,26.551883255609795
1,703,0.14,3.656013186980231,31.04205039145993,28.12122269288824
1,704,0.14,3.6288323669933984,31.431970059096976,27.39189058192327
1,705,0.14,3.5512685298036955,31.901063993738607,26.955309789761703
1,706,0.14,3.7498565658497656,33.343031109066594,28.263406607648186
1,707,0.14,4.054555751731119,32.418339202809165,27.483107727876792
1,708,0.14,3.9019470410630084,33.626243468389596,26.874027192420815
1,709,0.14,3.7719895326613413,31.86520802246762,26.765888089122047
1,710,0.14,3.4270635489466343,32.054895191302265,26.26317774244119
1,711,0.14,3.4728223875736854,30.064197126939952,27.05123221611875
1,712,0.14,3.484508223117205,30.878156494427724,27.14098277735836
1,713,0.14,3.4597171080144937,32.21099528076416,27.3954241560161
1,714,0.14,3.0810138246333967,30.61645261268468,28.097475009503366
1,715,0.14,2.8073144317936447,32.04308293773535,27.229441287868948
1,716,0.14,2.9039788677088993,33.05327966106919,27.71140637484587
1,717,0.14,2.989831576247479,35.49649954897978,28.519056998698094
1,718,0.14,3.1768663019243855,35.00164792484723,28.1682863986006
1,719,0.14,3.248366777619184,34.67754984578999,28.709227203429094
1,720,0.14,3.3569748467721165,33.227621045038106,28.43466878335821
1,721,0.14,3.6230398986400667,33.31534356840673,28.336344357275188
1,722,0.14,3.9652397130380543,31.905811882186903,28.20786207538331
1,723,0.14,3.888071010331113,33.60398237753479,26.73109574076516
1,724,0.14,3.8053368970026655,33.79016475602782,26.96245003977231
1,725,0.14,3.5658684692790974,33.546220611234595,26.905769874020233
1,726,0.14,3.694552253502688,32.095244330472866,26.853977820913197
1,727,0.14,3.7038315104480906,31.441457595953704,27.106454989514056
1,728,0.14,3.481775973212456,32.04181300894531,26.336783124050406
1,729,0.14,2.870911710551896,32.92747195411101,27.1182079620985
1,730,0.14,2.5735160163474955,33.950861355317976,26.96052802866029
1,731,0.14,2.340817962143647,33.92505875903968,26.197313576817635
1,732,0.14,2.376377430140037,34.22644894151428,27.05980120841793
1,733,0.14,2.6161306841833283,34.78572527118025,27.344506774471913
1,734,0.14,2.8529249728875508,32.979427816064614,27.628744622710194
1,735,0.14,3.1995650638197866,32.60721713118012,27.56410638676248
1,736,0.14,3.2150024337801657,33.26832360356351,27.667846216773096
1,737,0.14,3.2317953467171026,32.83840465191244,27.643517556908392
1,738,0.14,3.2273774137215083,33.871733390332444,27.0636869616599
1,739,0.14,3.3061739496203337,31.61282343189355,27.844603356779118
1,740,0.14,3.469209574340535,31.29198402420854,26.570255345953154
1,741,0.14,3.6125972872602414,32.88427153577122,25.328784890746086
1,742,0.14,3.4341869909323934,31.76629382704783,25.371184648907715
1,743,0.14,3.3863627709634194,33.422286470704805,26.940865601933304
1,744,0.14,3.3900554277364647,32.40246955700626,26.571617312301544
1,745,0.14,3.7131366393530914,32.71407514099306,26.32517389767755
1,746,0.14,4.342375711992716,31.619266599521342,26.456232901706425
1,747,0.14,4.617380528767648,31.659152263758937,25.102322783651676
1,748,0.14,4.9357648493078985,32.2027340120537,25.26314694900008
1,749,0.14,4.998759366672332,31.18662109544306,24.60456898469343
1,750,0.14,4.726604154742258,33.748813249347215,25.883138357037137
1,751,0.14,4.567159507529019,35.169594101542124,28.194533132292094
1,752,0.14,4.52469089155054,34.952526755741594,28.50074308358477
1,753,0.14,4.481210679565126,33.32857155684595,28.553442806840152
1,754,0.14,4.562152188960475,34.025528117085024,26.942563495820785
1,755,0.14,4.208698398705238,34.04949155076848,27.145529604324395
1,756,0.14,3.857424845027209,31.741008977340464,26.42629754177476
1,757,0.14,3.5097560542843,31.349810123113155,25.44397117605705
1,758,0.14,3.5207508150134594,33.5260555434517,24.891035792244203
1,759,0.14,3.50118106596461,33.86166283666187,25.197559701957093
1,760,0.14,3.5603643811800403,32.53214627884208,25.25509924342839
1,761,0.14,3.454332087390089,32.225097970270625,26.09776026137166
1,762,0.14,3.493823771300375,32.11905680857772,26.31255685458296
1,763,0.14,3.4321579482946367,32.008453489526396,26.784178860344518
1,764,0.14,3.364391699318766,33.31248124359082,27.164732353575555
1,765,0.14,3.380153326612583,32.26215226673623,26.49961495319952
1,766,0.14,3.768174385868107,31.735660009088708,27.903243237612983
1,767,0.14,3.766071613991116,31.039829584070386,28.258716466425454
1,768,0.14,3.787025884575685,32.07561022087677,28.24188265865009
1,769,0.14,3.753849210871174,34.054174032089534,27.486834018329205
1,770,0.14,3.760216060240327,33.09930824083563,26.984092090331934
1,771,0.14,3.9544604775015526,33.45613006859443,28.47449499988701
1,772,0.14,4.3566479817183845,33.08890235290709,27.260843016988822
1,773,0.14,4.571016081524956,32.59234537833024,27.433489860170084
1,774,0.14,4.736870951531873,31.15940027800625,25.94904353902134
1,775,0.14,4.8520321953246075,31.79791288626992,26.715161896599806
1,776,0.14,4.5884387602703285,31.69256285375552,26.29103706113688
1,777,0.14,4.083896243920995,32.22099482060114,24.900485717969108
1,778,0.14,3.6457644608919644,33.23639648810876,25.183366760881636
1,779,0.14,3.2441711198619503,32.90795963787607,24.546990242937596
1,780,0.14,3.187144602200942,33.2253094758581,25.678436730890855
1,781,0.14,3.2254042335250634,32.694784208789514,24.565856982609837
1,782,0.14,2.986295620842376,31.04184263534454,25.609680512943243
1,783,0.14,3.0064118327074727,33.44477902731109,25.549384327421432
1,784,0.14,2.9050077791895212,32.174978726234144,27.88665940814957
1,785,0.14,2.6984890005408406,32.77268776521659,26.939443158261295
1,786,0.14,2.9805435577585353,30.93084608838469,27.622789777271844
1,787,0.14,3.2668332812803373,31.082960649616762,26.33191742436208
1,788,0.14,3.451484851171255,30.152277208361856,25.90362130921848
1,789,0.14,3.6820178046429533,30.56031543876911,26.658124688187872
1,790,0.14,3.8704809574367576,31.793087694472135,27.555641953618885
1,791,0.14,3.9588897129365463,32.73649699183298,27.535463247382925
1,792,0.14,4.2742510970088805,33.58022182216409,28.478415635862326
1,793,0.14,4.4096250281846805,31.82482099423258,28.56205247344894
1,794,0.14,4.491405117801184,32.21393584044299,26.91807297408223
1,795,0.14,4.226574603333012,34.43099520967111,26.407336067644895
1,796,0.14,3.879511254581834,33.98196847875402,27.153946124361244
1,797,0.14,3.230901212363139,34.955971090195334,28.462916007859608
1,798,0.14,2.3691241532378156,34.35039643536948,26.16193513796045
1,799,0.14,2.202941751765886,33.71846438880831,26.510578090529258
1,800,0.14,2.3723227869684074,31.544565163617957,26.476421201857015
1,801,0.14,2.238844976523464,30.44231043204031,26.10032826591603
1,802,0.14,2.392412002580494,31.21209762591516,27.39427011706865
1,803,0.14,2.8703769879459458,32.1935936892081,27.033724520655845
1,804,0.14,3.058905444212476,33.603781114398124,28.701252219894585
1,805,0.14,3.4894995630792596,34.649820930970854,28.037885446990675
1,806,0.14,3.4710766386118626,33.42594696536565,25.562925402411373
1,807,0.14,3.4116530435811625,32.81006767841377,26.59790024050623
1,808,0.14,3.6248512155062356,32.21759490727348,26.0231169786548
1,809,0.14,3.7723844706563683,33.24525561714725,26.391436113047522
1,810,0.14,3.6451629280051754,32.27388502412206,27.00948654935541
1,811,0.14,3.8057838816659886,32.11017142836347,26.49174987477479
1,812,0.14,3.9725972258852758,33.96897180286031,25.944310338316956
1,813,0.14,3.626147579629684,34.33391088280565,25.808998985840216
1,814,0.14,3.351298784988962,33.84295514040301,26.67030714416489
1,815,0.14,2.9767222970253435,31.4859202467187,25.439969202024653
1,816,0.14,3.1221217423215775,32.549548896949645,25.543234301075397
1,817,0.14,3.340276250248353,32.14602375773982,26.754173515453065
1,818,0.14,3.5173052963008136,34.12574705386335,26.768260280369137
1,819,0.14,3.5515973012637523,32.19327560878642,26.482229259629158
1,820,0.14,3.6552035815771697,35.47678153469188,27.790793662852263
1,821,0.14,4.002918881245782,34.06069583564887,27.49995235258862
1,822,0.14,4.2411546537115505,33.36545950334344,27.990531848203332
1,823,0.14,4.568039006006883,33.80585128507801,27.42780710228802
1,824,0.14,4.612678865346627,32.61283389866983,27.58754916859236
1,825,0.14,4.866796622834684,32.62176006699973,28.956457343788806
1,826,0.14,4.886291445702671,30.889578868162936,28.014712019621257
1,827,0.14,4.521710919420312,30.785738757831066,26.872086009134758
1,828,0.14,4.414453813797222,31.826854780789706,27.314519322750282
1,829,0.14,4.232392785001182,31.65108566090422,26.429656430367682
1,830,0.14,3.9809992140327717,33.364709889124626,26.016210415581945
1,831,0.14,4.045458150907274,33.62396324478569,26.01956364898956
1,832,0.14,4.127426232561495,34.58497042075099,27.216228921552606
1,833,0.14,3.9531114787772013,34.30839750175905,27.117302258363488
1,834,0.14,3.94016363485192,33.37136753449979,26.808028032130913
1,835,0.14,4.306963907897396,32.13506939280515,26.27534271434408
1,836,0.14,4.5622094787572935,32.6927320067891,27.52113559150405
1,837,0.14,4.600479977783996,33.36535475640593,27.696536124982813
1,838,0.14,4.5134732404049815,34.3978560795377,26.513070775347508
1,839,0.14,4.304902572632016,34.33563083469381,26.610603410585895
1,840,0.14,4.138404857581884,34.46625931670532,27.321217444819627
1,841,0.14,4.1201732199862535,34.766110611116865,26.591007652313362
1,842,0.14,3.8952536626526055,34.71722282120866,27.073158247151763
1,843,0.14,3.463487614100648,33.9864683564378,27.49877826042054
1,844,0.14,3.371542080025896,32.56278638772808,26.89838015409447
1,845,0.14,3.5129203826220117,32.519646037687,27.733149592086786
1,846,0.14,3.78602962352378,34.23193154384847,27.657650647038608
1,847,0.14,3.982464056528944,33.48758264158353,27.834296569791857
1,848,0.14,4.301088923039556,31.60627735676362,27.07828155976368
1,849,0.14,4.3239526514671125,31.50298020797139,27.01460800656561
1,850,0.14,4.120725234542855,30.042698471283558,25.885688181474784
1,851,0.14,3.8724745427077853,30.544507374168408,25.87766281849835
1,852,0.14,3.587948007660442,31.00817921902515,26.205396902934453
1,853,0.14,3.550036561526772,29.747676229776996,26.24342208101243
1,854,0.14,3.4680303394320644,30.116182130215176,25.572724209878473
1,855,0.14,3.3893557078892407,30.773985345860726,26.02025551547323
1,856,0.14,3.4619441674822076,31.349012288268707,26.804155826497055
1,857,0.14,3.854235514863345,30.93715540931825,27.040824361986157
1,858,0.14,4.374937773613026,32.7057150224697,26.72314214763701
1,859,0.14,4.564554192128997,32.27843503229966,26.80039513188441
1,860,0.14,4.5463250371096375,34.14588893142076,25.216022268038337
1,861,0.14,4.453326514598025,33.750458457922505,25.45153261487377
1,862,0.14,4.129760815870788,32.58468165473774,26.635362422254897
1,863,0.14,3.6483852336028417,33.889451600603785,27.801591348385035
1,864,0.14,3.621284026495829,33.698262739209206,28.555117044744257
1,865,0.14,3.6981243708002185,34.5456836546932,27.837270464905714
1,866,0.14,3.76549821137782,35.63454196676504,28.28554407990481
1,867,0.14,4.185129887184573,34.75395387370485,27.340653514127617
1,868,0.14,4.1521653335220785,34.764100652376364,28.04718441569236
1,869,0.14,4.467670876288672,34.43840402407087,28.588393541572223
1,870,0.14,4.823157818194817,34.095015840819066,29.495044527343172
1,871,0.14,4.927803755985356,34.367751357678785,26.621356970301832
1,872,0.14,4.9182090989210945,33.826957428726715,26.726226922715302
1,873,0.14,5.074154270909568,32.578511418469525,27.098175713202888
1,874,0.14,5.106572214848015,30.758847003483353,26.049578906147964
1,875,0.14,4.662440572701638,31.70545637034561,24.49876478476793
1,876,0.14,4.401464088814619,31.106825641354508,25.183261267390055
1,877,0.14,4.487387035297689,32.23984778434473,26.13574944316902
1,878,0.14,4.4040626328573795,31.592224875184087,26.642684330018938
1,879,0.14,4.175749565499223,31.02896490036743,26.53098411245126
1,880,0.14,3.6982347271419433,30.319310313559114,28.59109454955204
1,881,0.14,3.495467494602254,34.818438360005494,28.242655419109813
1,882,0.14,3.4503841970994498,33.265782787277935,27.520851573734213
1,883,0.14,3.4703164321654816,33.10385640585939,27.148632001781326
1,884,0.14,3.7097038625554815,33.42909826093852,27.18916803688763
1,885,0.14,3.933889462730193,34.555355411515464,26.08496505135276
1,886,0.14,4.132885075689124,33.488669566398706,25.337210403380965
1,887,0.14,4.1032519498515825,30.77400930471701,26.614468267963527
1,888,0.14,3.8522132873255677,31.748798236244586,27.099753740679496
1,889,0.14,3.839599884827601,31.902349754428784,27.406721540712812
1,890,0.14,4.129961570352085,32.22102314638183,27.388331237010203
1,891,0.14,4.533254468425976,32.482632801777065,27.619024299972626
1,892,0.14,4.887926060790404,31.956245878480154,26.913682926939828
1,893,0.14,5.260328645465451,32.40711396237874,26.71858702124622
1,894,0.14,4.9998297540235495,32.31653161659274,26.46891433088917
1,895,0.14,4.589496785256537,32.51184137536394,27.51352599320957
1,896,0.14,4.169877439592322,32.77863810169363,27.6706098985164
1,897,0.14,4.289706938285224,34.10335619414712,27.87201605955627
1,898,0.14,4.344959837119217,32.57717363382743,26.977030364834956
1,899,0.14,4.72241255714592,30.712809447845068,27.9686463895021
1,900,0.14,5.223896688421358,30.279876736843146,26.933283319869886
1,901,0.14,5.891449525144485,30.863789358490934,26.996544019154133
1,902,0.14,5.920309430510134,31.400264419492764,25.754346090553707
1,903,0.14,5.7242062250334484,30.749342895745674,26.594414408647488
1,904,0.14,5.375810245992507,30.672338348934236,26.717832030833875
1,905,0.14,4.889373530898737,31.851185042383694,27.610695661643213
1,906,0.14,4.723670112198179,33.24273277348951,26.532251567198635
1,907,0.14,4.439825172373607,30.73318554496247,27.04000635326888
1,908,0.14,4.274538640685234,31.18888709792475,26.49505977952174
1,909,0.14,4.176000759686413,34.98637359074187,26.458752903464678
1,910,0.14,3.998290276306023,36.07648416241234,26.074648342675246
1,911,0.14,3.9053599527132463,35.858182419515956,26.430139421328892
1,912,0.14,3.655792882896071,34.03682069315471,26.453627829452238
1,913,0.14,3.2097219340116743,35.11364427001922,26.820306439892047
1,914,0.14,2.9549353268670053,35.269473407279754,27.456327407862414
1,915,0.14,2.7090486834383056,35.295274775044746,27.265405715234763
1,916,0.14,2.5166784172244068,34.8050542417859,26.966114283538953
1,917,0.14,2.7379574731685357,34.6873103296598,26.821730073112548
1,918,0.14,3.3249482026749924,33.40803593941871,26.167532079661527
1,919,0.14,3.830865063130626,32.20181673275096,24.982038733434848
1,920,0.14,4.436714639518509,31.600969604950883,25.592884899026632
1,921,0.14,4.63877823584142,31.702663872906683,25.417901501519395
1,922,0.14,4.864936348877017,31.544842357733593,24.346813934300513
1,923,0.14,5.004023996778874,33.02980680332805,23.9821989854776
1,924,0.14,4.877651263617497,31.793129039956238,25.638269089403163
1,925,0.14,4.644188690448738,31.165685078552478,26.614284818123828
1,926,0.14,4.481875861956975,32.06086512535467,25.185378142223737
1,927,0.14,4.1989430281821365,32.51138586955347,26.636473559426392
1,928,0.14,3.885440710083669,32.81888064754931,27.03925307035589
1,929,0.14,3.7299291090799582,30.7135185515237,27.632409720103954
1,930,0.14,3.3751682323095014,31.640105835035218,28.231464638874296
1,931,0.14,3.0955459698884336,29.896156167085827,28.983522616809758
1,932,0.14,3.241122932613219,32.749510920085676,28.308082142093465
1,933,0.14,3.616270310843654,34.00525384728654,28.413495943024483
1,934,0.14,4.125701512779608,32.61195652163191,28.12183402764686
1,935,0.14,4.473374042906018,32.16534406695227,26.487835968035117
1,936,0.14,4.658734578719811,33.99305592567791,26.302048448682093
1,937,0.14,4.767349751620392,33.79660958116698,25.394782995014047
1,938,0.14,4.576480344587069,34.61201399690861,25.928613962443183
1,939,0.14,4.458162887917433,34.93323462733245,26.35390210047668
1,940,0.14,4.76475414518975,33.27490222767887,27.27159223931097
1,941,0.14,4.9129857059100495,32.019554259753576,26.047743286159395
1,942,0.14,5.278101230973787,30.023078218433643,27.40342663351275
1,943,0.14,5.513123752748927,31.43379312483349,25.573516571050238
1,944,0.14,5.860592561422739,32.58228422572411,25.196265978196262
1,945,0.14,5.827948636311927,34.117242699907045,26.3706518224561
1,946,0.14,5.615362200779031,34.70086112602686,27.00395837213404
1,947,0.14,5.0069081911287325,32.88341202569356,27.430763008063188
1,948,0.14,4.34344934454546,31.886400843046196,27.157401971533904
1,949,0.14,3.9277341887366592,32.227088946822356,27.344328301656738
1,950,0.14,3.5793255711655485,34.087017445822184,27.38284443472043
1,951,0.14,3.204542716542137,34.25942919134298,26.755249731893887
1,952,0.14,2.661410469828869,32.75867054723495,25.44662490390743
1,953,0.14,2.4660663401460905,31.20506433135327,25.494892966449058
1,954,0.14,2.6145783804360456,29.857439423030048,24.376889468470864
1,955,0.14,2.9929410531727814,31.374667628874505,24.378904526649954
1,956,0.14,3.7238292646424926,30.062934489634298,25.7097452340745
1,957,0.14,4.053594588613335,29.61076146258717,25.631429362515146
1,958,0.14,3.9745109928454245,28.716248122499053,26.0383655372918
1,959,0.14,4.087089045460353,30.552242283100625,25.9706193123737
1,960,0.14,4.168838963056935,29.639876486100732,26.379101389907113
1,961,0.14,4.207260391413012,31.169624489369422,24.909888175513945
1,962,0.14,4.050976477658835,32.659373327145346,25.195495354995217
1,963,0.14,3.729602758850181,31.89691463860121,27.03449285550131
1,964,0.14,3.506219585241954,33.886967405591385,27.915167236989674
1,965,0.14,3.429574983433984,34.969785493517506,27.009268061752977
1,966,0.14,3.407490965549921,34.70558037787504,28.651955785730006
1,967,0.14,3.404254412386947,34.14733630658141,27.07278031781841
1,968,0.14,3.5558873574616,35.46126292128744,26.313292821629066
1,969,0.14,3.7474553358228375,32.28412858658828,25.4061207145503
1,970,0.14,3.8277327855374534,32.57518646961526,25.391420944171088
1,971,0.14,3.549142196160047,32.59825350984735,25.08600132504059
1,972,0.14,3.8511163283452237,33.585183587902,25.804037782997003
1,973,0.14,4.1526230127555,35.75160165444366,25.428595636762722
1,974,0.14,4.5586840010637735,34.33887815723504,25.445513951730973
1,975,0.14,4.3649571648801935,32.00517303293337,27.087359457531615
1,976,0.14,4.4350417739855414,33.58005238916249,27.073902438090347
1,977,0.14,4.4501370988906945,34.10675834653071,25.899357339232754
1,978,0.14,4.393989280375767,33.80699943436709,25.57483877793681
1,979,0.14,4.007738664813204,33.07124418325622,26.714513600649692
1,980,0.14,3.825752292549708,35.23370313191281,27.019036787939754
1,981,0.14,3.914177104080029,33.01132374014776,25.894315575763024
1,982,0.14,3.839082238819743,32.082072456003836,25.651312769747815
1,983,0.14,4.232763282135302,30.677355161756996,25.165164339316068
1,984,0.14,4.410966806059416,31.59532992969136,25.36576172805091
1,985,0.14,4.352425340551486,33.0128882109729,27.21757353085833
1,986,0.14,4.53050726576978,33.294704623738205,27.377978644010255
1,987,0.14,4.303869071698283,31.027165910852233,26.611571764302045
1,988,0.14,4.155469901332688,30.712305187739553,27.441768921580262
1,989,0.14,4.010718751316602,31.38548984906142,26.137940166106578
1,990,0.14,3.935524753189737,31.076391556064028,25.01866973957549
1,991,0.14,3.608705303746047,30.793989175148848,24.958544986918977
1,992,0.14,3.5099770313896155,32.61066891011521,24.29409718345685
1,993,0.14,3.56692173539426,32.02161794088321,25.109079840244036
1,994,0.14,3.609843227633751,30.664736536549892,25.687102621043316
1,995,0.14,3.7594459229436605,32.01047329009697,26.108225518464224
1,996,0.14,3.714422496576504,29.39826376005561,26.150287154787712
1,997,0.14,3.636880105642291,30.573198160051586,26.708623269455835
1,998,0.14,3.5110507393039048,30.558650686356316,25.858065371296423
1,999,0.14,3.6131741352821947,31.98896779835357,25.266941846889573
2,0,0.1,6.239747230079379,33.90061874316072,25.285573595808014
2,1,0.1,5.879191090975681,33.76293734736161,27.020718422943663
2,2,0.1,5.1305985359078665,34.156701356603335,26.951582793237563
2,3,0.1,4.875379219331594,32.766765738777515,25.65244108906531
2,4,0.1,4.137314412940654,31.091382360176567,28.298734873162907
2,5,0.1,3.7175055628589337,30.438681627891494,27.975267253890408
2,6,0.1,3.385574973491164,30.756470686159453,29.355621620618848
2,7,0.1,3.0930521368362314,32.11415567395682,28.8553799135559
2,8,0.1,3.095649789339405,33.868141266641906,27.61845747113673
2,9,0.1,2.9304617930660717,33.8160437684193,26.090865852123287
2,10,0.1,2.9268460136894143,34.42255132375539,24.437571217226576
2,11,0.1,3.0042385287515954,33.68876852345539,24.60250482974865
2,12,0.1,3.360118200172077,33.30001764102673,25.87117277632275
2,13,0.1,3.827190165780104,32.34154654177119,27.109846442887836
2,14,0.1,3.6880460900179814,31.920712086009367,27.52586278987098
2,15,0.1,3.479978900801331,32.17048708701075,28.490760548540162
2,16,0.1,3.294286458111981,31.986931778380605,27.06659869971789
2,17,0.1,2.8330718656760765,33.640857077548304,25.298905119352916
2,18,0.1,2.4997074505548027,34.29528856875222,26.166698621582906
2,19,0.1,2.3698307112221815,33.203842896078434,26.750177931208192
2,20,0.1,2.3865918442689673,35.450518127055695,27.02795183642056
2,21,0.1,2.573340741408347,34.17337450233948,26.045338677179032
2,22,0.1,2.8423253899073444,33.786893515183344,27.789854349877437
2,23,0.1,3.193538640394475,35.45305513555424,28.32735287789306
2,24,0.1,3.433803459141437,34.80211952015861,27.475871154747285
2,25,0.1,3.5403313503211864,35.01987742305856,27.10594291919451
2,26,0.1,3.93971253167536,31.926209664819872,27.511432065873286
2,27,0.1,4.183574612054884,31.013950708158116,26.860909601923336
2,28,0.1,4.422764489580255,32.69284678352502,25.951053364018165
2,29,0.1,4.51801292599589,31.140931880866397,24.95655328549307
2,30,0.1,4.60854172524948,33.18811586243843,23.572923461115167
2,31,0.1,4.148122993494264,33.734492542991276,24.23238784496871
2,32,0.1,4.073193397658737,31.607880252151325,25.029471408071547
2,33,0.1,3.8930801323814195,31.903420726888505,26.513115750050122
2,34,0.1,4.1663729490073536,33.977689981835944,26.150844809323853
2,35,0.1,3.9153498910264632,34.25293577335471,24.893767950825545
2,36,0.1,3.7621482445401786,32.572437349270764,25.831063950219395
2,37,0.1,3.570901879281978,29.776868771849763,27.165097177147935
2,38,0.1,3.593256861933101,31.021913625361147,27.40554565283593
2,39,0.1,3.705549316748475,30.9665377082844,27.372596388075205
2,40,0.1,4.031110992257511,30.148859803111005,27.180617419210623
2,41,0.1,4.296900384069538,28.36388885867796,26.308083881228924
2,42,0.1,4.178691983931699,29.695098286733824,25.550487890950784
2,43,0.1,3.909213262316461,30.766606184955222,23.899893057793125
2,44,0.1,3.938880064313966,32.262375310273434,23.232671967246045
2,45,0.1,4.038397084961063,32.34195126829007,26.36904586174012
2,46,0.1,3.6338705747313997,31.925168028084418,25.936739755847796
2,47,0.1,3.2584274044057455,33.03414109633729,27.700023774030463
2,48,0.1,3.159285416162561,32.14871003842501,27.00858087275102
2,49,0.1,3.0409767347520047,31.395674683911984,28.1653740372446
2,50,0.1,2.832805618642279,35.14588253524735,28.993433456613424
2,51,0.1,2.6294942117099946,34.4914601583491,27.893315899380283
2,52,0.1,2.6809098868627323,33.33279437813346,27.95512418564963
2,53,0.1,2.833475606589465,32.45093276324558,26.31212311190776
2,54,0.1,3.130247976121242,32.169173692844446,25.649004334258894
2,55,0.1,3.0510675056195002,31.47212870476124,26.979682269715802
2,56,0.1,3.3776935224700386,33.58551282417274,27.669997491230074
2,57,0.1,3.7055588138736626,31.886762292298922,26.945293856825177
2,58,0.1,4.125880305943303,30.839105719707987,28.296875178153353
2,59,0.1,3.901403050453141,30.6705755014835,27.588880028675927
2,60,0.1,4.098508071235276,31.788153295207792,27.568837078318136
2,61,0.1,4.426478561343908,33.24537286006392,25.36150225195365
2,62,0.1,4.574379349777079,33.03847729358982,26.32040121196389
2,63,0.1,4.4788107161900985,33.35598036679878,26.735262728677398
2,64,0.1,4.6212613266124585,32.25454355435298,26.706256680351366
2,65,0.1,4.402886425901387,31.027915034262275,26.95590329265698
2,66,0.1,4.433303116414893,30.872830552923872,27.129382715651957
2,67,0.1,4.07924703490729,31.33703674986035,24.96429233266283
2,68,0.1,3.8979030471246854,31.200505847261336,24.54916482555396
2,69,0.1,4.281035678735077,31.573382531996646,26.88160173054252
2,70,0.1,4.5123881355306485,32.88830073393999,25.909926501017885
2,71,0.1,4.744319634861819,32.527339930555726,26.528558476655025
2,72,0.1,4.3890772612824165,33.856663097865436,26.47832410239939
2,73,0.1,4.2432083247317065,33.4331535782057,25.87274181468892
2,74,0.1,4.437114797161047,34.06632405874777,26.14706424305995
2,75,0.1,4.571660094390573,35.46833378899962,26.209338512075824
2,76,0.1,4.093726591250095,35.89302801631072,26.379912980071868
2,77,0.1,3.7908079844053257,35.470539666833,27.64363044214379
2,78,0.1,3.579343034966896,34.226639680756584,27.8323863441464
2,79,0.1,3.160793686390976,33.48587539153487,25.997704062282523
2,80,0.1,3.0059494708529253,33.358334013132165,24.20709179466886
2,81,0.1,3.117257995118289,33.56525257382933,25.257884628645872
2,82,0.1,2.976301931379594,35.63073303772733,25.321969140394252
2,83,0.1,3.205525282302497,35.13437405601869,26.8087774699281
2,84,0.1,3.2975613663933374,36.44380760428929,28.66627491809431
2,85,0.1,3.084691247535192,35.728994948642885,29.102028818973995
2,86,0.1,3.395689345728444,36.88048767457111,28.864161687740477
2,87,0.1,4.1208042954051916,36.23148335131543,28.636739569495113
2,88,0.1,4.49002918788829,36.634335455571076,27.778886118172654
2,89,0.1,4.182580265879241,34.170694761762746,28.031752819436328
2,90,0.1,4.085621064566171,34.83966115689244,27.756946086142918
2,91,0.1,4.164717483615265,33.944709005626,26.964999275221874
2,92,0.1,4.302895846694284,30.900417131222486,27.917260375275
2,93,0.1,4.372275832305382,32.73490427698774,27.47081849408268
2,94,0.1,4.376443704297403,32.3693817422898,26.736541024333683
2,95,0.1,4.369090619797632,33.73241901191622,27.3750783923935
2,96,0.1,4.421357566163007,34.233383262847866,26.49363229703263
2,97,0.1,4.34953850309079,31.30046603453243,28.36194677907298
2,98,0.1,4.323146134013525,30.843822317386884,26.666542586488912
2,99,0.1,4.193653676129007,31.25294303075151,28.157540910453637
2,100,0.1,4.282144084166359,32.39589470526824,27.90773661225251
2,101,0.1,4.228521969859438,33.97893205432609,26.226846244266476
2,102,0.1,3.9845697296503064,33.274880070803604,25.487589380026094
2,103,0.1,3.9433934941956035,35.173124078767145,26.540312889638102
2,104,0.1,4.11172990550174,32.56298645995986,27.086146300362316
2,105,0.1,4.468311825442265,34.906938365769015,26.936302040257747
2,106,0.1,4.5930869729517,33.57731794363864,28.60699663297928
2,107,0.1,4.570228848371575,34.8455252924016,29.426745410681654
2,108,0.1,4.403445171621182,36.74671534352794,27.145858418655767
2,109,0.1,4.319178778641355,36.28537598938792,26.372859788190247
2,110,0.1,4.03714424068704,35.6301474618526,25.169897772667976
2,111,0.1,3.2940763485656874,34.938862454424424,27.622878753816263
2,112,0.1,3.104366571347992,35.41213788062877,27.67810346600184
2,113,0.1,3.3922479633007967,34.75207740411627,25.65520262124798
2,114,0.1,3.5391329263071554,31.935030665554436,27.163441343992602
2,115,0.1,3.69859893286563,30.85211584048283,27.665395409194065
2,116,0.1,3.996401152788823,32.5663716278999,26.945722633325218
2,117,0.1,4.327410525307052,32.33058751217754,26.327492851034773
2,118,0.1,4.664645879456523,34.86154827253615,27.731936964084042
2,119,0.1,4.509490387094019,34.73644546260844,27.863738919873157
2,120,0.1,4.489336302103425,33.30256238928023,28.332228680223142
2,121,0.1,4.53913470239478,30.46991665415634,27.19890397075889
2,122,0.1,4.306073269031318,32.613130841980286,26.972480140547663
2,123,0.1,4.048770667751357,33.54976283131247,26.206720720481883
2,124,0.1,3.854406254328813,33.05941323099688,26.817177600692617
2,125,0.1,3.899066143038792,29.745889581642334,25.70701948906804
2,126,0.1,4.01154276546031,31.188946789847414,23.44408377940688
2,127,0.1,3.9537366571560573,28.036468987268528,26.596184804259032
2,128,0.1,3.9695672302761236,30.163060548229055,26.05011211723147
2,129,0.1,3.996729207132427,32.951805584402805,26.248721747097154
2,130,0.1,4.054510787150417,32.05741027994953,25.711934571463516
2,131,0.1,3.9199095573012697,28.904192487912358,25.819930446636867
2,132,0.1,3.9576355583661753,30.412991807019193,27.404195338892674
2,133,0.1,3.962094719084102,30.951812689310636,26.923367483421348
2,134,0.1,3.66933213356866,34.72555009474452,25.67817669983544
2,135,0.1,3.0705501031151985,33.20523212373733,25.872665371112344
2,136,0.1,2.8243622615445565,35.76328347109294,26.038758213547283
2,137,0.1,2.611359044530551,32.36914166673397,26.886514896673525
2,138,0.1,3.1137745478224144,30.235335556188588,26.18131708858309
2,139,0.1,3.3054771430987224,33.30185786330863,25.686645103579515
2,140,0.1,2.9350396448615585,33.752610271215964,25.091878216286837
2,141,0.1,2.8582692165842944,34.12409678210896,27.001507655901445
2,142,0.1,3.428534295887424,33.708249993170604,27.382719537382048
2,143,0.1,3.7725633428092595,33.25315017421831,27.25255789194012
2,144,0.1,4.244672724855498,32.883736046206984,26.52335196711836
2,145,0.1,4.411377306432056,32.26688330630861,25.094771019332615
2,146,0.1,4.401827518388828,33.79404866489539,27.287064350640854
2,147,0.1,4.707552720961936,34.02010847570768,28.754925050761617
2,148,0.1,4.618447654504297,34.136189514860085,26.820482496539086
2,149,0.1,4.240528466641433,32.46506335917405,27.057105351333004
2,150,0.1,3.7342904641930788,33.30832315826904,27.024315890229605
2,151,0.1,3.8620077971855094,34.058204275673255,26.99721147254618
2,152,0.1,4.338782607096231,32.583526312229296,27.28315759612148
2,153,0.1,4.551360179994523,32.04441527796313,26.105592104710798
2,154,0.1,4.4055806488872395,32.41174871829244,26.47676756199479
2,155,0.1,3.8676338367365957,31.61023520674074,25.85202087740688
2,156,0.1,3.635068001376413,30.075423850566704,24.1329392476974
2,157,0.1,3.7571236409622286,30.348278766501778,24.10708359585888
2,158,0.1,3.7426164331215657,31.087476131307504,25.237538669729044
2,159,0.1,3.5357156165138006,32.76326074098536,25.711531767258847
2,160,0.1,3.262792475353974,30.8639943182687,25.72126872078928
2,161,0.1,3.179711165799747,30.248285487811742,26.452613448704263
2,162,0.1,2.9259041377417256,30.073497582975108,26.43282721377516
2,163,0.1,2.923840517966651,29.52898643937878,25.127482001739267
2,164,0.1,3.0883204312946093,30.130565609144764,23.84410299882816
2,165,0.1,3.3842230854098823,32.449809387955554,26.04947511868045
2,166,0.1,3.35587815097239,33.64738322969013,28.203887518713
2,167,0.1,3.574347056181288,33.44226786985661,25.408335101842802
2,168,0.1,3.7272051191067064,33.17564510936154,24.94436312512128
2,169,0.1,3.6111517980152783,31.511533999671073,25.805503262924276
2,170,0.1,3.7759131571855926,31.02647542375795,25.44251827998584
2,171,0.1,4.110448354595879,30.5052094839847,24.455488151407017
2,172,0.1,4.140860856066432,30.22444739294962,25.655276059162414
2,173,0.1,4.146714709839414,32.518684628286934,26.075655399836368
2,174,0.1,4.338630415275288,32.30661177441575,24.966899556554996
2,175,0.1,4.588111205306599,33.58685265100448,25.459600986727768
2,176,0.1,4.933812942818031,33.75458062833871,25.74140587118174
2,177,0.1,5.184256272032483,33.96089761290798,26.552991090349117
2,178,0.1,5.3009559782199105,35.20642488781393,29.90585779409821
2,179,0.1,5.235782941987688,35.202810519027786,28.552180997974514
2,180,0.1,4.927020589705347,35.75093986117606,28.380718444355498
2,181,0.1,4.576268919900053,35.9829848464969,27.44981121482413
2,182,0.1,4.3767858240877295,37.15316618937819,26.75419204588212
2,183,0.1,4.326124302617599,34.685176047166685,27.199123034932377
2,184,0.1,4.132463654825094,32.72338581368218,28.466581768771196
2,185,0.1,4.0544596396853185,33.12837695920729,27.926597617550815
2,186,0.1,4.080644395105864,33.10784469796533,28.288434361816083
2,187,0.1,4.124103797301786,32.110637843420626,28.9577463041708
2,188,0.1,4.109037248275847,33.5871147464261,28.288392819641235
2,189,0.1,3.98176949003888,35.34543805717149,29.432886148528034
2,190,0.1,3.632586403121794,32.98438880372616,28.84572981502592
2,191,0.1,3.5516816324880476,32.525424607545084,27.56293421049451
2,192,0.1,3.6034531608056417,30.87692490440719,28.305275164147442
2,193,0.1,3.6099451513722816,31.366882356063552,27.134918636945535
2,194,0.1,3.603627526008202,33.1952719965437,26.545178521127916
2,195,0.1,3.382904731550032,35.10473529304517,25.41155960228266
2,196,0.1,2.9515777787098334,36.41426238231239,27.64379053991535
2,197,0.1,2.5912331911017907,33.38474270618519,27.909525594437728
2,198,0.1,3.011295988918458,35.38801086319048,29.21259572359333
2,199,0.1,3.260636361306919,34.216301692081814,29.112301409312494
2,200,0.1,3.3909596277902088,33.17476984578287,28.514037009334967
2,201,0.1,3.1346008823497513,33.22751577576923,27.085488373122608
2,202,0.1,3.000544241979487,33.48908731313974,27.49082579398771
2,203,0.1,2.955067723522214,30.255552336493036,25.207768007869348
2,204,0.1,2.9670024308761347,28.326216353715594,25.38586624775597
2,205,0.1,3.2618055383627214,29.249174127909868,26.634991718004542
2,206,0.1,3.4754171401573912,30.68481662841237,28.46656049809324
2,207,0.1,3.7227727914952036,29.921475140016568,26.78533725786939
2,208,0.1,3.772023166236736,29.648105609361934,27.139998534241627
2,209,0.1,3.8246029614285066,30.09631720215239,26.716879298741127
2,210,0.1,3.4981935995360254,30.411552850312063,25.97322902789414
2,211,0.1,3.4743290645684457,30.68711806205318,24.97661926738907
2,212,0.1,3.5349809176464704,30.53521533297706,24.002493270569854
2,213,0.1,3.518518471774095,29.0628184834017,25.889090729434155
2,214,0.1,3.4606654615475314,31.605923270619925,25.127712715521294
2,215,0.1,3.542944160379851,33.71540943427841,24.14915002258922
2,216,0.1,3.5131681992492796,31.63746701807013,24.806986159557884
2,217,0.1,3.2448311204197573,32.15991915735792,24.889548973029594
2,218,0.1,2.688418223884695,32.980949995022854,25.325810967521026
2,219,0.1,2.8722933325825704,31.421897599287295,26.49947031057578
2,220,0.1,3.108617154633957,30.891062901483377,25.299475792043594
2,221,0.1,3.389684753199285,32.55037560206154,26.571786517700943
2,222,0.1,3.426711386506625,34.14515203712599,25.9363141624331
2,223,0.1,3.65901794059779,33.03570841454479,26.108580294672954
2,224,0.1,3.8202794509323255,32.47051248724071,28.066245636482666
2,225,0.1,3.653958959640557,32.13628494780829,25.990221877624005
2,226,0.1,3.5230606507175675,32.93671714766059,25.125494848271224
2,227,0.1,3.3039465328078146,31.01361920434896,26.460067018458655
2,228,0.1,3.0792743991439084,32.46845064526881,27.62569781829871
2,229,0.1,3.5285111145224533,33.46516263917575,26.438710574939538
2,230,0.1,3.6669405688302277,32.35900017349763,25.764626509764923
2,231,0.1,3.4890744333366626,31.303728494073738,25.870601478433564
2,232,0.1,3.512107741325536,33.06231040876065,27.94060182854127
2,233,0.1,3.5306841759127345,31.636329711471642,26.95926449991042
2,234,0.1,4.166442956404338,28.524445806728128,26.228760201158323
2,235,0.1,4.577124348820616,27.513117418418126,24.957161173097813
2,236,0.1,4.699981081313735,25.89539942153661,25.892897343802503
2,237,0.1,4.517890594212993,28.418514861690564,27.52658275017586
2,238,0.1,4.389300829298716,31.46541575124987,27.545876958163365
2,239,0.1,4.177337156397027,30.930959473276815,26.42285556215655
2,240,0.1,3.743515807435871,31.22523002006685,27.342485476547125
2,241,0.1,3.720895249185887,31.956538813186345,26.001415465336088
2,242,0.1,3.8205768417746757,34.1133744556982,25.34133638780362
2,243,0.1,3.7376993898310684,36.04799389634537,25.410336542282383
2,244,0.1,4.2903592706811535,33.57105438517587,25.73704623343875
2,245,0.1,4.2128066656393885,34.670369628186315,26.60071818054531
2,246,0.1,4.397644846640481,33.70092636886668,26.047598441006045
2,247,0.1,4.261772879461474,32.8131487989592,27.638352408889535
2,248,0.1,4.065784098194139,32.84858679068131,27.888813414126666
2,249,0.1,4.0984237091548055,33.1168542244097,28.716202208003377
2,250,0.1,4.306333395504076,32.20082919473491,29.28551860951149
2,251,0.1,4.318324011686168,32.60471020330446,26.822659844731334
2,252,0.1,4.175790761085308,32.44113598274325,27.544927621768586
2,253,0.1,4.097849569120867,35.6679163944763,27.134052563146536
2,254,0.1,4.185976855772681,36.74130141199651,25.52546080601538
2,255,0.1,4.1820670922162675,35.11182203118425,24.337754742308853
2,256,0.1,4.357371440039186,33.77144729751126,24.97961792824704
2,257,0.1,4.654974697423593,33.44147130378676,25.167889887513212
2,258,0.1,4.86005682992317,33.271170897257846,25.918639344140175
2,259,0.1,5.083119704886296,30.799629575264646,25.816477397510297
2,260,0.1,4.598059756599161,28.41800914537167,26.92210796316122
2,261,0.1,4.134946743074248,28.236996631134055,27.74665987271298
2,262,0.1,3.485572689181746,29.842315485441432,27.29237679982679
2,263,0.1,3.305937952049444,31.49368025631352,26.92960541164947
2,264,0.1,2.868028940902689,29.863790241707544,27.469975914078905
2,265,0.1,2.7450545142500062,29.560434743705308,26.489175034844493
2,266,0.1,2.8497980291027156,29.78894023444247,25.715184159809475
2,267,0.1,2.754191782930034,33.2089230166037,25.602072068565327
2,268,0.1,2.873710506119793,30.738888723785507,26.831014053238444
2,269,0.1,2.922725835774682,31.365246156381783,27.682959625017645
2,270,0.1,3.1780154623614223,31.492530968241205,26.587695266608733
2,271,0.1,3.4722438600845695,32.31184949180009,27.599124389173713
2,272,0.1,3.8876149750345435,28.76681366369642,28.23689248185538
2,273,0.1,4.176986631746879,31.240173889652258,25.86164315976233
2,274,0.1,4.480813667472839,31.44655624882558,26.053283648130943
2,275,0.1,4.189461042340121,32.49920898515511,24.898335688798205
2,276,0.1,3.663627000513421,32.19403345064927,26.566874326891863
2,277,0.1,3.322895640762822,31.733662367834764,26.426402152982035
2,278,0.1,3.4206469814501643,32.9945274791679,27.711819431766894
2,279,0.1,3.6980985436467044,33.49226683710211,27.747577756648344
2,280,0.1,3.8662257841265326,31.812458419540775,27.89471356187119
2,281,0.1,3.7691770321749836,31.924119802350944,28.93611663040877
2,282,0.1,3.9181670284163106,30.74719307387479,26.400663239378485
2,283,0.1,4.171306837164307,31.267351490202017,27.40716149302692
2,284,0.1,4.724472659703332,30.428933156688906,26.12341880354653
2,285,0.1,4.969602419754422,30.890938935172407,25.6968919587206
2,286,0.1,5.038532033763148,31.696704214180205,25.48237813998904
2,287,0.1,4.363555144901249,31.492974410194982,26.558978604555143
2,288,0.1,4.265646138505969,31.522957515566777,27.762707255507976
2,289,0.1,4.26602063166831,31.709885712269504,28.433268750462787
2,290,0.1,3.9729621264185586,32.62204582016663,26.59393665262067
2,291,0.1,4.310094613095171,31.54160426866765,27.723765999637507
2,292,0.1,4.291592534412841,32.22596676569446,27.401321473522575
2,293,0.1,4.442470338251794,32.01533629771736,26.019551140039376
2,294,0.1,4.787452265560098,31.524099333745045,26.597861260836936
2,295,0.1,5.046797242443616,30.25949306034578,25.27288281026835
2,296,0.1,5.150318111801124,32.35239992248289,25.76086719725031
2,297,0.1,5.202940145325463,34.463500859263426,28.069931695368744
2,298,0.1,4.936196325030169,36.38947420156766,27.51383381724228
2,299,0.1,4.83963359067692,36.380183907212555,27.727633966302157
2,300,0.1,4.686451410880368,33.3472051439128,28.04462408574022
2,301,0.1,4.497119582124483,33.90478280269575,27.281237013734042
2,302,0.1,4.181352208680002,33.84829286259808,27.591960913976806
2,303,0.1,3.9781064388383838,35.65243000586811,27.68556653929665
2,304,0.1,3.895603570989504,36.78774412872141,26.75188091718588
2,305,0.1,3.7894104868922174,34.75788212880857,26.871428935892705
2,306,0.1,3.610924726998612,36.85454739647965,27.00352571947342
2,307,0.1,3.7578836649720104,33.05688274814381,28.392597666855796
2,308,0.1,3.9030038584827014,32.68760380768814,27.58936564819892
2,309,0.1,4.250290555989162,33.08465422453521,27.760419766859922
2,310,0.1,4.9414744478010615,31.485641453217717,27.35901333865148
2,311,0.1,5.527790707694427,31.428908236263364,26.586798210456795
2,312,0.1,5.950887946610171,30.806264109934084,26.890795431845984
2,313,0.1,5.727090105489329,32.94418256398284,27.48997738672713
2,314,0.1,5.48904186283527,30.97516602625577,27.364991317190928
2,315,0.1,5.410503413420286,30.495839624697446,27.938744834556623
2,316,0.1,5.32290967346352,30.312091522215674,26.254512901831127
2,317,0.1,4.980459080078865,31.38571337513125,26.995369791733463
2,318,0.1,4.6267252174385165,32.64760585052546,26.814960974252124
2,319,0.1,4.290729672682755,32.81150722691093,25.734282998484915
2,320,0.1,3.8979287987736635,33.75163057991459,26.709370241050753
2,321,0.1,3.7386706406918577,33.83134996476266,25.157282611669974
2,322,0.1,3.9978825102096485,33.35323301625806,27.711332437964757
2,323,0.1,4.199048272811761,31.6847223027518,28.105225723835083
2,324,0.1,4.2377192969724815,32.13222460771728,28.765527820750567
2,325,0.1,3.945357411135475,32.02094519626338,28.315484286383633
2,326,0.1,4.139772162477798,33.01602658010946,28.151013440841083
2,327,0.1,3.997496032846076,33.42515256974343,27.649519233716966
2,328,0.1,4.127958126565801,35.6197289117691,25.379658718566866
2,329,0.1,4.063823100321218,36.90698752039992,26.356103279582435
2,330,0.1,4.068288853244023,33.75055050523025,26.053121903702205
2,331,0.1,3.974583326806763,32.21988076728396,25.76578077816525
2,332,0.1,4.068694480281548,32.4014621538954,26.79331191159901
2,333,0.1,4.218387751375462,31.748913809366595,25.719053014546276
2,334,0.1,3.83829312410082,32.56196312264009,25.9787684181056
2,335,0.1,3.499225582089078,33.83120576258832,25.73071424187871
2,336,0.1,3.2694403956780906,32.954339152190194,27.844067601785962
2,337,0.1,3.251807173351912,34.97719981272426,27.525964470021336
2,338,0.1,3.5185168329176033,32.78813484674442,25.96381616492944
2,339,0.1,3.689823292039563,32.40478602439261,25.99957494753046
2,340,0.1,3.764938710150481,33.929731874805995,26.744360472189495
2,341,0.1,3.8337788568396087,32.43211205918026,28.382652638913736
2,342,0.1,3.6116369441732594,32.089217412091195,28.052706233717643
2,343,0.1,3.4488500452779682,31.191189617486426,27.965926565904486
2,344,0.1,3.3094932918722004,30.72748639277777,27.413588521044613
2,345,0.1,3.066372406378779,33.07315299771745,26.803658676186252
2,346,0.1,2.8613091704892164,32.16866702315388,27.14591090696486
2,347,0.1,2.7953193270095857,29.509169801483836,25.897181880819943
2,348,0.1,3.079282177385577,31.28680789525301,26.498191884045905
2,349,0.1,3.606281885980021,30.91687019414607,25.2132856341627
2,350,0.1,4.101638109482681,30.508534367889627,25.156814626306407
2,351,0.1,4.453172911631586,30.03499765033179,24.420967646762765
2,352,0.1,4.526265591352005,28.854910367351533,25.348535539546056
2,353,0.1,4.344290755290999,31.02234860297032,23.72338953183584
2,354,0.1,4.492165441235298,30.11395738046624,25.30231685572376
2,355,0.1,4.489044798328031,31.420746721343924,25.607797653690366
2,356,0.1,4.464639288077504,30.633509911980102,24.35432724871479
2,357,0.1,4.418150552857882,31.867516663649575,25.523915816167936
2,358,0.1,4.375276474653056,33.006860079346744,27.19935607083181
2,359,0.1,4.426038167503229,33.79242052915387,26.77975461279596
2,360,0.1,4.2959943261660465,35.38217110115947,26.24705598903786
2,361,0.1,4.297022941548362,36.59098744640663,26.57694497205764
2,362,0.1,3.8786502038044484,36.817394802823365,28.078788596055865
2,363,0.1,3.702980254437987,36.42616687095463,26.84877158936166
2,364,0.1,4.0035441414789465,36.789170751871325,28.11512862527972
2,365,0.1,4.447242228000121,35.372247565234105,27.58953356054276
2,366,0.1,3.934326525470961,32.35953406830171,28.01685354374633
2,367,0.1,3.8348975183354606,31.128033486524725,28.268229905655133
2,368,0.1,3.6811523406481395,32.900221257239146,27.93397965036395
2,369,0.1,3.732633545336798,34.04068953155405,27.87021067340004
2,370,0.1,3.740631828845316,35.1838375209729,26.32496342773905
2,371,0.1,4.039368212614816,35.004101104965365,26.915117367339224
2,372,0.1,4.338628564214161,34.3535451247347,26.11934896293394
2,373,0.1,4.853995119430227,34.03062356148409,26.34578086505503
2,374,0.1,5.175628434122662,34.309501503219145,25.87314994234654
2,375,0.1,5.556626072347524,32.46828456263398,26.605941550775036
2,376,0.1,5.5702596015244135,32.270421213725875,26.035360245327823
2,377,0.1,5.198718774346506,31.4187053687939,28.179239988607247
2,378,0.1,4.934739530989742,31.700094874053203,26.21588615366428
2,379,0.1,4.7535700409217085,34.79981515959857,23.91684741296941
2,380,0.1,4.036518519774238,32.928366155478685,25.074416322235184
2,381,0.1,3.6814521495337966,30.977281642984504,24.65163008244811
2,382,0.1,3.3179966002634975,29.40349441297531,25.331997508921
2,383,0.1,2.735638054392764,31.49496272786308,27.316135177939817
2,384,0.1,2.642499322843828,32.713588997965815,27.98976495654562
2,385,0.1,2.7184534367848343,35.56986135408558,28.230437976936035
2,386,0.1,2.8441699274509595,33.46879378294182,28.228256713863146
2,387,0.1,2.94602052749067,34.95270463782703,26.646127293471075
2,388,0.1,3.1437230644397642,32.21709183823501,25.035314015720694
2,389,0.1,3.4619568681155575,35.04820768470038,27.58534254233384
2,390,0.1,3.9432280722388477,33.3350651240475,27.18091719300726
2,391,0.1,4.249935260554345,34.07314895505028,27.619347325191317
2,392,0.1,4.4580489471749205,34.08387638078954,27.054606185035038
2,393,0.1,4.954426851798831,34.77776410247418,25.66568303796853
2,394,0.1,5.096334447469713,32.443121441420736,25.439344212696437
2,395,0.1,5.007048093941816,31.70265997781672,25.51907115513258
2,396,0.1,4.579167916273896,32.83282424877176,24.265123512102228
2,397,0.1,4.5888006781299,31.521345428266905,24.19738510417634
2,398,0.1,4.606850661594926,30.671429349742425,24.37708164622092
2,399,0.1,4.802027173599677,30.309717721357487,25.56282302732361
2,400,0.1,4.924792240799299,33.191204421476925,26.02782516128632
2,401,0.1,4.949739066381154,33.21373330427526,26.27736493654111
2,402,0.1,4.683664811040201,35.561205215283934,26.812481923251276
2,403,0.1,4.602616084104,35.634766617490456,26.781767657752777
2,404,0.1,4.550859729163908,35.4502029650224,26.68501972813708
2,405,0.1,4.544214599984188,33.85319707846425,26.24167725979845
2,406,0.1,4.596457644369609,33.51036104866214,26.74434213843615
2,407,0.1,5.052038128843952,34.056494007962264,26.416999155290544
2,408,0.1,5.074376330692765,34.29182499642207,26.047577141939758
2,409,0.1,5.005450393355981,33.377054818374674,26.233801748953955
2,410,0.1,4.820135767409404,32.450011237482656,28.06736892083471
2,411,0.1,4.781376107698733,34.152319729485114,28.282345953504898
2,412,0.1,4.748793471411267,31.480188194695536,26.404929765157934
2,413,0.1,4.340552137963898,30.236916943095515,27.3852587799268
2,414,0.1,4.24709048140687,33.08392146375451,27.23055490215427
2,415,0.1,3.986453751705823,30.190084313731596,26.26962766736749
2,416,0.1,3.3757724382842778,31.647736185804796,27.869539451904203
2,417,0.1,3.2810443413662473,32.234808232448536,27.44411922397164
2,418,0.1,2.929056106140648,33.48403382049331,27.76071369298199
2,419,0.1,2.811919226141512,32.39517664948302,28.71285205996432
2,420,0.1,2.95329456462688,31.180122699155223,27.87987456959101
2,421,0.1,3.052645371060337,34.541424354779494,27.703799530285444
2,422,0.1,3.7300526877523317,34.018033195121255,28.012105832600316
2,423,0.1,4.3261740011624115,33.62150237892022,28.078837948475222
2,424,0.1,4.43973480295206,33.16516273182615,28.40630924807834
2,425,0.1,4.648295531644456,31.346965908099783,29.091405254675006
2,426,0.1,4.849910078265607,31.470457673634236,28.44151865780827
2,427,0.1,4.808692892864961,33.04821266838402,27.789482541118275
2,428,0.1,4.382414059161479,32.465489763867915,25.693139154594675
2,429,0.1,4.043024943465676,32.23775087691668,27.425110789955767
2,430,0.1,3.619654877594467,32.644695953624996,24.68623477743197
2,431,0.1,3.2922800017586082,33.08499449449235,21.679288027740345
2,432,0.1,3.25436741595976,33.058195510232885,23.28754920869359
2,433,0.1,3.3399329843477936,33.23522371221925,24.20427599621548
2,434,0.1,3.5432661558360237,31.62201113260229,26.223394480397598
2,435,0.1,3.4750643606805673,28.154886532486298,27.58625574748067
2,436,0.1,3.9740439338474425,28.87768598159305,27.26514552874607
2,437,0.1,4.302205948205516,27.85512859727103,25.536579147231553
2,438,0.1,4.6125586712847015,27.12204445919615,25.530278365204335
2,439,0.1,4.719356518800817,28.671882872513226,24.90046155653797
2,440,0.1,4.576175468222352,29.246009823598385,26.24611527429116
2,441,0.1,4.714728089867851,32.53647411096952,26.101697517772365
2,442,0.1,4.849303416189205,32.160820051112026,25.46984926260534
2,443,0.1,5.112963255558172,32.55668281045581,24.966604480681944
2,444,0.1,5.209121988293388,34.672344174741376,25.20323774666873
2,445,0.1,4.938731122585444,36.80370352172054,27.04360991810976
2,446,0.1,4.651864986229214,37.056204068110326,27.75369676146346
2,447,0.1,4.03388060061191,36.39260199230246,27.649767224446315
2,448,0.1,3.986351843749462,36.14427582445382,26.16791806405605
2,449,0.1,4.004585600359102,34.32739359812831,25.6374100666492
2,450,0.1,3.8628079475235904,34.938816056528395,27.53438126068941
2,451,0.1,3.7331597218590806,33.76918456840162,27.636770518170454
2,452,0.1,3.920122755178874,32.89240018341373,26.93303341990213
2,453,0.1,4.211602310846135,32.9257141820476,28.535459029090415
2,454,0.1,4.708850374091626,33.76484920360728,27.693377350181066
2,455,0.1,5.322067338851269,32.03973055108875,28.155014900847657
2,456,0.1,5.273836049731697,31.688051598489896,28.543199640945613
2,457,0.1,5.1604476889339805,32.19597616732603,27.42410392295395
2,458,0.1,4.75613712860239,33.05563353752738,27.454474650433063
2,459,0.1,4.752170652794536,34.95671096813067,26.62313401814769
2,460,0.1,4.780106012464429,35.680820514451895,27.48715431027339
2,461,0.1,4.839787711686745,34.91564357097548,27.58402556317665
2,462,0.1,4.8358849192417575,34.9035601509952,27.818593580091793
2,463,0.1,4.654914788879378,34.10877087422777,27.318958023226994
2,464,0.1,4.40672785197717,31.967040293334286,26.499996122346207
2,465,0.1,3.7074407269074507,33.87183479525256,27.377001770107935
2,466,0.1,3.6109777280396953,34.668205260242345,27.832450337462863
2,467,0.1,3.4342638292031964,32.79789379370174,27.35705745164472
2,468,0.1,3.277357030694707,32.878440736904736,25.765246992010756
2,469,0.1,3.319522171286911,34.503087666115476,26.517814193534367
2,470,0.1,4.019342832022498,34.171699104574905,26.15328116780211
2,471,0.1,4.487378818964184,32.03006016630342,26.994999281127527
2,472,0.1,4.728463475981507,30.874182038302603,27.885318576258804
2,473,0.1,4.512034197057463,33.324273657115086,27.985736648707736
2,474,0.1,4.359476858260106,32.427140163068124,26.960568598225745
2,475,0.1,4.608728491138503,31.961560171034247,28.328442181700467
2,476,0.1,4.1667114049909095,31.76676886441802,27.221620929021245
2,477,0.1,3.858062170070854,32.92872904335851,28.28847440445745
2,478,0.1,3.716520156425938,32.28382845711866,29.03331921918676
2,479,0.1,3.8725096654270246,31.588673750288056,27.198926597586308
2,480,0.1,4.026648198775646,33.53309584855258,26.69889174928675
2,481,0.1,3.829721652104954,34.582519750397125,26.436474954069475
2,482,0.1,3.28343117555196,34.69457626466592,26.15872056587561
2,483,0.1,3.1210594834719774,31.193320091037705,26.685953713975533
2,484,0.1,3.5562408021910152,31.8335334511462,26.124389017867422
2,485,0.1,3.5813570214588197,30.72611592239499,25.43412168488429
2,486,0.1,3.513305761764527,32.954455565623654,25.963881671054242
2,487,0.1,2.9477516174280893,33.37350321944377,27.25713264506265
2,488,0.1,2.4953776809296926,35.99519761154566,27.43151382443751
2,489,0.1,2.5468732224105466,36.673926803032096,27.884723138318787
2,490,0.1,3.085123042843762,35.69036430828666,27.490963335634273
2,491,0.1,3.5815517155299617,34.89560485482049,27.266331476365345
2,492,0.1,3.6954509832400433,36.64711833693444,25.775241670080774
2,493,0.1,3.6175188112660317,36.99304930648421,26.694588494453704
2,494,0.1,3.9080672178594895,37.224354072587744,26.850172497697013
2,495,0.1,4.218971551736015,35.36060023150373,26.90830340067138
2,496,0.1,4.693099951329205,31.846923161338545,27.09818416107746
2,497,0.1,4.791050248632608,34.08916642283001,26.884323176781656
2,498,0.1,4.7208981040494145,31.64598797268173,26.368894940193485
2,499,0.1,4.69239754600245,33.15523466919612,25.69427678273441
2,500,0.1,4.617773377025279,32.6686233933356,26.2951592816548
2,501,0.1,4.719868497353943,32.7449527450502,25.664296293394784
2,502,0.1,4.6119367404195,32.3355866564744,27.037781929606737
2,503,0.1,4.454776657428457,35.57810103635351,26.602210954539
2,504,0.1,4.374033780900423,32.90389649477092,27.328916230443145
2,505,0.1,4.497880331645752,31.12959886513883,27.93378001099892
2,506,0.1,4.301560552379594,31.061068708910803,27.91319232579715
2,507,0.1,4.644992422067759,31.008544906320026,27.388608413290857
2,508,0.1,4.438385241758478,30.102320924519034,28.0797120752567
2,509,0.1,4.496294692774803,31.847549426749804,26.363775956272235
2,510,0.1,4.362946075932274,30.75742874044115,25.95749474753156
2,511,0.1,4.548293257520858,31.837687717277618,25.9388834994472
2,512,0.1,4.459948534976599,32.55217106005848,27.025694038212222
2,513,0.1,4.487775997841329,32.60812580470461,28.283620759458714
2,514,0.1,3.7914808292873055,32.78814727463521,27.169608496593476
2,515,0.1,3.1690888612096457,35.20033650139083,27.75763540349479
2,516,0.1,3.2662032273050645,33.68096768528578,26.681119443183473
2,517,0.1,3.621398898181537,32.7764609295879,28.55504334022427
2,518,0.1,3.6062762026352413,33.998836652258696,27.97941224742549
2,519,0.1,3.6287779971308445,32.35189030701251,28.993323144028075
2,520,0.1,3.751557963929735,32.31751370887274,28.3269967583613
2,521,0.1,3.987979244498428,31.897042592507365,25.683169372786946
2,522,0.1,4.059662975343019,31.38193061438498,25.176737664624746
2,523,0.1,4.136765128155162,33.29623967117207,25.82261125186252
2,524,0.1,4.621894598733245,34.69937934358869,25.362217803862713
2,525,0.1,4.695533992336996,37.615211237001525,26.16173711782092
2,526,0.1,4.852517829485123,33.969489065248155,26.361799228645456
2,527,0.1,4.804118557959921,32.51469474827201,24.836715013025877
2,528,0.1,4.885244100625641,31.25655028130091,25.88694842631618
2,529,0.1,4.76135013454947,30.632840926708944,24.537610049498955
2,530,0.1,4.589793370412983,34.30895433827179,26.736790455579115
2,531,0.1,4.526788601730883,34.734816386361544,26.34136983311365
2,532,0.1,4.501413556566385,33.55603749434944,25.057898451159062
2,533,0.1,4.6603233983955015,31.499633000474756,25.421389367693852
2,534,0.1,4.79824767519681,34.54074024203779,25.339981823475608
2,535,0.1,4.859626580682894,34.08603832148074,26.18861878260315
2,536,0.1,4.840964903598783,32.37382325634736,26.03691752635415
2,537,0.1,4.629513227648876,31.27140127783203,27.38152192534054
2,538,0.1,4.262887422093683,32.72035589599082,27.43360549749195
2,539,0.1,4.070375393695328,32.09519768223756,26.609171098335093
2,540,0.1,4.122094155052415,33.65048543847382,26.116116279337586
2,541,0.1,4.124044662183075,34.42215708554875,26.522289451278677
2,542,0.1,3.9594660660204917,33.12075891570834,26.12296009884446
2,543,0.1,3.6353298082378127,34.17341474721364,28.46141465048949
2,544,0.1,3.561093049742053,33.147178152885196,27.893281739333265
2,545,0.1,3.9687735570621947,31.105967183035155,26.65117803848809
2,546,0.1,3.837599949705181,32.33882719971872,26.361296753451736
2,547,0.1,3.8826614107577426,33.590090802396645,25.034807632275456
2,548,0.1,4.158095406172747,32.365874536731226,26.970739010198404
2,549,0.1,4.544762197443956,33.15069712910143,26.77855707333229
2,550,0.1,5.053556539726896,33.015380994235834,26.787101175439833
2,551,0.1,5.323523734383103,32.486601165983025,26.498631897949664
2,552,0.1,5.2612369944194235,33.38953487314197,26.207675415089845
2,553,0.1,5.4068246645083615,32.079490164405684,26.08778540622472
2,554,0.1,5.786597972312363,31.611577749303144,26.44378549622051
2,555,0.1,6.044723932038192,32.376263148477165,28.946936997684166
2,556,0.1,5.935638973703747,31.618438122828895,28.865458495479558
2,557,0.1,5.379276691947805,31.735686762896137,27.41274812791814
2,558,0.1,5.013738373004372,32.93249100022208,25.22866566957611
2,559,0.1,5.049551857380899,34.76128269275457,26.300036415371206
2,560,0.1,4.55030278644384,34.14690969909558,26.78687057935621
2,561,0.1,3.807646026154021,33.594448121552354,25.770181592827857
2,562,0.1,3.393953373901444,32.55736439221014,24.614007047342998
2,563,0.1,3.195104766181439,32.38124208963942,25.686430212294496
2,564,0.1,2.7598001740232707,33.65890759610579,25.663002606245122
2,565,0.1,2.778969056777653,32.72429072728017,25.533134609800282
2,566,0.1,2.8280832938247067,32.63072603319998,25.89321780772375
2,567,0.1,2.9341761478072828,30.170515151870863,27.58170843900507
2,568,0.1,2.732175512631068,31.567020765488152,28.12244498371653
2,569,0.1,2.646114891078245,31.23313874473321,26.463468771697695
2,570,0.1,2.578854080420058,31.49392076517155,26.886748536159978
2,571,0.1,2.65910760628846,30.75307711629003,27.062098501272935
2,572,0.1,2.972106091292548,30.012211866206805,26.23363294226213
2,573,0.1,3.5243105157420063,31.55919660229985,26.613384170992358
2,574,0.1,3.821629865298593,32.67335450146736,25.542013602784213
2,575,0.1,4.23015730348831,30.791237506326336,24.0837609371405
2,576,0.1,4.171544669601512,32.99036097695363,23.553373267041835
2,577,0.1,4.297924582468196,32.76095553677141,24.532834607630086
2,578,0.1,4.147411112882752,31.891077520945743,26.274046442752493
2,579,0.1,4.194634690226858,29.627627313870775,27.93562629239819
2,580,0.1,4.723551036357453,29.938561024384107,26.980578427405966
2,581,0.1,4.712091880463672,30.32657987718451,25.603444625389518
2,582,0.1,4.453880943944168,30.037668064009466,23.618246819820808
2,583,0.1,4.242492827489811,30.757445082811227,23.213222438932412
2,584,0.1,3.9746772287678906,29.825051240290897,22.760576527581016
2,585,0.1,3.975666974148717,30.198645469459134,24.645962080216503
2,586,0.1,3.988760325156467,28.460607680576437,25.9628886149625
2,587,0.1,3.6607804221099025,30.339879290097223,25.791687498407267
2,588,0.1,3.3765168375612515,35.09589550975086,25.612873596589257
2,589,0.1,3.1695623003207003,36.482660649785075,26.50354307578073
2,590,0.1,2.821937798833975,37.193284311368075,25.84046003539575
2,591,0.1,2.962519434484105,34.408297304530876,26.908058716736644
2,592,0.1,2.7849784267966102,35.140169229129235,28.32197622533892
2,593,0.1,2.934000325717431,35.826801815316905,28.739929101855655
2,594,0.1,2.92533931334761,33.370305461275436,28.12226685975718
2,595,0.1,2.8732607399947527,33.410257149129365,27.18135864052011
2,596,0.1,3.4297131683158972,34.5585897263732,26.393091095673803
2,597,0.1,3.830680614358433,34.83365299448312,27.584291502539372
2,598,0.1,3.72036568394995,33.191109580694366,28.130319482323753
2,599,0.1,3.929979169338039,32.87068865562967,28.471237570142478
2,600,0.1,4.38668628804947,32.14786019108146,27.514398674696075
2,601,0.1,4.769525365625031,32.30309742861833,28.786300260330364
2,602,0.1,4.6672085063565465,32.55116437233087,28.223645419840704
2,603,0.1,4.474424010771067,32.06372712625792,25.992268185706134
2,604,0.1,4.706230902515159,31.043169647185614,26.959031999308074
2,605,0.1,4.731440830716329,33.26625232698294,27.899493448307965
2,606,0.1,4.529726987504206,32.562114232244554,26.848899613432962
2,607,0.1,4.3360809241621245,33.78621815500578,26.069051187346673
2,608,0.1,4.5237711886361,32.7656624385375,26.482559602701407
2,609,0.1,4.03428803943493,31.97632851563796,26.674784564616797
2,610,0.1,3.9421032766502373,30.13669266751263,25.618832131543083
2,611,0.1,3.8095826075395944,30.059149349480343,26.81876033890956
2,612,0.1,4.0971382908706975,30.8905771383028,26.13141841377973
2,613,0.1,4.2665025258054055,32.83736293711981,25.45338255140582
2,614,0.1,4.38287994204076,32.889069439859206,26.20219306517399
2,615,0.1,4.691283796177068,33.53963233341901,27.790789637502147
2,616,0.1,4.692828257253598,32.126841781311576,26.80046387094779
2,617,0.1,4.376314571611732,32.991620358366944,26.738756888554242
2,618,0.1,4.032665614377897,33.418262745182446,26.08352135611342
2,619,0.1,3.717316275844386,32.46941239150373,26.588349160021263
2,620,0.1,3.3808055300270228,33.529912081808206,28.268202285919298
2,621,0.1,3.023220835758603,33.77487472914772,28.01265929205362
2,622,0.1,2.5882315595195102,33.50369315898311,27.441151053622132
2,623,0.1,2.4163567156358408,33.08241279426187,26.89677557976779
2,624,0.1,2.0385706756401305,33.44744145916481,26.88616629290365
2,625,0.1,2.1816920160625424,35.10966698841385,28.35944686872189
2,626,0.1,2.12207526358143,33.219805345863044,28.428464514555714
2,627,0.1,2.1698413043534206,33.367674983905516,27.68459719447547
2,628,0.1,2.73140001353,35.96169520495725,26.105171744630372
2,629,0.1,3.1602740147549624,33.787200772735936,27.49458563252748
2,630,0.1,3.7573526852846735,33.55091866342979,25.34303720389877
2,631,0.1,4.115373739505476,33.632556951641085,27.089963013170344
2,632,0.1,3.9985066183200813,34.09569226738662,26.65516188799468
2,633,0.1,3.8449806094479793,33.538792061698175,26.656132908833392
2,634,0.1,3.818607961579601,33.775094300142584,24.616461151792397
2,635,0.1,3.7585220560255133,32.58725943538073,25.627686043124932
2,636,0.1,3.625106996282572,30.61207456777131,27.2799361269021
2,637,0.1,3.9804635307329086,29.811789639924555,27.571466240805034
2,638,0.1,4.034035868607989,31.049762423509858,25.892931052367725
2,639,0.1,4.005157558038627,33.217504725194786,27.444639267125655
2,640,0.1,4.32281616978705,34.54392641354185,28.15955302249684
2,641,0.1,4.629994481375012,33.44653181242068,27.295169303750278
2,642,0.1,4.707612997215693,32.30278672006799,27.589429873450932
2,643,0.1,4.851788873419118,31.388177799740987,28.007092930672467
2,644,0.1,4.61986758012014,28.892748046828437,26.435690201482668
2,645,0.1,4.856090135291535,29.092349098663615,25.834632956213543
2,646,0.1,4.720337482949492,29.269324820125643,25.764329077974132
2,647,0.1,4.025192556077999,29.86192266828567,27.159860474569225
2,648,0.1,3.8104419396654907,30.223686995821353,26.272139761826615
2,649,0.1,3.7066168981439502,30.609494354950694,24.811920122576257
2,650,0.1,3.500847643219357,31.365978565535812,25.947162040941887
2,651,0.1,3.3018375478906625,33.41813306160693,25.829385568441495
2,652,0.1,3.157116904746025,31.065197024682544,25.710622889900254
2,653,0.1,2.8647480225987447,31.377479752087858,26.395478588149604
2,654,0.1,2.7804372190703006,31.990221298181226,25.340552045519413
2,655,0.1,3.126618679875798,31.890665832196174,26.159778243417982
2,656,0.1,3.2574009912870814,31.422497785068696,26.853750602437547
2,657,0.1,3.5822067049173385,33.42069308670246,26.961227309560567
2,658,0.1,3.5226237755752843,30.71173779649367,26.374773202500585
2,659,0.1,3.3603072906739855,30.023437588236813,26.247693926709072
2,660,0.1,2.8540825534742633,30.51423107344854,24.33527403236875
2,661,0.1,2.7766982191745058,29.85355675691531,25.977844385040502
2,662,0.1,2.980468357951877,30.005201147991528,25.282994894297694
2,663,0.1,3.518284588125054,32.097323348344354,26.269097369422802
2,664,0.1,4.03826002884531,32.201739454797995,27.18404456814784
2,665,0.1,4.367645633149693,32.79955429843975,27.021969670716693
2,666,0.1,4.079960252893683,30.766039902352308,26.34569681699168
2,667,0.1,3.6260602144977057,29.88636829531485,27.537166423174575
2,668,0.1,2.9611322351193827,29.11528363166804,27.82260806176255
2,669,0.1,2.7797388727825476,29.396523977892194,25.367364922573795
2,670,0.1,2.5881266660666418,27.908676326558577,24.209495948069105
2,671,0.1,2.3565401835476507,28.2756971721807,26.61899521949657
2,672,0.1,2.474397687643328,29.175390149282485,26.358122529099358
2,673,0.1,2.6922722740654668,29.526526796372192,27.16724947536613
2,674,0.1,3.30128508039513,30.649431056342845,26.337270296832276
2,675,0.1,3.8306157081403738,31.615866656474427,25.659685809155
2,676,0.1,4.378761977924434,32.35005521650562,28.08544494125835
2,677,0.1,4.651359996959018,34.54397206780627,28.437215460212848
2,678,0.1,4.867732405510458,35.73064310072246,27.12558393988369
2,679,0.1,4.897832588564116,34.78287745300433,27.80797474574435
2,680,0.1,4.793332691640472,34.52042751665363,27.238026875990784
2,681,0.1,4.767420317692422,33.493084558111704,28.961122379600848
2,682,0.1,4.892118239666826,33.973309295509026,29.167181014906877
2,683,0.1,4.9509500618982125,33.602819664028026,29.268258367854465
2,684,0.1,4.935962952897755,32.12447281498781,26.432184110291807
2,685,0.1,4.8790437583321,31.862122472853727,26.286120321312236
2,686,0.1,4.408316819534473,31.451351104039347,24.829750718348823
2,687,0.1,4.053256172100507,32.21256368558194,24.505918093747404
2,688,0.1,4.126036676009031,32.01003361194937,26.422978390380823
2,689,0.1,4.18178535377962,33.146237872385655,26.556562295805847
2,690,0.1,4.510228610717289,32.02159218049742,26.613275953830488
2,691,0.1,4.545597667982925,32.28227851767068,24.827360064312565
2,692,0.1,4.511147542916451,33.32914363940841,23.726691364162072
2,693,0.1,4.350909308976873,33.36472949095615,24.593389226449347
2,694,0.1,3.7302761427377615,30.711588200900504,23.90885513253075
2,695,0.1,3.436690309152051,31.471628791477315,24.965058214055365
2,696,0.1,3.5563603488916953,32.58875727736976,24.722344322607885
2,697,0.1,3.3757741556700203,33.601600023807805,25.51786181113099
2,698,0.1,3.1060458389915153,34.07958235693578,25.910686107642704
2,699,0.1,2.7199743065721336,34.945713084796864,25.78996424355708
2,700,0.1,2.248563734411955,34.921633229477415,25.349346933514187
2,701,0.1,1.8978307013147968,34.024863016067705,27.22604052932283
2,702,0.1,2.0725359580427165,32.68693267082896,27.387286749653803
2,703,0.1,2.223370612557545,32.825649609955846,27.643944416874685
2,704,0.1,2.7703747488841275,33.300255638722454,26.609038695378032
2,705,0.1,3.4655725990759447,34.46282819682701,27.6920252332761
2,706,0.1,3.5084347148618256,35.19688533095582,27.65589621808514
2,707,0.1,3.626677482076495,33.55506287337288,26.515289762568095
2,708,0.1,3.4129917530414478,33.036055575512094,28.67276765369259
2,709,0.1,3.544852283878688,32.573768442219404,28.326772001107354
2,710,0.1,3.657382028169971,33.75530585120712,26.388934346583486
2,711,0.1,3.9260181232974745,33.52686015179428,27.34974641611207
2,712,0.1,3.981250239545549,30.88738979381423,26.667159600738067
2,713,0.1,4.040834978087161,32.714038844386444,26.2082805714412
2,714,0.1,4.030728527565419,30.603266761339732,27.3290253634872
2,715,0.1,3.836604611034317,30.810701886071936,28.27588514063326
2,716,0.1,3.4154449287534483,32.225572769191714,27.9432845120058
2,717,0.1,3.5355806016127587,33.280787887428936,27.95443271967915
2,718,0.1,4.0021239568782025,34.02006774101238,29.124897479102373
2,719,0.1,4.507344105350573,33.08706542927413,28.461673097322183
2,720,0.1,4.6555997868859125,33.70430440142854,26.161961894984515
2,721,0.1,4.414617387340625,34.285572077255786,27.318899957224907
2,722,0.1,4.597457744828522,32.485273711169945,27.717835129563298
2,723,0.1,4.663374283216298,34.65601071142036,27.3286444908767
2,724,0.1,4.4935979932782715,35.639593989724816,27.284846848917905
2,725,0.1,4.2590516649965515,33.50428843089507,26.964988149767485
2,726,0.1,3.976433081832807,32.45298527313387,28.001671756448744
2,727,0.1,3.6009031822254824,33.54270050743673,27.102917549228525
2,728,0.1,3.5582824589487823,33.952705426191734,28.579114137362577
2,729,0.1,3.864351465428256,31.986282257954432,28.135991406993533
2,730,0.1,4.041067171469207,31.77387528438008,27.680309446371442
2,731,0.1,3.8778509096996823,32.07265680359785,29.509315996728123
2,732,0.1,3.7613967657727216,30.810045813449285,28.040327423706493
2,733,0.1,3.283444484984453,33.381378526916315,27.36563855622008
2,734,0.1,2.3568814471229738,33.12563699580228,26.542908855465498
2,735,0.1,2.1642948651660157,35.97203745304663,27.422489978672985
2,736,0.1,2.274888862973005,32.6758855345054,28.07438517478561
2,737,0.1,3.008936169672386,31.68917475697654,27.480922052541708
2,738,0.1,3.8693891140190964,32.963306482077,26.6531315631115
2,739,0.1,4.142896549098066,35.8073598432017,26.37318120809747
2,740,0.1,4.031229273846455,34.75584066353555,27.983269786573654
2,741,0.1,3.783190421798886,33.50716200019835,27.266106596434977
2,742,0.1,3.800037589909159,33.210012602518816,29.049577785935487
2,743,0.1,4.1305287873907846,33.859885805968176,26.272297742567456
2,744,0.1,4.311622140374528,34.4213855582511,27.238120069243674
2,745,0.1,4.483863141196457,34.06916520353917,28.696847845004893
2,746,0.1,4.012795501485121,31.993909130881487,28.089452276539987
2,747,0.1,4.049544261098316,31.774652102022817,27.337138203488653
2,748,0.1,4.005373620944412,31.072945543599108,27.725418839812406
2,749,0.1,4.156144907151757,29.704730458423512,29.085157437622033
2,750,0.1,4.007959547660752,30.57724936362377,27.899950625430694
2,751,0.1,3.7534617342407435,32.873497634407,26.319445556994207
2,752,0.1,3.6835532072216886,33.09183531047706,25.776039202826016
2,753,0.1,3.5005943026366566,30.237486777999337,26.878327900580413
2,754,0.1,3.4543857346621665,31.30796301147431,25.870945735170114
2,755,0.1,3.8684032214490296,32.70445104219109,27.71683048931435
2,756,0.1,4.110720470000276,30.896461332567593,26.884484584357704
2,757,0.1,4.023936322930679,32.54168129714922,25.2019979827629
2,758,0.1,3.7561973867602214,32.10490335611317,27.39561255647806
2,759,0.1,3.624302318469373,34.409238538692684,25.984709648120432
2,760,0.1,3.923351033496298,31.653081224585247,26.588807545781712
2,761,0.1,3.9469730878585385,33.35897504176224,27.085322629743665
2,762,0.1,4.005122155702816,32.87432901436529,26.297596224997065
2,763,0.1,4.125803498403424,33.72373592930291,26.640791019317742
2,764,0.1,4.391411006213088,33.69915306470875,25.86103815359694
2,765,0.1,4.579234936491302,32.88372117532858,24.6459605226063
2,766,0.1,4.464351150816872,32.10672234605204,24.499691032478786
2,767,0.1,4.413649638884489,31.875109522414462,25.50913394679775
2,768,0.1,4.248294922149195,33.83518345100528,26.33888819038272
2,769,0.1,4.788151785004646,36.20238220650457,27.658440130068605
2,770,0.1,4.863451453335657,35.67682900887857,26.596447465978507
2,771,0.1,4.732550009654183,35.45897778220079,27.679655331585213
2,772,0.1,4.49355504706039,32.87413054812744,26.95226462577799
2,773,0.1,4.14351567354144,33.240666162371156,24.674683330404417
2,774,0.1,3.622832200811271,31.209446834833816,22.762918303179347
2,775,0.1,2.928289101871449,34.297521235987546,24.53728901439484
2,776,0.1,2.637720272773918,34.145298359985446,26.51893988639548
2,777,0.1,2.533484993114607,32.46844858687531,26.940969322250496
2,778,0.1,2.4483659088464695,32.531262014009194,28.299495171295856
2,779,0.1,2.5712875393723493,30.438929881635037,26.449881931505644
2,780,0.1,2.9935256962923367,32.46796740924844,26.495064017471453
2,781,0.1,3.620096682591456,31.73946122378172,27.18480654101047
2,782,0.1,3.819553001802292,33.584823579765605,25.429311043487036
2,783,0.1,3.74528518414829,34.464754759748246,26.24560714895197
2,784,0.1,3.571814627534676,35.74100047778807,24.849595421332072
2,785,0.1,3.153650444943936,33.55251613193203,26.329860406352495
2,786,0.1,3.1591773010577877,33.41137940915625,24.452870194111053
2,787,0.1,3.1113923321695918,33.91501277691546,24.270754080681904
2,788,0.1,3.45985220928681,33.04295194656086,25.492104496246245
2,789,0.1,3.6988184615173947,33.31653744272248,26.55117508589728
2,790,0.1,3.6740120209610763,32.656415251681295,28.629656175054194
2,791,0.1,3.8833132158415906,33.54841808619853,27.4826920510545
2,792,0.1,4.485398786271383,31.157703316870425,28.292780809116355
2,793,0.1,4.9637818558689135,29.627656441022097,26.743199738562556
2,794,0.1,4.645567672862863,29.68751313987962,25.871415556202596
2,795,0.1,4.144929663232525,30.38221234820474,27.554900059352825
2,796,0.1,3.9004711840393527,32.390637928762615,27.588054504939425
2,797,0.1,4.339225055038389,32.96745186077256,27.60937238949516
2,798,0.1,4.798006448634016,32.463759765104506,27.797612693251825
2,799,0.1,5.1928252799805446,31.161207440077977,27.756538876740038
2,800,0.1,5.367705020826721,32.5434286154193,26.561171493699298
2,801,0.1,5.23879316185754,33.6660580346014,26.514960219371126
2,802,0.1,4.749597396555843,34.145560501732646,25.262440353747344
2,803,0.1,4.25403770117144,35.61695646669414,26.613857468441648
2,804,0.1,4.403254869026108,33.15222658167863,27.00100732765327
2,805,0.1,4.056494894664871,33.62344036194739,26.5438308094748
2,806,0.1,3.4873090678734178,34.47756073452006,28.710466437320218
2,807,0.1,3.199317611010068,35.70975164446745,27.401119741909355
2,808,0.1,3.115901361793582,39.25232039637083,27.22108101198982
2,809,0.1,3.297386143563009,38.961517140129345,27.117739836384757
2,810,0.1,3.472249461820078,37.43428598401042,27.414462073318628
2,811,0.1,3.8673902539916045,36.67634940961826,26.29779816490412
2,812,0.1,3.951733320356619,33.49770003151961,26.737804735997464
2,813,0.1,4.01556252740249,31.599120817550563,27.16829931799188
2,814,0.1,3.8722913375644508,29.97455080778586,27.114224014676168
2,815,0.1,4.001316571008293,34.277249949879376,24.754497568914086
2,816,0.1,3.635672904458808,32.5617904196408,24.59106215539459
2,817,0.1,3.475056685399016,32.63442266633916,25.508172195774954
2,818,0.1,3.529105473498289,33.57933506318004,24.69913865714078
2,819,0.1,3.4161349372934184,33.80935810218505,25.452954784319157
2,820,0.1,3.608782955572223,33.439911470702974,25.506602083202008
2,821,0.1,3.734197080173001,32.90426081120007,26.995339912359498
2,822,0.1,3.424591208616505,32.6569477712757,27.53541184301096
2,823,0.1,2.812644570887379,34.29415457944239,27.79763255507841
2,824,0.1,2.5660556557300405,36.02568521585104,29.227548678986082
2,825,0.1,2.6357420499776265,34.206577736659405,28.40270050298157
2,826,0.1,2.9512730966621867,32.36593673662245,27.29780326416117
2,827,0.1,3.2394332562218535,30.389615940816707,25.63811631063121
2,828,0.1,3.317821068296718,34.15523341101968,26.354648781803935
2,829,0.1,3.253396318591239,34.048951580271336,25.848295476686165
2,830,0.1,3.0071454021585993,32.37619349462253,26.385783154286433
2,831,0.1,2.6828280630588806,31.81560301411683,24.16563386972361
2,832,0.1,2.6361715632460916,33.405466430707854,25.576709623059468
2,833,0.1,3.1636557268339303,34.31734043866315,24.104735268247786
2,834,0.1,3.5939886815898365,34.11358769254856,26.82863608548594
2,835,0.1,4.033062083929792,35.95644061366344,26.67925257869479
2,836,0.1,4.058779157965094,34.030496521604356,28.694769630158
2,837,0.1,3.595335851654412,32.98324377594093,26.405378694149462
2,838,0.1,3.1105240063072825,32.16416299201985,25.730062117175024
2,839,0.1,2.8846268254929326,31.561148061318377,26.072757412042126
2,840,0.1,2.905487570018457,30.895595019298757,27.008422751853107
2,841,0.1,2.9696874580282673,32.6045232551016,26.8401507822569
2,842,0.1,3.129888918885083,32.61670448903934,26.788175247824935
2,843,0.1,3.643257945162019,35.341344111046034,27.131829383178953
2,844,0.1,4.202687142169927,32.902314864475464,27.283484068109665
2,845,0.1,4.843814953994371,34.210640133823944,27.618506682722966
2,846,0.1,5.238113374830932,35.536810536189776,26.223972787699076
2,847,0.1,5.337539371059243,36.132124979099,26.851850936638947
2,848,0.1,5.227548393210832,34.40218331903,27.89336367438097
2,849,0.1,5.284754013386108,35.41850010945145,26.337640739183914
2,850,0.1,5.30539476363832,33.156363052927865,27.14496445982991
2,851,0.1,5.349343936814105,33.00725169693262,26.6873954252441
2,852,0.1,5.128786602485745,34.46020363559425,26.758998349400635
2,853,0.1,5.0789516754698125,34.4457970785026,25.990699440154508
2,854,0.1,4.942714055094086,34.5458870405554,26.32727954326226
2,855,0.1,4.764028714905139,35.318017333329884,27.258553688935653
2,856,0.1,4.390399005448201,36.3711560927274,27.070087660428364
2,857,0.1,4.471200707988746,33.259801037555334,27.204758080333026
2,858,0.1,4.278007142206848,34.51277940815564,25.759043727874822
2,859,0.1,4.157825344318055,34.31035884676398,26.77061783918558
2,860,0.1,4.022616434372633,34.38331634912884,27.937089434037908
2,861,0.1,4.000566804934946,34.613183973485405,27.640655886213434
2,862,0.1,4.163258903399053,33.8969991890868,28.217148147827718
2,863,0.1,4.5566066210283696,33.2130716485734,27.57200276532379
2,864,0.1,4.634087625537703,33.081779297387705,26.720417906326514
2,865,0.1,4.795548737612882,31.862738810207368,27.974337346617265
2,866,0.1,4.728865789867484,32.291869362819405,28.460455196648706
2,867,0.1,4.684924234726061,34.052414275120455,26.082140664832746
2,868,0.1,4.120298030129453,32.45468614696722,25.559976352199424
2,869,0.1,3.6352872221102555,32.05222318297315,26.944850725989845
2,870,0.1,3.1878134977637247,29.724170594879205,27.998935480561112
2,871,0.1,3.2944414028107243,28.404579474607324,27.178322110153566
2,872,0.1,3.56279099252962,29.578075230582876,27.420388455179392
2,873,0.1,3.826203297972056,30.407308006969973,23.61600261441056
2,874,0.1,4.208274452610147,33.51975142924268,23.701920234571006
2,875,0.1,4.50573374417739,33.535042497354965,25.812415673858183
2,876,0.1,4.7937231360384995,31.991918090348868,27.805158283323514
2,877,0.1,4.88561490970715,34.30299804810965,28.03647962459258
2,878,0.1,4.614934847522426,35.544067994843516,27.164265405600926
2,879,0.1,4.656199194033325,34.22548888976492,28.85415894799921
2,880,0.1,4.726876720703188,33.8116456707463,28.082538385520262
2,881,0.1,4.517976239980011,36.60444905732962,28.267294245078546
2,882,0.1,4.533108428706087,34.72446268855999,27.030014414179004
2,883,0.1,4.302484612891917,35.95599876270581,26.51877058625062
2,884,0.1,4.080212132859291,34.285291604328954,25.14870235695502
2,885,0.1,3.9740268840468085,35.826569600094295,27.979612457258796
2,886,0.1,4.241727182825245,34.007478445443084,28.39412837128042
2,887,0.1,4.499721544414002,37.6358774560148,28.577856344282804
2,888,0.1,4.367384027486083,34.87243967080839,27.48714929947551
2,889,0.1,4.630521722051565,35.15152982026698,27.406597278870503
2,890,0.1,4.343988228473149,34.42599974939915,24.607511649401502
2,891,0.1,3.660992291037037,35.663352758544654,25.574799717821243
2,892,0.1,3.509717759749123,32.666128174225584,27.71685455666327
2,893,0.1,3.4134506767439436,31.195992183353756,27.346789254399734
2,894,0.1,3.173324856708264,33.36613040300475,26.035215739146093
2,895,0.1,3.0650383081006534,33.4086509938862,27.84766998066812
2,896,0.1,3.046756399315016,32.10506466298299,27.264551513630526
2,897,0.1,3.3084678218926635,30.381743814721037,27.554348605615292
2,898,0.1,3.224324174006294,31.188618266760404,28.008578053644023
2,899,0.1,3.647462893762318,33.47157147545448,27.60793151797463
2,900,0.1,4.202100446281186,34.66562740223915,27.66199920507523
2,901,0.1,4.787759579886668,33.26681829630795,27.21675447918791
2,902,0.1,5.014936123237142,32.46766930977481,25.68972019486299
2,903,0.1,5.099676126216531,30.65208329966329,27.842404222767154
2,904,0.1,5.137011487486439,30.510648100421466,26.927810012775602
2,905,0.1,4.853478770591018,31.542416602783266,26.90218710884848
2,906,0.1,4.387052834573306,32.70698848271927,26.750381796223884
2,907,0.1,4.2030929439401215,33.16087269372806,27.663008254043152
2,908,0.1,4.323447029284774,29.657075825972665,28.103605706817163
2,909,0.1,4.134895369226245,29.43628403553608,29.264375971803357
2,910,0.1,4.2231711913479275,32.34241519808919,29.085792658886042
2,911,0.1,4.313523657036889,31.493987064874602,28.653401964174137
2,912,0.1,4.492678608290527,30.49019810576738,28.581897982502923
2,913,0.1,4.531021364615675,30.899215637947567,27.33346618720916
2,914,0.1,4.602276704624375,31.224753470778406,25.435462833454462
2,915,0.1,4.911251724981389,32.848478781424326,27.23233252367447
2,916,0.1,4.902960253860934,33.1282508785238,28.373032695980488
2,917,0.1,4.760520270719063,31.788906496980367,26.778876108369314
2,918,0.1,4.504066891309051,29.965719793165725,27.87185265022181
2,919,0.1,4.2172948661837175,29.68480673503893,28.21777298527632
2,920,0.1,3.843664937208204,31.696385789897743,27.5371137430309
2,921,0.1,3.9028477431928983,31.871179644635347,26.812322742591853
2,922,0.1,4.583364759822636,30.998358570024497,27.13694373749047
2,923,0.1,5.004657123052587,32.375044385879626,26.915907298932478
2,924,0.1,5.135125956146076,30.97182935786612,26.827345299443554
2,925,0.1,5.405599530302435,32.759207095139764,27.42527668675796
2,926,0.1,5.645735123300563,33.425368776617496,25.227275440423863
2,927,0.1,6.195043383168425,33.69726057015998,26.177738297313923
2,928,0.1,6.034206895906673,34.98816279938937,27.491454835632208
2,929,0.1,5.6482282248553215,35.911201855635944,27.106892199872483
2,930,0.1,5.215370619968743,36.26832238711382,27.050968353116673
2,931,0.1,4.475108086755511,35.54080024788717,27.907119400929524
2,932,0.1,4.070885226573128,35.03847800553942,27.946882588744717
2,933,0.1,3.874330083062635,35.10089505081895,28.551579315269983
2,934,0.1,3.623486710681194,36.69783980813235,28.12883677254934
2,935,0.1,3.479522026255659,35.00838932686284,27.958782040715263
2,936,0.1,3.6635568362620496,35.3504573149701,26.739361850843274
2,937,0.1,3.7824031796857556,34.980649061694926,27.152933765939153
2,938,0.1,3.8785249524996974,35.37591015210232,28.06082319453279
2,939,0.1,3.742367876121605,37.8256854644043,29.640560238315388
2,940,0.1,3.735497342213458,35.3302996652251,29.209798691181955
2,941,0.1,3.6062164411132227,36.43983007272986,27.230483875947996
2,942,0.1,3.7564434006227723,36.46098179105734,26.921194888302253
2,943,0.1,4.138388527902897,35.03117603902215,27.225938721516528
2,944,0.1,4.183946418109774,33.439348901800635,27.42535288981823
2,945,0.1,4.351241741059483,31.385998587680117,25.613717419444512
2,946,0.1,4.273446518926697,32.04547138497037,26.039995710644522
2,947,0.1,4.1286218828578045,31.577473107027163,26.2049153319348
2,948,0.1,3.876668228477048,31.72543540322868,25.495946814421586
2,949,0.1,3.9015203660635778,33.11852158798002,26.50854839378846
2,950,0.1,4.103718262794029,34.350596608285564,26.934061471298634
2,951,0.1,4.269642692246257,32.00458118188395,25.96045253020319
2,952,0.1,4.519505822591131,36.18059547367131,25.34552137758637
2,953,0.1,4.587917876691092,35.04129848971324,28.537358489747646
2,954,0.1,4.536353223721587,33.781804102631,27.207424236933683
2,955,0.1,4.457746380669576,34.57860135898367,25.608132556836186
2,956,0.1,4.283238807457441,32.2541178874271,27.12860783794605
2,957,0.1,3.9077899637909246,32.98746550440833,27.434395701795683
2,958,0.1,3.8472273540295587,34.75754100814544,28.165675552798042
2,959,0.1,3.474242158713774,33.96574131387417,26.736301574697688
2,960,0.1,3.69604112466865,34.117524536260284,27.74957701038719
2,961,0.1,3.5466894205374193,34.89170641097601,25.629255728041645
2,962,0.1,3.5826184021075735,33.971956326453906,25.48525611459729
2,963,0.1,3.4850923281613877,32.820696005348694,25.22166080968121
2,964,0.1,3.6043438306890816,29.46939896909977,26.237934418144473
2,965,0.1,3.644238605010454,29.256927367757672,26.949383274847502
2,966,0.1,3.7787904979219373,29.62917697121612,27.11854316525707
2,967,0.1,4.016629819075326,29.886741155257084,27.50158941562861
2,968,0.1,4.404540531758297,31.942239786353348,27.675004329264688
2,969,0.1,4.484270189050573,30.218553810209066,28.09808172055166
2,970,0.1,4.733614798023377,32.44507723978953,27.950156446226906
2,971,0.1,4.581874550939386,33.03258022751124,27.644124252148192
2,972,0.1,4.528198420914288,33.9480261833447,26.091278194116814
2,973,0.1,4.417419957418905,35.5153077650385,26.84891299728668
2,974,0.1,4.21223534066296,33.72380351843244,26.66455887373581
2,975,0.1,4.375073158676094,35.793250337114124,27.06048585042252
2,976,0.1,4.431467104872769,33.76882224296889,26.261677458246048
2,977,0.1,4.547688491199545,33.42444940063993,24.68408666761944
2,978,0.1,4.575978065424176,32.49335928511906,24.539211725192207
2,979,0.1,4.730391046508093,32.37656016126883,25.492946426980275
2,980,0.1,4.784136716330231,30.072947070473024,24.313350231772297
2,981,0.1,4.672442952286347,28.857284426069967,24.699642679164494
2,982,0.1,4.022779674588944,30.509156408696935,24.402058741207764
2,983,0.1,3.758112803676945,32.975514346188625,25.61090485571152
2,984,0.1,3.8261293692262823,33.33411987522988,23.580007144881183
2,985,0.1,3.8225869112692386,33.91277750078416,24.52653740512755
2,986,0.1,3.914333653567575,33.90810976078773,26.06410807757788
2,987,0.1,3.912711277573511,31.134372905796013,27.548293077429665
2,988,0.1,4.27386144024607,32.79710498693065,27.282513885606413
2,989,0.1,4.500943128237324,32.418761358806414,24.316010009564692
2,990,0.1,5.051414049013419,30.59560797905682,26.480217235398058
2,991,0.1,5.274817728401656,32.86982467133039,26.604943592645274
2,992,0.1,5.393335063728961,34.415685903904524,25.466620273742716
2,993,0.1,5.492302569735754,33.02212086095814,26.02904132867124
2,994,0.1,5.384446632154754,32.245844706653614,26.049000468568565
2,995,0.1,5.534025362417767,30.27836527516009,26.494269972031013
2,996,0.1,5.885541298608367,30.6366203075472,26.41767083701693
2,997,0.1,5.789561356875788,31.110189847480545,27.20394500696266
2,998,0.1,5.491103890138239,31.518131078552205,26.699086153542375
2,999,0.1,4.698189380175747,32.070896713216925,25.166484706088323
3,0,0.1,6.443239997348007,30.36120010764787,25.1983591577496
3,1,0.1,6.028831488373642,30.516897920487946,26.31482680166171
3,2,0.1,5.289123243182719,31.94653233570696,27.537542099518703
3,3,0.1,4.999149424245441,32.26582266235982,27.995853466784038
3,4,0.1,4.946733723815728,32.181619323583476,26.9389847798077
3,5,0.1,4.680940432750881,31.776082151056077,28.372786865983255
3,6,0.1,4.412577511824629,32.55215077402562,27.904650963114523
3,7,0.1,3.9948391122253972,33.05264626059483,27.4003620754633
3,8,0.1,3.833891055564601,34.985057157593715,29.282154593703183
3,9,0.1,4.1076920025360915,36.355370088464774,28.35343718670859
3,10,0.1,4.526121386892046,36.20768410522971,27.51525500090327
3,11,0.1,4.6337527619234224,37.19072880924626,28.257029961325564
3,12,0.1,4.726137883650079,34.85322909150715,26.866679219437753
3,13,0.1,4.973380003896169,32.881255389172374,27.533729098479437
3,14,0.1,4.909026613299591,35.20029376166733,27.40855407278039
3,15,0.1,4.932983589680229,35.16017695016401,26.611838983166475
3,16,0.1,5.054579547757921,34.47331685060023,27.786449867055563
3,17,0.1,4.66916772162416,34.87679624992755,28.375244266593256
3,18,0.1,4.44343060380161,32.86668830200397,28.424402437018156
3,19,0.1,4.337261349087879,34.563808021500506,27.908474803218947
3,20,0.1,4.24013996259052,33.290981516808955,28.754823602951276
3,21,0.1,4.192532347907281,33.66235180930047,27.411130457433217
3,22,0.1,4.538877629195299,34.050334973454454,25.518756750626334
3,23,0.1,4.956172596050046,33.06420943928734,23.8372610473511
3,24,0.1,5.482363114139786,32.19290941625512,25.862764040528074
3,25,0.1,5.667211742151167,31.834424273943174,25.576640338310025
3,26,0.1,5.167252998756799,31.53059696889726,24.643053790251756
3,27,0.1,4.959727587526371,31.72228302111628,24.700877250070672
3,28,0.1,4.441382256935601,31.199571474723438,24.84360902525304
3,29,0.1,4.042134269327924,30.38776250247025,25.8646845046041
3,30,0.1,4.13490679254058,30.184264013893387,25.5673267721556
3,31,0.1,3.9771873744265105,29.993352871591007,25.860179195908202
3,32,0.1,3.839596852728406,31.5211849312738,24.75662370715534
3,33,0.1,3.966529223823172,31.581593870513363,24.881050603274723
3,34,0.1,4.350531038541128,32.09309839802042,25.318685482980268
3,35,0.1,4.233892832511598,32.04541300534385,25.34096363456696
3,36,0.1,4.115017492562871,34.30246181561932,24.24979133656424
3,37,0.1,4.231501419616645,33.645466992584,25.603610953423566
3,38,0.1,3.9083875464182984,34.30263153424291,26.99311954441657
3,39,0.1,3.492794599051205,35.484518191420506,25.96345957128706
3,40,0.1,3.2709971944846794,34.00446192773844,26.063063530537157
3,41,0.1,3.3450643403634706,34.00635918294213,25.103125904482223
3,42,0.1,3.1157202641157213,32.974305280819095,25.66273900048258
3,43,0.1,3.035787809626674,32.76191796168806,24.88452364274221
3,44,0.1,3.2248422358951383,31.06550308823839,23.23499855991031
3,45,0.1,3.300627585744537,32.175507497662345,23.92964504690474
3,46,0.1,3.8128737193557862,30.919802859959315,24.606948932015552
3,47,0.1,3.921226183061075,33.07923330724155,24.227594409051076
3,48,0.1,3.9486597507666303,32.095204203797806,27.85735309987557
3,49,0.1,3.905579888940405,33.279990730020295,26.71946750976183
3,50,0.1,3.9005716021289447,33.66192587996595,24.37445766328559
3,51,0.1,3.8379580160040474,31.30229942669321,25.70364799928377
3,52,0.1,3.957596519251462,31.814310185788095,26.59202441385963
3,53,0.1,4.181733372745094,31.278359560821688,28.156782938637264
3,54,0.1,4.303496433467586,31.16076971558952,26.602039659258242
3,55,0.1,4.443187684465137,29.92768240426832,24.814116581230575
3,56,0.1,4.767164354467745,28.45808543579635,27.085064164683573
3,57,0.1,5.080422994008732,29.651879387836587,27.955849954477028
3,58,0.1,5.003917469734695,29.041998013221846,26.746471261974445
3,59,0.1,5.042920010851058,29.091142534260232,27.732190480055063
3,60,0.1,5.0501441124582644,30.527230195865645,26.736508356731676
3,61,0.1,4.711913486601786,33.22167059688061,26.171769901651764
3,62,0.1,4.395401788293201,32.166906288288615,26.46259157266557
3,63,0.1,3.9139324271217557,30.804434679583196,28.588623879280068
3,64,0.1,3.444758004964102,31.614246587364196,27.11337177608636
3,65,0.1,2.974213433799392,32.653951727433565,26.620426953325772
3,66,0.1,2.6398348568114822,33.046512108161444,27.039169620094444
3,67,0.1,2.494626301155286,32.02060574421064,26.82346996324249
3,68,0.1,2.698778592714895,33.2279270764248,27.82041251703582
3,69,0.1,2.8216673256414917,33.93219868704444,27.757581399181795
3,70,0.1,3.0856165265489652,34.64707076258979,26.576993190661405
3,71,0.1,3.330349579168885,34.503872671200995,25.36782558538517
3,72,0.1,3.786118031520888,33.35943264625589,24.545830341568315
3,73,0.1,3.895964650553044,32.12884965358193,24.959532455532624
3,74,0.1,4.124266897428084,32.610756611691095,25.955432859433664
3,75,0.1,3.9588853919441926,34.24108501547503,25.815014519289726
3,76,0.1,3.8901879370862065,32.275588287641064,25.86684666686843
3,77,0.1,3.8658243924283746,30.402937051324358,26.685875925251125
3,78,0.1,3.744815798811317,31.944968184946113,26.46281412958759
3,79,0.1,3.733696478646563,31.211273991552968,27.54215321012928
3,80,0.1,3.6015057924867664,31.050483922258092,25.591684770933465
3,81,0.1,4.002300385725687,31.3028908295487,26.786630058751935
3,82,0.1,3.9638876453421608,32.03085095409566,26.88821004301143
3,83,0.1,3.9512910061912128,34.27793608639414,26.998297670610494
3,84,0.1,3.4591723322231736,31.09109118213272,27.00397863082163
3,85,0.1,3.05860343467854,31.306682815343258,26.179135592352623
3,86,0.1,3.198447525779179,32.93624233704628,28.511837509551434
3,87,0.1,3.1175446082457636,31.857400852057815,27.282944484357152
3,88,0.1,3.209652691242733,32.73710094619534,26.808810764462123
3,89,0.1,3.504938796059787,32.859306802678084,27.253137659418606
3,90,0.1,4.033066545738354,31.184951311656025,26.059029372797383
3,91,0.1,4.186526306646713,32.24251309994812,25.39997794373347
3,92,0.1,4.37226883558742,32.96975994822857,27.041497047310806
3,93,0.1,4.31228841060644,30.199062063494132,28.928938647677295
3,94,0.1,4.593588164980297,31.62543668269262,28.24959359515061
3,95,0.1,4.7014950279778205,33.269911335175806,28.794829325535318
3,96,0.1,4.946853171459779,31.301463162233876,27.154879847651127
3,97,0.1,4.989326618715278,33.00608563277761,25.73889528706216
3,98,0.1,4.897979589240929,32.66582698977681,27.834384335089386
3,99,0.1,4.611325063191183,33.701197975100705,25.93353167566872
3,100,0.1,4.489806460874211,33.15678112993544,26.114801825903818
3,101,0.1,4.568938963957627,33.26105163106321,26.589433394995453
3,102,0.1,4.877150383905252,33.03863502720449,27.41912270692233
3,103,0.1,5.067218802394536,32.66156765878692,27.042208332949993
3,104,0.1,5.049713898100228,33.1185913490307,26.183801197500248
3,105,0.1,4.7157720109696815,33.933054147450335,24.861317368946708
3,106,0.1,4.818444230103454,31.373735703139022,24.98329271403172
3,107,0.1,4.652008165141447,31.55061634089102,25.811143691080204
3,108,0.1,4.539942576524719,29.419609188553924,25.421844399991514
3,109,0.1,4.255125318200441,29.84955034029058,24.928987150502227
3,110,0.1,4.309474366830681,32.46540072062884,26.15762666092667
3,111,0.1,4.385223323609315,31.57796752566781,24.258919073680694
3,112,0.1,4.43574375325607,28.902814240183158,27.035378026470774
3,113,0.1,4.173468850680545,30.57180499880406,28.337833678857724
3,114,0.1,4.052520936003595,29.670460280622038,27.08372289277248
3,115,0.1,3.6400199766049006,30.161828266023786,27.55032518988021
3,116,0.1,3.270187675017932,28.949919985126336,27.151869579562664
3,117,0.1,2.9895131959582515,32.703923712276826,27.149709214394274
3,118,0.1,2.8509697651832964,32.78921577258355,28.362647380508015
3,119,0.1,2.9679997749302305,32.75995047491497,28.547460696734362
3,120,0.1,3.1547284203273014,31.045100931744116,27.067768577209957
3,121,0.1,3.1713460965336786,32.844501429508725,25.07587774980524
3,122,0.1,3.3493237640223645,34.13345555041495,24.83704832502235
3,123,0.1,3.632601896032155,34.43659068923515,26.855626418933614
3,124,0.1,3.61492125512453,36.12279871394894,27.904375848643227
3,125,0.1,3.529135434218097,34.08289575107453,27.27231104938503
3,126,0.1,3.7166057452661643,36.53324160051742,25.391286727171302
3,127,0.1,4.28021752983777,36.523855477175076,26.231865851607363
3,128,0.1,4.536567570546647,37.26055622822089,27.763041482481754
3,129,0.1,4.517452713272979,35.26026179948305,28.01131111154343
3,130,0.1,4.886651146110965,34.438920670774294,27.885088034928415
3,131,0.1,4.90558619457676,35.07415360338516,28.026699940357943
3,132,0.1,4.747761852115774,33.41955419583591,28.337496068753087
3,133,0.1,4.467170030694415,33.09506729557462,26.252957215580928
3,134,0.1,4.318256829883302,32.522299742063005,26.35710133893211
3,135,0.1,4.166473262985627,29.77953721643667,26.233036521446824
3,136,0.1,3.97128970311824,30.073151998934673,26.546729290601988
3,137,0.1,4.097551250080728,30.331544116741654,27.441478053887504
3,138,0.1,4.437292223082193,31.262068139588745,26.28527011578769
3,139,0.1,4.661529238723972,32.34069217820007,28.37893908346583
3,140,0.1,4.777736153329599,31.262199491694382,26.553573132001283
3,141,0.1,4.498252869448403,31.89741877118512,26.45254435051093
3,142,0.1,3.8851468990758122,31.601066430118372,26.683920803323947
3,143,0.1,3.3685636099447565,30.625739893889417,26.894250401476715
3,144,0.1,2.7726477349112018,31.97390596095837,26.289777541784098
3,145,0.1,2.259236483257525,33.27469026824008,27.25734197884132
3,146,0.1,2.3438169326812193,33.33679174405434,26.544913779137907
3,147,0.1,2.028820007171864,30.77234017012559,26.512647180845942
3,148,0.1,2.3750822346329907,33.67800503379595,26.45392214812651
3,149,0.1,2.2995200838374523,33.23092359605411,26.77417909025959
3,150,0.1,2.2980092081140393,33.040043388520196,27.394038405432113
3,151,0.1,2.960636793099528,33.50766792585225,27.272617832893598
3,152,0.1,3.3257695074202873,34.76795951084715,26.435479849774524
3,153,0.1,3.418907153031295,36.3860875586135,26.51216140218593
3,154,0.1,3.524833334255151,32.99501003531067,26.90549132639008
3,155,0.1,3.6441705284923738,34.81153156183301,28.064080222414034
3,156,0.1,4.128338101874425,31.706170101523654,29.436537142640496
3,157,0.1,4.170160565158652,32.0236173359047,27.197879237264125
3,158,0.1,4.583388272846194,33.18638721442943,26.150145594420774
3,159,0.1,4.63903286375805,33.23577560735994,26.337260757950425
3,160,0.1,4.573782228977249,32.42887853010853,26.477739353911605
3,161,0.1,4.29897331860422,32.5568456849466,24.941458385673315
3,162,0.1,3.6674559235960484,31.644032469470222,25.686198003486634
3,163,0.1,3.398855631211305,33.5161931497586,25.642451645746494
3,164,0.1,3.8382789524543344,33.08342297890324,25.244081571459137
3,165,0.1,4.207022380598464,33.756503534552124,24.981922297317006
3,166,0.1,4.494429628693403,33.68125355656218,26.001423589179367
3,167,0.1,4.87721739898961,33.21584520224548,27.244811367893593
3,168,0.1,4.911897573828348,34.136274700580714,25.659271251495714
3,169,0.1,4.890199256626161,35.76204185582256,24.483046858731477
3,170,0.1,4.584847415999478,34.655213258687056,25.348371748109294
3,171,0.1,4.073262270723564,33.8736955131203,23.307643793805916
3,172,0.1,3.5982662153242595,33.11733596769725,24.586274106262522
3,173,0.1,3.495740290003728,34.5885750094146,24.77169844845906
3,174,0.1,3.69680718161108,34.420500689064895,26.067206918002306
3,175,0.1,4.1369957106240625,34.6952098262106,27.99746402803645
3,176,0.1,4.3414542092008395,35.11709004516737,27.627560368924293
3,177,0.1,4.552326972087781,34.66077563344406,28.446242641097754
3,178,0.1,4.543763361059218,33.6700481681223,27.994729226979306
3,179,0.1,4.725784073198137,32.259918413491945,24.681002665076427
3,180,0.1,5.026889140708122,31.364282989979653,22.64591080641704
3,181,0.1,4.679650914273137,29.893729308622408,22.287071525635277
3,182,0.1,4.231798354793189,29.73689196898773,24.263718254101043
3,183,0.1,3.8195100304633276,30.702926711788347,24.077570748794663
3,184,0.1,3.8388970472051502,32.782564499022165,26.948232763275055
3,185,0.1,3.4618178745387205,32.80266058603049,26.27668712778438
3,186,0.1,3.250694720922273,32.79856937056976,27.91435147227822
3,187,0.1,3.0435371491458705,33.53868804452633,27.919741887779246
3,188,0.1,2.974290862668557,33.67803344857974,27.069708243329483
3,189,0.1,3.178833551299815,31.626038294970645,27.3225707332111
3,190,0.1,3.8873340294623184,30.944359414597923,27.25768664988369
3,191,0.1,4.181566289760976,31.068890901263604,26.9595484664046
3,192,0.1,4.085440133760244,30.899095357422507,26.539740815031294
3,193,0.1,4.281080151344993,32.01900816066765,27.636637233891463
3,194,0.1,4.490636058942988,32.4280353594167,27.559782915665373
3,195,0.1,4.569730063372244,31.78112376267072,26.68120202698491
3,196,0.1,4.322881504526582,34.72291315190611,26.431626396325665
3,197,0.1,4.175810216643784,33.12771914871372,25.28121355166884
3,198,0.1,4.006434457461095,35.10035299907251,25.977992340826287
3,199,0.1,3.5218346123575293,32.229095902969874,26.837233432172834
3,200,0.1,3.3060496711085765,31.11808554207982,27.251643496797424
3,201,0.1,3.0793323596902784,31.972143662389005,24.76111540976279
3,202,0.1,3.0221461842110062,31.992964016365352,24.324364811576757
3,203,0.1,3.044454330247151,32.375670164282084,24.631008865072822
3,204,0.1,3.29457295597198,33.21667264786489,26.790639975505304
3,205,0.1,3.6238746900622294,33.011460295711586,24.38767603872798
3,206,0.1,4.151338521816212,32.77672034210173,25.84663184255663
3,207,0.1,4.444402927994801,31.86037012101994,25.945637128554456
3,208,0.1,4.439639454541928,33.78896033879175,26.120470206556437
3,209,0.1,4.29093256744984,33.39437903964909,26.57988808558733
3,210,0.1,4.249821313046019,31.01389706242804,27.041430749496115
3,211,0.1,4.262550501332836,31.58500564199329,27.70895830358232
3,212,0.1,4.149964483475742,33.6556324283965,28.03986828410996
3,213,0.1,4.006324927673072,34.03627002394086,28.497389468475106
3,214,0.1,4.553422925937343,35.71725649625909,28.497594339185195
3,215,0.1,4.554728800305959,35.05707905710332,27.48951774752788
3,216,0.1,4.39953578800303,35.06913947222574,28.004096768958306
3,217,0.1,4.656925955703733,33.50052928931272,26.983942873516312
3,218,0.1,4.581767026543203,32.69056486697115,26.691583250634103
3,219,0.1,4.4732384936410154,32.042771686584636,27.474565218293332
3,220,0.1,4.265154637118476,34.37231611558308,26.535525886312865
3,221,0.1,3.7439509701715354,35.347674640234715,27.805121360897438
3,222,0.1,2.9658132509219843,34.92772315104547,27.481909641847064
3,223,0.1,2.1988948740976353,34.040514612062175,26.593087603222177
3,224,0.1,2.208032856682306,34.258001982643435,24.97213090874018
3,225,0.1,2.5357166868444985,34.55791194124098,26.762461419696002
3,226,0.1,3.0244494776337802,34.29956447815689,28.15638497003969
3,227,0.1,3.6591663087936945,32.56394205741294,29.521406801720367
3,228,0.1,3.7077316031302168,32.66013033876297,28.93957406326883
3,229,0.1,3.68502625369426,32.56603187797086,27.587472621344837
3,230,0.1,3.9097409350849426,31.75147010946072,27.068846558865644
3,231,0.1,4.052818785590467,29.65587551952707,26.233538880266543
3,232,0.1,4.012698329954572,32.05422625114252,27.50662279072667
3,233,0.1,3.9155018053442685,31.521204360944218,26.488962339221125
3,234,0.1,3.755603379333236,32.097473398048486,26.953092809417807
3,235,0.1,3.2989302826357925,34.78805444116497,27.507131417750323
3,236,0.1,3.1644368449426885,33.76498781710863,26.94017585989857
3,237,0.1,3.2318463190605784,32.9795448191558,27.194191108527715
3,238,0.1,3.2705384989677,32.52616178710776,25.22561842755487
3,239,0.1,3.4663435076387183,30.770125507226524,26.693613839782927
3,240,0.1,3.4946979574847816,32.0723443620796,25.94309753623628
3,241,0.1,3.456360707752369,35.21123430735292,26.429393877016132
3,242,0.1,3.523195728021088,33.91259316863658,26.1212542235402
3,243,0.1,4.003158584650775,31.477136393940942,27.21657755608611
3,244,0.1,4.060222081772056,31.904836266428163,25.82301197155764
3,245,0.1,4.032315807340093,31.990915921425287,25.57639280000663
3,246,0.1,3.8196539543820043,30.99308143053877,23.635175971387042
3,247,0.1,3.6940029003864305,32.574592181176094,24.875338892869674
3,248,0.1,3.8426384940092255,34.557188623787034,27.295587362789256
3,249,0.1,4.147735693311734,34.05904778335461,27.061155639726007
3,250,0.1,4.325640819348457,31.689088541481,26.69307931332007
3,251,0.1,4.305139946517302,29.911895704038834,26.448267404675203
3,252,0.1,3.9979699989346376,30.021183679894722,24.55314130827809
3,253,0.1,3.4381575125482486,30.82985361915374,26.6327203476348
3,254,0.1,3.2784358619928904,30.31120111803942,28.529030665975192
3,255,0.1,3.586571043469979,28.371507795133994,27.348007377154826
3,256,0.1,3.1132821706165243,31.190768802481834,25.334533795936473
3,257,0.1,2.9539460515949654,31.85836675227945,25.044791147578113
3,258,0.1,3.162502277764888,29.315492226147004,24.494471567719366
3,259,0.1,3.3485616642197042,31.446468876000047,24.364232127215068
3,260,0.1,3.2392135466571785,33.13361796095395,23.448507934402254
3,261,0.1,3.077615546543411,33.721191528072055,25.29247658044831
3,262,0.1,3.3331671794269964,31.95086217290288,26.03373906267513
3,263,0.1,3.477727023790605,32.57384595050994,25.62935651650482
3,264,0.1,3.7808045025753687,32.774262530703275,26.347646588398618
3,265,0.1,4.182678219737053,32.88560208690717,24.841087254385812
3,266,0.1,4.339120567325553,30.020565569539766,26.839923372476036
3,267,0.1,4.3646513286854605,31.543941301717286,24.88128627655955
3,268,0.1,4.255258031972915,29.772841294283584,24.55655901991537
3,269,0.1,4.153969217879646,31.458567251049875,24.917446732445224
3,270,0.1,4.012391435219699,31.681257172860658,25.528664708582497
3,271,0.1,4.231640265979002,33.60921118787889,26.177420398210124
3,272,0.1,4.417423211823202,32.186214773989754,25.626061931285818
3,273,0.1,4.555021423980888,33.76297967948582,26.114930868842222
3,274,0.1,4.022104528198943,34.69732642305387,27.042237490424082
3,275,0.1,3.869565937060064,32.10212709801318,28.00330383774574
3,276,0.1,3.517975772557996,30.30425614572201,26.332567716345345
3,277,0.1,3.6084465545394906,32.36164337183152,25.811625229433112
3,278,0.1,3.437251253506071,31.36961205340624,26.705772874672025
3,279,0.1,3.475315157941923,32.07004624641401,26.21197703301721
3,280,0.1,3.543722426497751,29.769022265150547,26.627373530879446
3,281,0.1,3.698141755974249,30.414100957688095,26.273341208000947
3,282,0.1,4.221162865344818,32.904899014430725,26.05185569161457
3,283,0.1,4.399272659486565,31.666754877965396,26.55895581931303
3,284,0.1,4.294811429470162,32.96318274614918,26.85781986577546
3,285,0.1,4.173978255072995,33.885511588505246,27.83682154296943
3,286,0.1,4.1668649963993944,31.27411024443909,27.676667168360204
3,287,0.1,3.975179979687012,32.339287323366385,26.335892083577306
3,288,0.1,4.0709567276275855,32.1523858068436,25.380097003326398
3,289,0.1,3.919955340984304,31.51584995237384,25.604443612891416
3,290,0.1,3.757320735630898,31.18843082460719,25.919650504700805
3,291,0.1,3.9931981002346824,31.151136404743703,25.090740001688864
3,292,0.1,4.093056609031988,32.05873800391925,26.021192422971417
3,293,0.1,4.095150817806006,34.6286722387174,24.088776128188563
3,294,0.1,3.88467923558661,34.49789880853508,25.77176101762206
3,295,0.1,3.6719996047205377,34.2680971291331,27.55195253894744
3,296,0.1,3.6984966531932697,34.49752537143738,26.332523054204113
3,297,0.1,3.551201910069095,35.04270245026535,26.256740351323447
3,298,0.1,3.29970991989691,32.73371036880573,25.86847978423733
3,299,0.1,3.5942839459449405,32.067347571429515,24.57327164816933
3,300,0.1,3.6205891029176405,33.74594433333332,26.309117485553593
3,301,0.1,4.048280498584402,32.4332505708946,25.899891187305517
3,302,0.1,4.184130135132164,31.844947095362397,27.10348543221082
3,303,0.1,4.172957178123911,29.679118557874997,27.41069913442511
3,304,0.1,3.92015650529214,31.03792762659191,27.538856796740824
3,305,0.1,4.189947994919694,30.489661348328287,28.856044503404824
3,306,0.1,4.152463337465915,29.831453439511765,27.82844449083862
3,307,0.1,3.68366206330486,31.73943499291053,26.411507413498686
3,308,0.1,3.7103401807412464,32.51767559422049,26.955116551800558
3,309,0.1,3.6953607593745015,35.22408053165156,26.68214801283096
3,310,0.1,3.798721822694412,35.00624704186893,27.07593223106317
3,311,0.1,3.858172833351155,35.0090360129033,28.302161013463873
3,312,0.1,4.003426717093137,34.93028821418769,29.02854404581841
3,313,0.1,3.948559381061922,36.103711018246955,27.08614343587463
3,314,0.1,4.180918874949889,36.22953725492686,25.65759117135444
3,315,0.1,4.517710629552641,32.67444982850814,26.57877849337975
3,316,0.1,4.411261983193753,31.23209059819557,23.324756152739383
3,317,0.1,4.381889507291388,29.838347502043362,26.099995080931414
3,318,0.1,4.313501018166952,33.24891422621082,26.46999745866234
3,319,0.1,4.383016048688633,33.3608286182005,25.541960588204475
3,320,0.1,4.032315606064252,33.88308822104031,23.34456079195228
3,321,0.1,3.2253527967725324,32.103426201714946,23.528997957232047
3,322,0.1,3.0545160529851985,31.70199635085099,25.144737174517015
3,323,0.1,2.966648179780574,32.99001567889615,25.366447709259464
3,324,0.1,3.038548487734567,34.95858019692914,25.0575323465479
3,325,0.1,3.251708031320091,36.65648680157012,24.552814363606306
3,326,0.1,3.614999655824711,36.36130122980608,25.36687319528089
3,327,0.1,3.7045130294217867,34.87719472042891,25.938379811874086
3,328,0.1,4.1172979480982415,33.88872720587653,26.866045272503353
3,329,0.1,4.000729183016181,32.46004247060876,24.884807549580586
3,330,0.1,3.9509769450332315,32.28149690943785,25.500575729654845
3,331,0.1,3.7147101620777505,31.51536381924002,26.481324437970745
3,332,0.1,3.244469863589666,33.96156221423767,25.762572600675163
3,333,0.1,2.5953487351903357,33.62205811445091,25.1432959777574
3,334,0.1,2.2836904073483852,32.8231539806605,25.279381087289227
3,335,0.1,2.378735535117649,32.605662135578875,26.270274241300104
3,336,0.1,2.6826552338289056,30.822656932931455,24.961480006837935
3,337,0.1,2.986477417109025,31.200701250326773,26.021949994833346
3,338,0.1,3.050908277251475,31.74691569644804,26.98312301415662
3,339,0.1,3.533481198522684,31.420944962579394,27.358441484424127
3,340,0.1,3.8477828126595925,31.33995824984335,25.790525316163667
3,341,0.1,4.079862523796797,31.860042503617752,26.728651428178246
3,342,0.1,4.4509898252362,33.68223488930195,24.38790051040886
3,343,0.1,4.535328360877091,31.462595552398042,25.292903407312412
3,344,0.1,4.741409429968446,30.813670545454688,25.721203828054332
3,345,0.1,4.832668333682499,32.77965456928586,26.218811947584946
3,346,0.1,4.665290263539336,31.74989358698459,27.11591461359399
3,347,0.1,4.587836352691258,33.81958858706496,27.246150911260063
3,348,0.1,4.481028317731155,32.130358231069884,25.72695528781681
3,349,0.1,4.525011566424063,31.771078824119215,25.019858167614796
3,350,0.1,4.461001819775608,28.506941214450862,25.610588914201653
3,351,0.1,4.196984690153203,30.032308558444686,25.94496320917107
3,352,0.1,3.8376641658271344,31.411228353153092,25.05804309591077
3,353,0.1,3.482354037693996,32.859561870793954,24.87542895164877
3,354,0.1,3.5934203674443506,33.4038699403014,25.86627736589529
3,355,0.1,3.549399261394301,32.551874442619386,26.460482083111142
3,356,0.1,3.5742996440665378,30.13194297620489,27.18442914761923
3,357,0.1,3.428201770673491,28.51039613466925,25.92054057265502
3,358,0.1,3.2009300741738844,31.37509016905636,24.824429604694924
3,359,0.1,3.042101463885576,33.38688319070189,24.222563374679922
3,360,0.1,3.056697424002681,30.35182104323734,24.993131406488448
3,361,0.1,3.5641942922332923,29.1393617322278,27.442693816564066
3,362,0.1,3.8773757956007704,30.861278776378022,26.531034209643664
3,363,0.1,4.256323570008541,32.042296360241224,25.884294157026435
3,364,0.1,4.441618614644569,33.09838517096907,27.73976944781735
3,365,0.1,4.562245791774058,33.543087233000136,27.964434955121085
3,366,0.1,4.645586762091973,34.97812689567185,26.647226486924666
3,367,0.1,4.346852200585692,35.14988122802866,26.13410158097942
3,368,0.1,4.057865983135516,32.60035609493254,25.05457577525927
3,369,0.1,4.138165482921618,32.26442577681671,24.473314327735036
3,370,0.1,4.377236188143752,33.03324398675173,25.69741465481024
3,371,0.1,4.341008151209358,32.95540895835157,25.545290114484512
3,372,0.1,4.435556161716229,34.395241598026985,23.84662467781256
3,373,0.1,4.370209871130353,32.81700568626568,24.746474742554515
3,374,0.1,4.2898458288385815,31.35178331271956,26.848152394151327
3,375,0.1,4.291169155440375,29.58224187174212,27.1899225167957
3,376,0.1,4.280455876081254,28.965282734391252,26.137442000418066
3,377,0.1,4.0909672453714885,32.12045279553673,26.29010181665082
3,378,0.1,4.413711267895601,30.551911805308126,26.86966513322883
3,379,0.1,4.530628067764151,31.037797080748916,25.829043297539624
3,380,0.1,4.737930047145848,32.82957508544486,26.6760270196138
3,381,0.1,4.422592263396852,31.880236805530984,27.16872031026283
3,382,0.1,4.3843857764865595,31.758204446770616,25.981890288005665
3,383,0.1,4.039098196168883,31.93288129021416,26.851691829827274
3,384,0.1,3.8926971139315585,33.026676630140244,24.956465730929573
3,385,0.1,3.4068276743772756,32.82725035741903,25.375117897602724
3,386,0.1,3.290243095156966,31.892651648631027,26.12105839132174
3,387,0.1,3.366769229017306,32.44490133421014,23.9336815335382
3,388,0.1,3.499490880031278,30.42885100877421,26.57192240587393
3,389,0.1,3.6936513129701902,30.461273448855557,23.113232545040795
3,390,0.1,3.5800251884329306,31.485478366772206,25.160665325502183
3,391,0.1,3.5725749988169717,30.690268180383747,26.47970818062201
3,392,0.1,3.522805151646711,32.632199078814814,25.962251493530548
3,393,0.1,3.7533351582625345,30.054064559294567,26.608945735686213
3,394,0.1,4.197687547706884,30.836152711892044,27.428939294298882
3,395,0.1,4.253811266664065,32.355373272504366,27.94663342968178
3,396,0.1,4.050129377100745,36.33385277134829,27.51352829369999
3,397,0.1,3.760010079279277,36.308507345617045,26.38794111438953
3,398,0.1,3.526056629879675,36.465508608331795,25.48049200024663
3,399,0.1,4.002622877784916,36.364440789922774,28.24049230366481
3,400,0.1,4.407429359462456,33.60442846841783,28.10390142084166
3,401,0.1,4.94546872990425,33.83480268140269,28.154202388985386
3,402,0.1,5.796349506865205,33.1670116501528,27.242691288008906
3,403,0.1,5.824610757022717,33.882414428740695,27.2049014273631
3,404,0.1,5.298938550488897,35.77121608325754,26.244393899428932
3,405,0.1,4.444150324945471,35.36658874897114,26.06843289039716
3,406,0.1,4.086265791378301,35.3483216723389,25.036958143587107
3,407,0.1,4.038327137968882,34.44641776355165,25.194534031383608
3,408,0.1,3.7635991146941787,33.91604054809916,24.971846550190868
3,409,0.1,3.682970595533986,34.73227737988315,27.013522289490997
3,410,0.1,3.5637032595869966,34.320986448302826,27.228517036597832
3,411,0.1,3.5327545468772468,34.53611663489301,26.029869844997414
3,412,0.1,3.657954744879186,32.03837694524815,27.682963434466625
3,413,0.1,3.9096650296987767,32.10279787963188,25.349503059264215
3,414,0.1,3.8351196064743003,32.77926600246775,26.23405333712983
3,415,0.1,3.983879073336831,33.88522332507133,26.457659936139702
3,416,0.1,4.127763381988193,32.361465629004485,26.36720757129765
3,417,0.1,3.8436167491099438,30.458577752417504,26.76910086284896
3,418,0.1,3.6290669175294994,30.560143787622923,25.392703794100566
3,419,0.1,3.1307559871571544,28.668882704485632,25.74005992463746
3,420,0.1,2.8133304106622514,28.140293552152702,23.931430118544903
3,421,0.1,2.714070826709804,30.996857784522774,24.774325544749516
3,422,0.1,2.444466898628045,29.944631916669135,24.087365882648633
3,423,0.1,2.528625148741056,31.67050193662273,22.420587143197324
3,424,0.1,3.0116022524687622,32.81541502196355,22.712815721557952
3,425,0.1,3.1429180124265197,30.74139392020028,23.388712455430362
3,426,0.1,3.469783737276426,28.84103791902892,24.335762296675465
3,427,0.1,3.676691228531147,28.986026639360627,26.744263302367138
3,428,0.1,4.114412732103777,28.75006290981019,25.215942707617998
3,429,0.1,4.248838918005644,29.75399781922066,25.791935034221606
3,430,0.1,4.32641798017165,31.19343878500669,26.0115355226607
3,431,0.1,4.142002697516464,27.411872124729037,26.268897876609255
3,432,0.1,4.311727035551058,31.252106766248023,26.981830005803367
3,433,0.1,4.829402664564113,30.93807531250492,27.42352481693376
3,434,0.1,4.918433011433951,29.396213489007256,27.798810209918084
3,435,0.1,4.812878662474611,31.174581112909927,27.246915698774778
3,436,0.1,4.443624270630039,30.997419120926658,27.154070956921288
3,437,0.1,4.124226160683116,29.876664805857143,26.772193243747093
3,438,0.1,3.876074184268051,31.25367697811165,26.813730332176913
3,439,0.1,3.7304441194714557,33.72394403245178,27.675374664753033
3,440,0.1,3.470891912997174,34.53522113290873,26.429579622947806
3,441,0.1,3.3111877346839966,31.208032928043632,28.435647330026292
3,442,0.1,2.9886002054073875,29.1726887614723,26.257621210191584
3,443,0.1,2.755258508954899,31.666101709300914,26.71949291981831
3,444,0.1,2.4821177525534295,30.605069343715414,27.35935454234554
3,445,0.1,2.2376236453379788,31.572462092646653,25.22898908555348
3,446,0.1,2.207021457716036,30.53378746368468,26.212561195546556
3,447,0.1,2.84329303007714,32.10058078605019,26.266113412392084
3,448,0.1,3.735536972413102,31.876336150016165,27.183823038855373
3,449,0.1,4.32462821655027,32.59177920897973,28.332080253851824
3,450,0.1,4.283207051728054,34.04111252286163,27.805954039792102
3,451,0.1,4.0070166756833405,32.80676291043381,28.002111537968258
3,452,0.1,4.080870678101943,33.145403404021565,27.71451721314764
3,453,0.1,4.202442072668878,32.437165663495854,26.73078838151621
3,454,0.1,4.690353615547507,31.82625929655709,26.18304412557981
3,455,0.1,4.929582830180823,31.095193299932895,26.239046930019395
3,456,0.1,5.201521253445685,29.891787672916017,26.11772110164687
3,457,0.1,5.242243835040198,29.364906338685305,26.65058500471533
3,458,0.1,4.729341161277102,29.18813368912729,25.743745840387955
3,459,0.1,4.191774916937092,30.182157480715983,26.148619602947427
3,460,0.1,4.001176513284337,31.95566819856501,25.91092738206009
3,461,0.1,3.7167209339456675,32.07549958154243,26.335878784943997
3,462,0.1,3.9686653504708116,31.68579347095019,26.30141857660746
3,463,0.1,4.374479731463314,29.854685414246784,26.558348640554208
3,464,0.1,4.6614419251179156,30.604784615307686,27.541018430595386
3,465,0.1,4.376450168077328,31.76678325578087,25.75089199351294
3,466,0.1,4.229501214657673,31.899430450674956,27.099789411790955
3,467,0.1,3.8737419560666013,29.941043849170264,27.06584381875639
3,468,0.1,2.949494191992154,31.154633724135326,26.819673171358453
3,469,0.1,2.7387370178050734,33.58528018753646,26.66477057566326
3,470,0.1,2.564012211847057,35.117654183436436,26.83248395758101
3,471,0.1,2.398120109157442,35.256338022630175,26.178583045192497
3,472,0.1,2.478506396499312,36.85825718938293,26.761818545918384
3,473,0.1,2.8904973686198314,32.52568958663028,26.43129903812907
3,474,0.1,2.938674789540087,34.4123782549736,27.21561844777219
3,475,0.1,2.4990477104673996,32.408227109249026,27.975811764477612
3,476,0.1,2.8623595182960555,32.65901497031269,29.263318738324323
3,477,0.1,3.078500415265724,31.978310592143604,28.533009478285557
3,478,0.1,3.3766731019381293,34.67721936095709,28.739940954573797
3,479,0.1,3.8852844062682874,32.739441770327936,28.090007152105702
3,480,0.1,4.33660439726939,31.587332459247055,25.432799029635156
3,481,0.1,4.4819190405071225,35.21537772855928,25.10044624701529
3,482,0.1,4.443946936360935,34.03719141684005,25.28122010978957
3,483,0.1,4.3481116697218445,33.41574869043221,25.301690199683694
3,484,0.1,4.668796729360397,32.83097826124107,25.56285869683223
3,485,0.1,5.08458425520474,32.88842989195972,24.141140747930734
3,486,0.1,5.231549714028351,33.75646242774414,24.357570845491434
3,487,0.1,4.698588687953351,32.51758195173311,24.343573553169175
3,488,0.1,3.788833978437954,33.40333882495628,27.495801463591203
3,489,0.1,2.974304253804042,34.27235471743551,27.055104293184257
3,490,0.1,2.5384339669613816,31.786283811793457,28.338058782241298
3,491,0.1,2.3633369782896,31.9304202486686,27.41281235784641
3,492,0.1,2.6368529045483475,34.21780420890574,27.586973234811175
3,493,0.1,2.6998214982117332,33.406703045792966,27.482266724609552
3,494,0.1,3.386581113832267,32.590559553676535,27.159643478749686
3,495,0.1,3.947760326766455,36.083731885410316,27.685105362918584
3,496,0.1,4.465920169209555,34.02731192093252,28.04694444837778
3,497,0.1,4.887575797186271,35.9274863188422,27.03529011534104
3,498,0.1,4.911553767095834,33.893575547107616,26.41546692275154
3,499,0.1,4.8360726175372,33.319210560200574,27.181003659509308
3,500,0.1,4.802827062481698,29.167130013429055,25.92945430619179
3,501,0.1,4.348792742525388,31.4549139783666,25.458223618744196
3,502,0.1,3.8636879375240496,31.271877196306573,25.324908095438225
3,503,0.1,3.948426389022674,31.062070598679533,25.81262747196183
3,504,0.1,4.048048567339925,32.05254546972685,24.9982905101815
3,505,0.1,3.8506877162469357,34.613797836517584,25.189037416651928
3,506,0.1,3.701821396357279,31.82604355610354,26.118161713707778
3,507,0.1,3.789827209963852,33.72849264416702,24.83216727180918
3,508,0.1,3.9918424980417027,32.854609319792374,25.67148513435006
3,509,0.1,3.7560312356461663,34.166437159047,26.508308376522788
3,510,0.1,3.8256146821474446,31.809270970871836,27.946797791693193
3,511,0.1,3.7778094410603065,31.97179036986207,26.071415864275185
3,512,0.1,3.7350489761616847,30.24501072832012,26.540655990495026
3,513,0.1,3.977894817539191,30.656783292400245,25.559919480190864
3,514,0.1,3.8944557319951154,30.615918575373854,25.953597763616788
3,515,0.1,3.579160167511708,31.511562667912035,26.691642789564142
3,516,0.1,3.4230672700748146,32.77572603746807,28.02361928364015
3,517,0.1,3.231667519483201,33.04600894981544,27.64099005922048
3,518,0.1,3.0794401453162403,32.45603745787528,27.43371157914686
3,519,0.1,2.756778729848714,31.30708949901544,28.199125358063302
3,520,0.1,2.5985700662760154,30.349992800149508,27.00135156328244
3,521,0.1,2.337660360203401,34.82274612234582,26.522196443488664
3,522,0.1,2.362525549180439,33.25408776698153,28.669718974470904
3,523,0.1,2.7603931636635064,31.16142919589795,27.754265875945734
3,524,0.1,2.8903258155746805,31.082183411142907,27.307864228494843
3,525,0.1,3.133597020987804,31.496763326116785,25.55477010118724
3,526,0.1,3.3451595555684515,31.708916343310346,25.966035129381478
3,527,0.1,3.2596552753078925,30.594900572464333,27.67892209912872
3,528,0.1,3.1131316337191954,30.10887664674314,26.659805623752685
3,529,0.1,3.0023339385950374,31.171845464032614,26.564033025944447
3,530,0.1,3.5745820887256676,32.36738244779535,27.018590870748948
3,531,0.1,3.7572814908858705,31.38287325238627,25.761284199611033
3,532,0.1,3.819242116033471,31.45574238388887,27.23882817129539
3,533,0.1,3.952466245876995,31.184476942095365,25.621614452649936
3,534,0.1,3.4567723601294778,32.085524308472635,25.99768603550516
3,535,0.1,3.39790811905566,30.36691059206099,25.810795583921447
3,536,0.1,3.6348544040798823,30.301762370920933,27.341678342171548
3,537,0.1,3.4535696018526054,29.170040164828066,27.81594230863856
3,538,0.1,3.2489356638887172,29.20052228235025,26.64122665038691
3,539,0.1,3.034529776220315,30.91196688288612,26.407199365408395
3,540,0.1,3.0159558505603794,32.247082352947004,26.733418646782546
3,541,0.1,2.8301223124868686,32.124556935441525,26.7054299114573
3,542,0.1,2.8897169448589213,34.674534791303365,27.291299917000924
3,543,0.1,2.877659809698833,32.32514516003466,27.022784113539267
3,544,0.1,2.7348744825503037,29.324573819766623,28.310090628758275
3,545,0.1,2.42132066086899,30.356805969251546,26.688667780274574
3,546,0.1,2.6428444520570986,33.438571968645554,24.833206694540493
3,547,0.1,3.062943731232359,35.23228503930764,24.83051537235533
3,548,0.1,3.2568599306418684,33.35794967162039,25.067192159090407
3,549,0.1,2.9025309325030637,34.3104755574499,26.30842594020848
3,550,0.1,2.7263963242053024,33.31342453828559,26.41259969686592
3,551,0.1,2.6329423965289314,30.733834518436797,25.824841825470955
3,552,0.1,2.7706736179345004,29.683863751876494,27.92941714692661
3,553,0.1,2.8479878655914854,32.83263790932061,27.019035838672735
3,554,0.1,2.8906354797354665,31.69310991536284,29.02173835392668
3,555,0.1,2.9912764232081503,32.89280504227932,26.33072915430148
3,556,0.1,3.0476730549912476,34.560454341022584,26.4254351426662
3,557,0.1,3.281531878865146,35.551654243140064,25.768556938080152
3,558,0.1,3.618727559142618,33.115959725243144,26.35546464318379
3,559,0.1,3.671108388682496,32.80265896159268,26.541839554879825
3,560,0.1,4.122497075244549,34.23032617332602,27.48565245718416
3,561,0.1,4.654424761306551,32.086964453691,26.085387815105335
3,562,0.1,4.662283012377702,34.79395389060619,25.539715458194532
3,563,0.1,4.836196963859397,34.21707816395566,27.06094032495482
3,564,0.1,4.910422067690764,36.25823052844069,27.002674642956013
3,565,0.1,4.801566639619575,39.16280057409911,26.466268431594077
3,566,0.1,4.486474619483698,36.66944869284353,27.213659566912455
3,567,0.1,3.8984905664884995,38.20733574172219,27.298667289582266
3,568,0.1,3.5523506676531253,35.847040208682905,26.27026479166633
3,569,0.1,3.4394669451496287,34.39953013501224,27.156825996970476
3,570,0.1,3.5555107364789014,36.606033269011746,27.90056673826317
3,571,0.1,3.669977802120797,37.10537429514905,28.20069419795251
3,572,0.1,3.674324981823829,37.39942032114167,26.757388880471233
3,573,0.1,3.840082745744953,36.69227816472541,26.070666507938157
3,574,0.1,3.9738543948600675,36.22313517726692,25.52866321460107
3,575,0.1,3.7147863756760593,36.533269110850455,27.430358811169533
3,576,0.1,3.626223524734101,34.0602737925398,27.304909963729603
3,577,0.1,3.336208059478212,34.089890207786794,26.27888122036875
3,578,0.1,3.3561503665012236,35.192389156387904,27.475082543132704
3,579,0.1,3.6429342501138287,32.99295798520225,27.380269727414213
3,580,0.1,4.065105311509166,33.6919570559088,24.208261585663355
3,581,0.1,4.267692580715285,33.87190781025434,24.775497634683745
3,582,0.1,4.257710938873194,34.001534468927915,23.880159511074766
3,583,0.1,4.456519095410908,32.32882136419635,25.755832446812043
3,584,0.1,4.553386549148902,32.419795190040176,25.844150256523285
3,585,0.1,4.456361939534779,34.525398935680975,25.92189679336854
3,586,0.1,4.162571612170163,32.33309272667285,25.389106281327226
3,587,0.1,4.07378401558584,32.172789670375515,26.13337399595917
3,588,0.1,3.8173160811719136,30.611456531953017,25.330115296594954
3,589,0.1,4.048148838273605,30.46107435031679,26.583663234332597
3,590,0.1,4.196988000724355,31.24087328012621,26.513718013775247
3,591,0.1,4.361347221179386,31.779617407806004,25.071893949595065
3,592,0.1,4.206275847942235,34.17003776835107,24.447865047279702
3,593,0.1,4.165694578997325,36.11589594268487,26.381584839095762
3,594,0.1,3.6920548430728566,34.12145288735493,25.58631191665346
3,595,0.1,3.507144863709262,34.18843152410183,26.807859178937104
3,596,0.1,3.693989031926718,33.93247820786482,26.026485111358042
3,597,0.1,3.975266851708139,35.79704300734042,26.461704213207096
3,598,0.1,4.148505849580653,35.07405607249109,27.624360287162023
3,599,0.1,4.588821516272213,34.55297866006938,27.70949670661193
3,600,0.1,4.745839176400722,31.580598764732684,27.790045168756468
3,601,0.1,5.128683413403443,32.71613928840325,27.4755676756024
3,602,0.1,5.600790414668462,31.87546152571763,26.969143266941998
3,603,0.1,5.77135190025743,31.660121001786564,28.619896699058707
3,604,0.1,5.590158410785042,32.75882132498771,27.497809624118318
3,605,0.1,5.20205601447465,35.34164606945375,27.2648562035804
3,606,0.1,4.908449910791211,34.010430395705974,26.069903363904487
3,607,0.1,4.369863052442283,31.57977265909645,24.904066452806973
3,608,0.1,3.935828224725593,34.00624954512597,26.24305301226383
3,609,0.1,3.882885874931431,30.275657950918774,25.707525873956804
3,610,0.1,3.534852650167469,30.77862260990778,27.72799171859579
3,611,0.1,3.514182901521988,30.066298305816254,28.687102327965007
3,612,0.1,4.478109528863433,32.066799936071334,27.3234664819249
3,613,0.1,4.638680141252996,34.748699095233526,26.28142161078689
3,614,0.1,4.647846293926406,34.63758002786604,25.807117980882527
3,615,0.1,4.731461957003027,32.10825882619905,25.868933171977098
3,616,0.1,4.735664639571986,31.483916272300313,26.307137092472324
3,617,0.1,5.007345312291313,35.052505537863716,26.776136418662215
3,618,0.1,4.972078343153598,33.97709223003532,27.718681290756603
3,619,0.1,5.192433371159309,33.853447586145464,27.48834493277356
3,620,0.1,5.140732538185162,35.42823917251721,27.758650919209483
3,621,0.1,4.775257978841696,32.4915904210956,25.99226227398564
3,622,0.1,4.522265259405337,32.307445367001975,25.59813685478574
3,623,0.1,4.087531313015688,34.11725446872105,25.197089479291577
3,624,0.1,3.7750330609798133,35.01632145769804,26.250302721099075
3,625,0.1,3.5779528716698312,33.96916152060822,25.785394386767354
3,626,0.1,3.2364106380834343,34.4118873608649,26.07751608017689
3,627,0.1,2.849711561223322,33.034327099533414,25.834625566147214
3,628,0.1,2.8428534930335783,33.06831663074463,28.571410817210168
3,629,0.1,3.2337349780832367,32.402588002475134,28.065459140116104
3,630,0.1,3.6020636025440322,32.617915687435136,27.130047940782006
3,631,0.1,3.5419727295809187,32.211681738880394,24.853971744659148
3,632,0.1,4.030505823095622,32.79761586273656,24.84702783582504
3,633,0.1,4.210781044632795,30.679331011618444,26.815854876132136
3,634,0.1,4.233477301961899,33.56587102217284,27.143069834255503
3,635,0.1,4.012608493247545,32.562351774560305,27.00571885321511
3,636,0.1,3.782789340273656,32.71713288758479,26.43320650667693
3,637,0.1,3.6638133030064344,34.197583431665436,25.88043420865928
3,638,0.1,3.733303663405145,33.30906310599459,25.717939276419692
3,639,0.1,3.971212397136246,32.72296684486112,26.363147544396522
3,640,0.1,3.8653178214789845,36.40146933501288,26.729918447236205
3,641,0.1,4.2163729229600735,34.87475985925299,27.20611838612644
3,642,0.1,4.5352367392692985,35.65085841027591,26.795367075146853
3,643,0.1,4.596369179417661,34.97483381114327,25.010841049498335
3,644,0.1,4.619852282691984,32.99007193586278,25.810998342279525
3,645,0.1,4.312654780607706,32.895455997053546,27.87996846785644
3,646,0.1,3.896082241589294,33.87348309276849,28.322616604680245
3,647,0.1,3.6779311172427582,33.135452016748744,27.898690040625343
3,648,0.1,3.884253389218897,31.249445453944855,26.104098953582074
3,649,0.1,3.899810250187827,31.91344959543373,27.591443579689628
3,650,0.1,3.547126679646216,28.799786801615834,26.862824138885937
3,651,0.1,3.2679840507951248,28.244768398120677,24.8909890809735
3,652,0.1,3.079948598402246,26.57034636462543,25.085818260946738
3,653,0.1,3.322020455654645,28.429731976059323,25.212205323132483
3,654,0.1,3.447518036579122,28.00112975382215,25.824193863285306
3,655,0.1,4.055305453472353,30.24692241376457,25.1937165514168
3,656,0.1,4.379607189417289,29.708065032895902,27.46670779026789
3,657,0.1,4.770422373877343,30.70695113421105,26.013201188075712
3,658,0.1,4.862134372531632,30.101424891434977,25.795803919542678
3,659,0.1,4.950497261856198,30.2828203446926,25.316005810465185
3,660,0.1,4.785280723876413,33.87511204271531,23.522425716389094
3,661,0.1,4.386985299578291,33.05221140236046,23.709422954503015
3,662,0.1,3.9749785042540475,33.28594318415607,25.70998767666681
3,663,0.1,4.079630581549484,30.770431705441307,25.645105914046397
3,664,0.1,3.9779180157914773,31.831098323957455,25.63434144306714
3,665,0.1,3.9305148090568944,31.78776509596588,27.325503558005078
3,666,0.1,4.14641461651838,33.3099754544976,28.108598563291007
3,667,0.1,4.642180156377809,30.779109616583536,27.391037903591187
3,668,0.1,4.849833000731442,33.64714202076259,25.74734818009265
3,669,0.1,4.648041038258931,31.682000266024414,27.111702980835002
3,670,0.1,4.5854066520216925,31.87954093865574,25.700943268812804
3,671,0.1,4.611733011985212,31.65551974095199,24.280159158868305
3,672,0.1,4.576171349224585,30.912780427683778,24.63431027187393
3,673,0.1,4.1235154123363955,30.986789573982758,24.382972567547586
3,674,0.1,3.9534171578932127,32.952721740723305,24.878822087258786
3,675,0.1,3.8183568167137785,31.776890693340142,25.89850545010397
3,676,0.1,3.7950963452702244,31.95245517407783,25.328394885490088
3,677,0.1,3.5606696570104437,32.07665433420688,24.567687252641818
3,678,0.1,3.353799621343001,31.010615749787707,24.582955227041996
3,679,0.1,3.502638568543201,29.863951678186147,25.502495755769548
3,680,0.1,3.5159716452464695,29.042522909683754,26.0070197416072
3,681,0.1,3.657035278738664,30.384512653982064,24.973098840395895
3,682,0.1,3.7668126276168663,29.100202737455398,24.592849420523713
3,683,0.1,3.9460230275900945,30.49571233560906,25.064430661753732
3,684,0.1,3.8773838645020087,31.352893155184113,27.230487168700108
3,685,0.1,3.82929657842786,28.45294374305652,27.867634823015518
3,686,0.1,4.145679034847486,29.417149266521843,28.352175394128764
3,687,0.1,4.742020643244169,32.839319578441575,29.06998245655549
3,688,0.1,4.587056277333473,32.51673931292408,25.913764377262684
3,689,0.1,4.707141203540708,31.761855364809858,25.050717431843616
3,690,0.1,4.429878600182181,31.092867624134016,24.71324626878278
3,691,0.1,4.307080834314214,33.36836428305909,23.88298044668502
3,692,0.1,4.129589371650588,30.281966223315187,24.476788596969048
3,693,0.1,4.152154322009131,29.820098227141745,25.69683927150503
3,694,0.1,4.195864614288154,30.807938579660522,26.185592309993094
3,695,0.1,4.193319820775435,30.399388893751667,24.96551804000544
3,696,0.1,4.344091092317906,31.685594807544142,26.130395275457946
3,697,0.1,4.469022949169865,33.013058355375,26.293921362528973
3,698,0.1,4.589738718693692,31.139682866231695,26.15688071851171
3,699,0.1,4.693666890941217,35.3544231733263,27.3045549128795
3,700,0.1,4.462154031884658,34.1855101103385,27.141803463663113
3,701,0.1,4.149528175451276,31.739682671784156,28.349543461994482
3,702,0.1,3.783345274166709,30.613095263827674,26.555819339194116
3,703,0.1,3.209661780670148,32.31062101265467,27.801762366578988
3,704,0.1,2.6894773315009197,33.225564612351405,27.49100807687552
3,705,0.1,2.400628614623555,32.53567222151173,27.082760163946954
3,706,0.1,2.353925439037849,32.197924261670664,25.98993546780008
3,707,0.1,2.6563618380580016,32.055284242492185,25.361630136157256
3,708,0.1,2.9973280817235755,30.319665817265378,25.700106107411088
3,709,0.1,3.396086154638174,31.083639069320427,27.463993004936153
3,710,0.1,3.4323290936444604,34.33391254175774,28.2190195409436
3,711,0.1,3.520105210912756,33.42562314805868,26.6896565212579
3,712,0.1,3.507631285044155,36.155877715937216,27.218589097867333
3,713,0.1,3.316725236084589,33.09969111659729,26.992579734684387
3,714,0.1,3.0769427831393705,34.30922981796232,26.05238459578959
3,715,0.1,2.982895558906727,32.29001060092873,26.428130197796378
3,716,0.1,2.8667740752954423,32.24614069180747,26.13102657816286
3,717,0.1,2.927466502928638,35.495921361557265,26.724855336265662
3,718,0.1,2.9445379220757313,35.09056594626666,27.27382187299318
3,719,0.1,2.970849744509852,34.36887009936214,28.615011729350776
3,720,0.1,3.45958788076174,33.18182482074188,27.97072608779821
3,721,0.1,4.107447758210082,32.415595329953774,26.000531794721145
3,722,0.1,3.979167030434299,36.651448520110634,25.580393498727304
3,723,0.1,3.7435038985640516,36.43688430338474,26.17468917179398
3,724,0.1,3.5618586822812044,33.21590261017474,27.308709988942343
3,725,0.1,3.602242240188798,34.00942414468844,28.95697483254511
3,726,0.1,3.517831757066901,34.74193388183683,28.56427284060381
3,727,0.1,3.438616867887105,35.68016638259744,28.149138067504047
3,728,0.1,3.6635257802097874,34.26503448415656,26.941421953269312
3,729,0.1,4.08577883091927,33.30050725198933,26.403010148426716
3,730,0.1,4.50711795738987,32.0134947036211,26.585804385384236
3,731,0.1,4.855973851896039,29.585529350672328,25.069025521534055
3,732,0.1,5.213020081964445,29.39049761557518,24.92800405128179
3,733,0.1,5.04110361487421,30.187762671698792,26.128049794407705
3,734,0.1,5.051714256521307,32.528046666128375,26.908902517386096
3,735,0.1,4.821257412808034,32.321469426896165,27.696608797076912
3,736,0.1,4.592477574937757,35.10486149668331,27.356930020698876
3,737,0.1,4.276204364334589,35.279727769201,26.83249179821105
3,738,0.1,4.466945306922803,35.002321979741524,26.17343309976807
3,739,0.1,4.448399523496495,34.011182684774965,26.575709910306163
3,740,0.1,4.568678441059385,36.33029816457087,28.05436990076352
3,741,0.1,4.620628648316903,33.23243700043719,27.50384925722981
3,742,0.1,4.365583241628802,33.88524267873224,26.35267351869881
3,743,0.1,3.887906173165408,30.995173961462335,25.637349211024656
3,744,0.1,3.795642768090796,29.754802823695417,25.375466289983937
3,745,0.1,3.7769103622314297,27.636513737994434,27.030854901245178
3,746,0.1,3.5945616622496286,29.37531624290334,25.85371483386801
3,747,0.1,3.564217564220759,31.687230170203723,26.999117266354133
3,748,0.1,3.8558292226644033,32.755971067504866,28.095842085806087
3,749,0.1,3.910839125137208,36.101234917037395,25.67951485801318
3,750,0.1,3.737240034986149,32.50000217608948,27.371811942766225
3,751,0.1,3.412263237131513,32.179744332542796,25.549923549054853
3,752,0.1,3.3074379817929973,33.92457436084961,25.77785203778151
3,753,0.1,3.7888767131716308,36.24424689497954,27.67115443368538
3,754,0.1,4.494494176767894,36.04810591667343,27.876726588166594
3,755,0.1,4.7221436012066285,33.751894184823435,27.533924903315057
3,756,0.1,4.68123432938788,33.62996476386257,28.972024287520416
3,757,0.1,4.949562215287842,34.475946302563294,28.768193015690947
3,758,0.1,5.0560756902584245,36.14442485483976,25.782506694084276
3,759,0.1,5.527462752817266,33.87000648123981,26.11394764786056
3,760,0.1,5.771378006466261,30.67279252766511,27.882835842890778
3,761,0.1,5.514617477920761,30.123472369897687,26.913951639920455
3,762,0.1,5.031986224385475,30.113706241378814,26.35010490294184
3,763,0.1,4.552065596510984,31.003949196900532,27.412223918330263
3,764,0.1,4.208301972764605,29.230195892623165,27.4801064451265
3,765,0.1,4.124975038317105,29.89197783192917,27.167845832893363
3,766,0.1,3.7366618780792056,32.61701258947187,27.425108038664547
3,767,0.1,3.2328705803408786,33.39695291592587,24.505301687049066
3,768,0.1,2.800464955522089,32.70411500551446,23.851750505222057
3,769,0.1,2.4572434647916115,35.658797562277186,24.096702013744355
3,770,0.1,2.012827264212996,34.18376134371841,24.793358225475878
3,771,0.1,2.302523922839378,32.71591721027197,25.175676351467693
3,772,0.1,2.8004361921477177,33.64526831966896,24.174049800331304
3,773,0.1,3.2284887720081485,34.30032717712579,25.358619320525758
3,774,0.1,3.7192465801076553,29.593600236728417,25.7320004977097
3,775,0.1,4.033533321915448,29.758738186021198,24.937277907336355
3,776,0.1,4.495018084636517,29.521667987054606,24.50208917105712
3,777,0.1,4.640856704625038,31.128748141543557,24.70940697505217
3,778,0.1,5.074862015362923,31.517176331195245,25.29611085534082
3,779,0.1,5.157515032165986,28.675952503076818,25.357382358091186
3,780,0.1,4.87059240760893,28.014696382040192,25.683990830126817
3,781,0.1,4.65627751942163,29.683755508268924,24.145671535510537
3,782,0.1,4.729164115497959,29.413818219689688,24.046693262431877
3,783,0.1,5.1577919567622725,28.563332359911332,23.07466687219398
3,784,0.1,5.193375257831248,30.874671108114704,23.158690812340204
3,785,0.1,4.92012235341949,34.112748923961206,24.097525242642234
3,786,0.1,4.994210850655593,34.209186863886075,25.013001524335813
3,787,0.1,4.871391543731417,34.818364759726734,24.729404249546388
3,788,0.1,4.633839752186367,32.70846056897609,24.35345540957857
3,789,0.1,5.038165565680173,31.17233487235165,24.199517298867285
3,790,0.1,5.486688022102236,29.350627629959924,26.138252659688217
3,791,0.1,5.211256065255505,30.850438933201467,26.99932671735515
3,792,0.1,4.789640388476109,33.84813032786609,24.24756863948918
3,793,0.1,4.390341531721504,33.2107752536673,24.431242803140496
3,794,0.1,4.234573271757026,32.801050782817676,25.004326471932863
3,795,0.1,4.214476122399804,33.62409398670215,25.37448388317541
3,796,0.1,4.337006110507563,31.656237302907556,25.88598094616901
3,797,0.1,4.245055249869201,32.02447994131996,23.772479594028674
3,798,0.1,3.621065722632997,31.593184830509397,24.167194624391787
3,799,0.1,2.985600446255863,32.04055203220279,25.009619630695106
3,800,0.1,2.4448399365947076,34.12365739319135,23.82987894018402
3,801,0.1,2.3795328327028216,33.5236904787999,22.599304937045964
3,802,0.1,2.432814972406194,34.088460101317736,23.462915898497478
3,803,0.1,2.344593070528296,33.54532948338752,24.876167164179073
3,804,0.1,2.2507991744539533,32.63652563240029,24.162774137039474
3,805,0.1,2.1196911655851878,33.38481160314554,23.779467788918094
3,806,0.1,2.0211296114238286,33.78345825755445,25.831155433852185
3,807,0.1,2.2536816963856507,35.05955796146255,28.424881413029425
3,808,0.1,2.532798550175886,36.27863999966447,28.245223518840554
3,809,0.1,2.864466312328048,33.60165263758546,26.98267148610051
3,810,0.1,3.3803543465993133,32.14620965237195,27.630738533617915
3,811,0.1,4.05638420555983,30.064614581850005,28.808942192169916
3,812,0.1,4.3796070758767875,31.59008845774975,27.341088665876757
3,813,0.1,4.7151144989591165,31.01986899005104,24.776371141110207
3,814,0.1,4.662194740603852,29.470882646929326,28.2974176902493
3,815,0.1,4.318885136110414,29.079439903298216,27.118979749996623
3,816,0.1,4.439393074523777,28.30337109851273,27.46096502603201
3,817,0.1,4.404824977134666,30.879797551831093,27.264481468676358
3,818,0.1,4.46182161257065,31.79304442380239,27.3352551626844
3,819,0.1,4.7254967147976865,31.970255337092315,27.474079877363554
3,820,0.1,4.814377501323677,31.81784374742985,27.30712497097308
3,821,0.1,5.016307029243391,31.163425753356588,25.703039436714075
3,822,0.1,5.6236622963009095,31.181181431233167,25.85652801598389
3,823,0.1,5.783799626755504,31.3588014857731,24.94365346026336
3,824,0.1,5.618471307072212,32.25549398927229,24.944748622035842
3,825,0.1,5.333930093489085,32.58711172432859,25.94303857548924
3,826,0.1,5.058421431256505,31.615948911622233,26.193963916176735
3,827,0.1,4.915309912380417,30.617626827065127,26.75390538354041
3,828,0.1,4.390921028724008,32.14641816726419,26.125953688626023
3,829,0.1,4.179003185710151,31.553013620059854,26.383635052874723
3,830,0.1,4.332019549333382,30.030354194407437,25.56370477059239
3,831,0.1,4.121290584842433,30.602406400811045,26.636533188978696
3,832,0.1,3.5199234571007594,30.06797348008771,27.7359098140383
3,833,0.1,3.3567467239261486,33.23582011326332,26.97158614477827
3,834,0.1,3.2462677024335878,35.98999876963249,26.645618236660404
3,835,0.1,3.3439619811842967,34.708486550759375,26.379492021075723
3,836,0.1,3.6298231844383007,31.832447101762273,25.18302109117013
3,837,0.1,4.140685632944673,32.88107280162501,25.912019894978982
3,838,0.1,4.315421759092484,33.746194084508744,25.729016399484244
3,839,0.1,4.476908249528413,36.158185072959036,24.427573414243476
3,840,0.1,4.998667393061227,35.91676405134074,26.361751257054966
3,841,0.1,5.029427181433907,35.369411732489226,26.993562585902698
3,842,0.1,5.233641212593129,35.89994286864661,27.820004119370843
3,843,0.1,5.563808154456766,31.28241170582558,26.300711010880043
3,844,0.1,5.652835396989972,32.98073286996018,27.402080030452005
3,845,0.1,5.144735711557267,33.52034532824583,27.94066231424517
3,846,0.1,4.527850284796571,33.86151220631334,26.519792620071275
3,847,0.1,3.9174256425151883,31.621826170122834,27.586220393494678
3,848,0.1,3.3457418364159617,30.519734840104437,28.558637917880407
3,849,0.1,2.875461702536707,31.105726832463002,27.032305250880388
3,850,0.1,2.524230720823319,29.858400067632992,27.278564817092718
3,851,0.1,2.5279693825573433,29.522216130018915,27.088083761917904
3,852,0.1,2.6204357068281956,30.42329821578895,28.19586687473366
3,853,0.1,2.601106560097486,30.97007716570811,27.7828919720942
3,854,0.1,2.9189420826677734,32.16066214665495,27.170126615948423
3,855,0.1,3.0376873111942806,32.42870230751921,27.212694120758506
3,856,0.1,3.398844049849206,32.86898807545206,26.4414646875274
3,857,0.1,3.821748524066836,32.077489115218874,25.95120481621926
3,858,0.1,3.73748966606176,32.3399969409908,27.064564395610923
3,859,0.1,3.5508564410867223,32.630819849087246,27.47938340329227
3,860,0.1,3.43259304537692,34.15046900438709,26.480004465318252
3,861,0.1,3.2390003046838367,31.83720044895419,28.405029031247413
3,862,0.1,3.000344890008036,33.469854531822705,27.41014980442922
3,863,0.1,2.7805088112403222,34.688212752883736,28.822596582579422
3,864,0.1,3.3643383079522233,36.14252773235623,28.55729067630593
3,865,0.1,3.564314200953455,34.91213100114475,28.721817246355297
3,866,0.1,4.256671791197277,35.78200700885276,27.654074951406965
3,867,0.1,4.4284342648767065,36.64409051197408,27.057893848722628
3,868,0.1,4.644065460460736,35.47601883639023,28.804226230391876
3,869,0.1,4.262139780913654,35.44567830343981,28.617977430889532
3,870,0.1,3.6174077803959594,35.471949383767274,26.981248814797038
3,871,0.1,3.5200117760761978,32.21788503957917,26.214295957368233
3,872,0.1,3.6287558641191606,33.49180401929126,27.435839703439097
3,873,0.1,3.5330928786006393,32.694600541399815,25.100952984595686
3,874,0.1,3.546274758244559,33.80920585986777,25.871998514513912
3,875,0.1,3.6308349893301775,33.73227063479768,25.556633588942464
3,876,0.1,4.037836035483124,33.265096190779495,26.459744095822092
3,877,0.1,4.473001845385026,32.905217377982936,25.706714519512442
3,878,0.1,4.806482748102986,33.46843100619728,28.148826019689693
3,879,0.1,5.183007202267755,33.32090438619219,27.96747010818917
3,880,0.1,5.325250804530389,32.93729102235134,28.232822668457295
3,881,0.1,5.48733565139883,33.38852451653791,27.641630402270636
3,882,0.1,5.1563312629056295,29.041967561808335,28.03071389034264
3,883,0.1,4.7739706366166,32.25605711157028,25.71220814920945
3,884,0.1,4.0923089912930255,34.06437395305162,27.186768843857234
3,885,0.1,3.883865252657744,33.25454870384928,27.345080318315855
3,886,0.1,3.5688582589675946,32.93937627951386,26.94746993429723
3,887,0.1,3.6559456730144073,34.92069661879601,25.762045565314647
3,888,0.1,3.7015642093749257,33.20794088026446,26.767811073958605
3,889,0.1,4.035968156607676,31.805439847802816,26.769119551364884
3,890,0.1,4.3523541228893805,33.80687219352307,26.75513655003257
3,891,0.1,4.364240560059235,31.914342564954385,27.08293892059341
3,892,0.1,4.3491253157187195,33.27535219535419,25.449456185707724
3,893,0.1,4.51280367057066,35.720411053392255,26.83927275319811
3,894,0.1,4.439362227104037,36.93554426435088,29.17151404537464
3,895,0.1,4.341731050861109,34.66031284167378,27.845761407914825
3,896,0.1,4.278736159237391,32.91844490300004,26.882524623186093
3,897,0.1,3.8949123842692863,35.44548453651895,27.99722467445637
3,898,0.1,3.6282924138707617,33.52589414374519,29.141835041319265
3,899,0.1,3.4569206176958067,32.881893105438174,27.533469553041503
3,900,0.1,2.7819077668424526,31.785242035000007,25.408854777773897
3,901,0.1,2.5371836189792782,34.06692789968141,25.310301898203537
3,902,0.1,2.15835804300543,34.41862454682638,26.520647885675654
3,903,0.1,2.223557219891779,35.09799587438762,26.974655249455754
3,904,0.1,2.375794109532108,35.35880226134425,24.588024975542197
3,905,0.1,2.7097523582772913,37.56449494903862,27.500845465095015
3,906,0.1,2.569878203643963,35.51306386256445,27.6953675678758
3,907,0.1,2.646281163334889,34.34605047904733,29.029506913373453
3,908,0.1,3.129654600344786,34.764063474399165,28.03938222686435
3,909,0.1,3.5698600892525505,32.44927928972432,27.302254082599067
3,910,0.1,3.7970660919529626,33.16188619192669,26.652961979721024
3,911,0.1,4.1314026959980445,34.300264907424506,26.45238779863212
3,912,0.1,4.198963273309966,35.41650900727384,26.551672224363273
3,913,0.1,4.02361655667037,33.99258662508599,26.143603543683533
3,914,0.1,3.534965794397265,34.616435928107094,26.75309991248861
3,915,0.1,3.243275438082235,32.83325738145956,26.024910418631922
3,916,0.1,3.2516297009166215,31.25898993414205,24.0753560823057
3,917,0.1,3.551279501130261,29.69153735482922,23.53377003006029
3,918,0.1,3.7580406690182824,29.947571078500232,23.581986928693
3,919,0.1,3.8982571326678963,32.42887636681178,22.511658402930664
3,920,0.1,4.259975120894403,29.760459397742792,23.223283979151052
3,921,0.1,4.450907618993464,34.47556511259634,25.100745995895323
3,922,0.1,4.563401931323623,33.120716949026956,26.586945769011024
3,923,0.1,4.72443672674907,34.94857328493649,25.51928804158236
3,924,0.1,4.744239189584063,34.86745972635437,26.191922996188524
3,925,0.1,4.587366922533408,33.70410108572293,26.849548449356327
3,926,0.1,4.34583840237879,32.71914485966118,26.756181722134972
3,927,0.1,4.222878489970148,32.303824858032485,27.315135520191546
3,928,0.1,3.874895297505313,33.40993999387298,27.452829102230847
3,929,0.1,4.186047939949013,32.79302711288091,26.921545909463426
3,930,0.1,4.58020602333976,31.11508365287957,25.095559566079483
3,931,0.1,4.782836418244741,32.54547857150014,25.943013963529218
3,932,0.1,4.539253046378503,33.486009855274574,27.43305926414176
3,933,0.1,4.5727820484515345,30.289418481240098,27.070387432749733
3,934,0.1,4.294084329132735,30.52314588409174,27.12981538971822
3,935,0.1,4.452290478580287,31.33371831647309,28.22438249535527
3,936,0.1,4.757074439535177,30.63272283660634,26.09595454010749
3,937,0.1,5.039089797786642,28.517668378216623,25.870064423842646
3,938,0.1,4.881651668104568,32.061963845592715,23.715240681972727
3,939,0.1,4.603225057850519,31.979304676130752,24.709134966504735
3,940,0.1,3.854033970780428,33.69757675312198,26.575737317818326
3,941,0.1,3.072791500480607,30.608993140536825,25.150364242083022
3,942,0.1,2.691221775518187,30.564123957342588,24.670769555896996
3,943,0.1,2.75028349085846,29.836592868543498,25.491363839065613
3,944,0.1,3.235420557336072,31.681252941621032,24.29135288524486
3,945,0.1,3.3968416203269376,32.998008365689074,24.77169362588279
3,946,0.1,3.3888665885257785,31.32956599078391,25.947361162215866
3,947,0.1,3.5140421943542717,30.912629361111804,24.210220440462027
3,948,0.1,3.7647322732526605,30.223464406144597,23.645094394519667
3,949,0.1,3.983575088284923,31.664790992560107,25.143780118575016
3,950,0.1,4.15909181976307,31.29855532203763,25.116555136745408
3,951,0.1,4.062933429329259,32.088377289709534,25.317671367570693
3,952,0.1,4.000345885905714,33.42572394304866,25.869028714880763
3,953,0.1,3.86549613287692,31.923408862528692,28.069611726887814
3,954,0.1,3.8484563803584764,30.453493184095976,25.972099331884692
3,955,0.1,3.956880083196549,32.436466780160565,25.14753517606189
3,956,0.1,3.7163743237677993,31.945295518684514,24.77655087789459
3,957,0.1,3.2531110933509533,31.289218087674247,23.01616670422014
3,958,0.1,2.834212246511273,31.517430168689835,24.426222371576998
3,959,0.1,2.6577084472286847,31.801492746116796,25.856173268045925
3,960,0.1,2.4552933796787517,29.301129179368935,27.67848455204572
3,961,0.1,2.659821836756194,28.166756718478723,27.99312159858662
3,962,0.1,3.2706221080111377,31.478378606212942,28.142504177716855
3,963,0.1,3.3519222935019393,32.1489194595274,27.97409242455487
3,964,0.1,3.3694317861060186,29.966483470072767,27.196794188419272
3,965,0.1,3.273868275486649,28.612888868515714,27.99810941562839
3,966,0.1,3.272648462784685,28.463927858679575,26.640418974744318
3,967,0.1,3.1153670764854238,29.189002802415136,28.05984820002905
3,968,0.1,3.2444354689891846,33.593278405604444,28.26012733683357
3,969,0.1,3.9031140585297055,34.86721002242998,28.93868057134383
3,970,0.1,4.483985157157452,33.8820595651356,26.65197086299591
3,971,0.1,4.663481121961453,35.76040720443011,26.063922090699158
3,972,0.1,4.9174719003520195,34.00173632699988,26.614034528501275
3,973,0.1,4.529926574142969,33.078514903595384,27.569064384694435
3,974,0.1,4.024818733282329,32.180868477553716,27.642748535823713
3,975,0.1,3.4912377877894873,33.704939777632134,27.690707968003416
3,976,0.1,3.435079758410401,32.43636753680653,28.756970630009874
3,977,0.1,3.10663876101068,33.068435029316404,28.394977432931096
3,978,0.1,3.552574242692079,33.8397473037494,28.01278323900366
3,979,0.1,4.002242183662444,32.84942454890204,28.510551637607808
3,980,0.1,4.33571602906726,36.180954720484664,27.989088690026424
3,981,0.1,4.291798171764051,36.247871112206006,28.247784665233265
3,982,0.1,4.551987683577357,35.508310013867316,27.730560927860342
3,983,0.1,4.602908536817793,36.795086142496444,29.516924310115012
3,984,0.1,4.631640912078122,35.72909469186148,29.152643001495566
3,985,0.1,4.764203560111089,36.14253163497678,29.550848397551903
3,986,0.1,4.492740386267573,34.21307332999571,29.46340881466368
3,987,0.1,4.037235177170617,34.04288033471773,27.726619289736394
3,988,0.1,3.914008783806394,33.9448265875886,25.779319493975354
3,989,0.1,4.031025475552174,32.30056619691098,25.834727495074922
3,990,0.1,3.9395584128306544,32.10859043420421,25.948750245893763
3,991,0.1,3.9174496073408087,30.341061587987284,26.03223110988601
3,992,0.1,4.006276921794721,27.7343044428958,24.28646884449358
3,993,0.1,4.203782462916604,28.795573810668245,25.38497941476818
3,994,0.1,4.537076240222875,28.84017996469301,25.374239331376632
3,995,0.1,4.513572111848513,30.396927523651655,27.29952407747904
3,996,0.1,3.9885746370907085,31.501208832757648,27.632474715083582
3,997,0.1,3.8108414014187475,31.394930104288484,28.70338609923303
3,998,0.1,3.69499520667167,32.37244735071148,28.091077885392625
3,999,0.1,3.4647050171722182,30.149632404474055,26.491192228129346
4,0,0.06,6.401808734296945,30.1166561860261,24.95479167767301
4,1,0.06,6.2456997832550085,33.472937795982,25.04363394083923
4,2,0.06,5.977023882000402,32.74378070579494,25.324270135069085
4,3,0.06,5.69868826345843,31.310364730073346,26.794756649475403
4,4,0.06,5.38349677587824,30.10480792505554,27.454800881793105
4,5,0.06,4.973445156918876,33.48728361919344,26.235675761382428
4,6,0.06,5.081506052487889,34.03152891370101,27.470083899143777
4,7,0.06,5.1069996349253834,38.579822964825105,25.73549100945246
4,8,0.06,5.475026141075015,35.46649602501859,27.210343482917324
4,9,0.06,6.000496395552773,33.348084231033866,26.7644092002009
4,10,0.06,6.24745207073538,30.56666630430014,26.311071703551924
4,11,0.06,6.129727458473279,28.74965368132773,25.041669654365812
4,12,0.06,5.1767285463010255,29.204219634792942,25.958617976774924
4,13,0.06,4.276571789988811,30.65508852891968,27.074005534183147
4,14,0.06,3.267383816372796,31.18691665471104,27.735925393867905
4,15,0.06,2.5868608513094586,30.041936434838405,27.8523295471186
4,16,0.06,2.205941399490774,30.338291056787202,26.13331045759146
4,17,0.06,2.5022406524622838,32.81390068671685,25.248090360486305
4,18,0.06,2.888035634084562,33.237799125233074,25.28319727257578
4,19,0.06,3.324191900431303,32.31407238119729,27.782630434214134
4,20,0.06,3.303962653061538,33.498818469715516,28.461863350214045
4,21,0.06,3.694187816239276,34.92938967462984,27.277213915155542
4,22,0.06,4.417575389063651,34.02351892006516,25.367640465122715
4,23,0.06,4.164341219286198,35.123981399328095,26.082749806500438
4,24,0.06,4.284063475756244,33.69646891184466,28.389828750205556
4,25,0.06,3.8585108199811438,34.99978106925536,27.805485257448485
4,26,0.06,3.7501733379254754,36.70676520945735,28.670406928327054
4,27,0.06,4.029303393614989,37.759785557054926,28.321166432062927
4,28,0.06,4.05896395608609,39.717685441374485,29.142219451176214
4,29,0.06,4.319460902464836,39.14539043714205,27.463529086584764
4,30,0.06,4.084025137755363,38.164251523797866,27.16589391142534
4,31,0.06,4.5706390903376874,37.427182311595196,27.979021243748893
4,32,0.06,5.1541141120471,31.97880856718411,27.969091039646386
4,33,0.06,5.290554899695445,29.962351001874254,27.572102585122693
4,34,0.06,4.753195856899689,29.17272143678165,23.86527820528508
4,35,0.06,4.634643535828471,31.096287039163137,25.931032247570748
4,36,0.06,4.756344417853597,32.656384039292256,25.94896070912495
4,37,0.06,4.731311059914785,32.65369191433737,23.566196999852224
4,38,0.06,4.660497972335232,33.59686946388809,24.72331410332259
4,39,0.06,5.129374421078747,34.07548243659691,25.528892797312924
4,40,0.06,5.02760618412171,34.64172709272912,23.915067497785373
4,41,0.06,5.009082935063452,33.89591978164331,25.08502186760597
4,42,0.06,4.9178313360957455,33.47557209183233,24.860515123940715
4,43,0.06,5.292731586476697,34.1626958512174,23.710726611784594
4,44,0.06,5.299415743399496,29.713127125955776,26.550519662083236
4,45,0.06,5.1152497199539955,31.501248000691927,28.6329575994792
4,46,0.06,5.197619707843408,32.21128914474471,27.600809028692748
4,47,0.06,4.8419545880775035,33.9471409059264,29.214047791178334
4,48,0.06,4.3346833428859215,33.95090128622329,27.888334992273773
4,49,0.06,3.865751451600323,32.382385409998896,24.621984170015676
4,50,0.06,3.394055446594276,34.37706033595444,26.15642272195603
4,51,0.06,3.254175112071528,32.98297370750003,26.582683833107552
4,52,0.06,2.887253376238779,35.57580021909016,26.906202417778744
4,53,0.06,2.704205970009925,35.15403707839123,25.814241211198
4,54,0.06,2.506044070080131,34.09316587527936,26.4975638749601
4,55,0.06,2.7995906866613307,32.93020774805833,26.63313716673849
4,56,0.06,3.0668946606827725,29.386850005589135,25.574628534217098
4,57,0.06,3.57737953324143,31.93320231068896,25.038506122590313
4,58,0.06,4.224598773532412,29.607605852915672,28.598715320012957
4,59,0.06,4.393138640055467,30.34907216954449,27.755602749321636
4,60,0.06,4.143541426055698,31.277227192701137,27.501645514406135
4,61,0.06,4.035578068634739,29.6155145012688,26.971329866564947
4,62,0.06,4.041437152743264,29.48165546611134,27.999580245941917
4,63,0.06,4.163007357466686,30.693756571304814,28.6493535824366
4,64,0.06,4.451924239298696,34.18774634476625,27.582915066069102
4,65,0.06,4.203739279746345,32.977646719932515,28.70771471604758
4,66,0.06,3.514221548056603,32.43856469157908,29.182566108801055
4,67,0.06,2.975409794027149,30.706461915494856,26.97115377699742
4,68,0.06,2.754815862021794,30.746602087579483,25.344419698164415
4,69,0.06,2.8725445109844863,30.193450335036253,25.76496400770275
4,70,0.06,3.477313910192346,30.528287093219177,25.932866593808875
4,71,0.06,3.7119395527889743,29.965878377370046,24.55103079604387
4,72,0.06,3.8758963984528267,31.542251413386165,25.509949083878816
4,73,0.06,3.828418088708726,32.671977388623894,27.14457391255035
4,74,0.06,3.909410895801762,33.66570350281019,27.322112598809046
4,75,0.06,4.359247284454684,33.16992883594426,26.084367125458197
4,76,0.06,4.724481796064786,33.49720663914014,27.203959666078784
4,77,0.06,4.598201776536496,34.988749186460375,27.970764767345766
4,78,0.06,4.9131375726853985,33.847294117664234,28.35018346732318
4,79,0.06,5.129720404534266,32.301259227077956,27.98238217723804
4,80,0.06,5.104371013958652,34.80505986535824,25.87391245651818
4,81,0.06,5.069958169531205,34.596624307100136,27.047982590045272
4,82,0.06,4.6615511285809506,31.37184793936771,25.65448042655932
4,83,0.06,3.9390015492242685,29.354987012104683,24.613627087076917
4,84,0.06,4.158967289909351,29.870945852331314,26.98619171148601
4,85,0.06,4.457641651606056,34.102787007485404,26.098126801523467
4,86,0.06,4.169438650404495,34.096453416945444,25.84343894047302
4,87,0.06,4.323333388707317,30.47749682419382,25.677978594359967
4,88,0.06,4.662979870051873,27.633186314921822,24.008217553530685
4,89,0.06,4.616646873400397,25.84099349728249,24.353970472630035
4,90,0.06,4.340695808287661,27.89768296756191,26.797455180445322
4,91,0.06,4.343203352494162,32.98838361698971,26.917361289246625
4,92,0.06,4.095079732298863,32.5275353650802,25.418558300790664
4,93,0.06,3.818580202111269,32.456673638608805,21.52733902474125
4,94,0.06,3.2260528808427327,33.2747961313717,22.282746089653603
4,95,0.06,2.8631629623271992,32.56200523041096,25.492669205660103
4,96,0.06,2.7401479855241124,33.22160092166223,27.139725209618543
4,97,0.06,2.9631732154889443,32.1208854829744,27.71308867120558
4,98,0.06,3.286718836732602,35.22709381158398,27.130649925050175
4,99,0.06,3.6394129859895474,33.02408796486622,26.510496786040562
4,100,0.06,3.3275448662864253,33.23886287550403,27.50900284756989
4,101,0.06,2.9490116809431557,34.00978612619547,26.692342898938993
4,102,0.06,3.007704591555541,34.2472892186063,26.519967574686703
4,103,0.06,3.0996763962218457,35.887121306203525,27.269058792731368
4,104,0.06,3.20797041236389,33.28593944914047,28.802454356110516
4,105,0.06,3.5287262945067224,31.18156468523029,26.94181558193783
4,106,0.06,4.018985404850172,30.7872042966729,28.445363187818064
4,107,0.06,4.2025985882740375,33.3798173819474,28.104588810536065
4,108,0.06,3.952455852434669,33.75272252997262,27.57760179632689
4,109,0.06,3.999461547723917,37.76074515160353,29.822068733261347
4,110,0.06,4.013106854927274,37.62269749658511,29.36710375561872
4,111,0.06,4.3542748879099005,32.94211398306954,28.083461688172797
4,112,0.06,4.62075025118898,29.11576922629953,27.858066108216608
4,113,0.06,5.043058650411882,28.8979614535997,29.306540560605523
4,114,0.06,4.874233183333488,33.03344432984256,28.453769606149166
4,115,0.06,5.27313792636188,34.27831817796393,27.337346307243713
4,116,0.06,5.375076903828967,35.00044850910065,26.58306234243459
4,117,0.06,5.093207649202385,31.465142560701906,26.419534596776383
4,118,0.06,5.556783674742386,30.16627354533844,26.340719556401346
4,119,0.06,5.44478975190188,33.05943902603054,24.957236215420462
4,120,0.06,4.984921024170503,34.06344685398703,23.217720787287416
4,121,0.06,4.44787300568145,35.08654243313768,26.10256799439275
4,122,0.06,3.828912655101053,35.09895463794531,26.101204083638983
4,123,0.06,3.6942649674088135,36.913701080706275,25.381240901356307
4,124,0.06,3.8982620187711383,34.54912766114672,26.774951965717598
4,125,0.06,4.0396052879255695,33.595285273630104,26.455893752367096
4,126,0.06,4.109337006167074,33.520018979420506,22.342010260381592
4,127,0.06,3.6305117757306795,33.54275057309934,24.09513980965622
4,128,0.06,3.4822172595246035,35.08794371603329,25.03826373795727
4,129,0.06,3.682199745587058,34.52558475838217,27.75671808487661
4,130,0.06,3.8247956917998396,34.61646059175701,26.39528703849704
4,131,0.06,4.016810454469482,32.52511424971579,24.87818128046153
4,132,0.06,3.8862377345958583,33.96349902115652,23.785316335019434
4,133,0.06,3.5849323142262577,30.10537472169589,26.6553569756785
4,134,0.06,4.124356146544617,32.449290699385195,24.900189344587172
4,135,0.06,4.257627314588099,31.355365940611442,24.171482406412082
4,136,0.06,4.424298389485212,35.14671640019196,25.32588492609321
4,137,0.06,4.945671352339692,35.72520557176398,27.111559193121227
4,138,0.06,4.950647939512888,34.5978881671741,27.878448320369806
4,139,0.06,4.769785820342305,37.18891274841194,28.462392510370147
4,140,0.06,4.568074098651811,37.21310287842869,27.721903789414817
4,141,0.06,4.317842199721253,34.66356795058857,26.266709057376218
4,142,0.06,3.939991736377944,32.693608602261655,26.608325007374244
4,143,0.06,4.344090123811684,32.264956637880765,27.2395098481171
4,144,0.06,4.849760561552302,31.55116140192323,28.71697792730255
4,145,0.06,5.467685903623799,32.315935539349354,28.351122843728366
4,146,0.06,5.6415918398825315,29.598689643941928,26.642134785894772
4,147,0.06,5.666559184434518,32.56898268871634,26.77531856304798
4,148,0.06,4.905829820869648,35.95571741791894,27.696410731338435
4,149,0.06,4.554145119422952,34.98903034686593,27.951344886634544
4,150,0.06,4.03306401277271,36.3162079929855,27.155366055901823
4,151,0.06,3.7833623019907145,35.14220797815175,29.401152073900352
4,152,0.06,3.648871766134149,33.65178645828259,28.425131721631676
4,153,0.06,3.928321536142176,33.75297390405007,27.038583181867512
4,154,0.06,4.1907215772471575,31.523698948736474,28.816322741443358
4,155,0.06,4.07173979283684,31.06388841369795,26.717131347354393
4,156,0.06,3.4007348527268157,30.43330811478449,26.84872724155062
4,157,0.06,2.8479083981011546,30.058606382871677,25.963802013285978
4,158,0.06,2.835330977304041,31.326231973532245,27.345252780700328
4,159,0.06,2.845682414134874,32.00907352855953,27.35214260135304
4,160,0.06,2.857239972454175,30.462674093944237,27.342675084647208
4,161,0.06,3.1841272840754202,31.95216817559329,26.164881092960357
4,162,0.06,3.1048780069752113,30.396879462756072,25.365577539504113
4,163,0.06,3.25738382563228,32.29498860186135,26.943954772602538
4,164,0.06,3.5398710247540013,35.041491399909226,27.841798692830107
4,165,0.06,4.053694061279227,36.54350130590999,28.311850380105323
4,166,0.06,4.684542159061566,34.20373491760431,26.88412433845994
4,167,0.06,4.6110987454478405,33.94725218524968,23.64038091749498
4,168,0.06,4.521375023595093,32.26356923367915,22.99683690288468
4,169,0.06,3.874680329763712,33.41541214962031,22.49216860707955
4,170,0.06,3.8059149702381676,28.72734419089994,24.52784699725088
4,171,0.06,4.114409619242138,26.577865529305377,23.527916851311378
4,172,0.06,3.9215697924824457,31.31837402600204,21.830209467266847
4,173,0.06,3.5716521726785704,29.97294557203795,24.657138931087527
4,174,0.06,3.33501046269596,31.809218875250785,26.272973192717775
4,175,0.06,3.260855747744422,32.47660888715734,27.221232627805623
4,176,0.06,3.5611023425744945,31.055726858760213,27.286938128440273
4,177,0.06,3.938442662427168,33.177285619259514,26.92398233806876
4,178,0.06,4.3501564255113365,32.36655159875173,24.990950574541856
4,179,0.06,4.398825217635937,34.01819196510963,24.715483450905168
4,180,0.06,4.441313545417959,33.7169242582048,25.854580490900517
4,181,0.06,4.997588893528497,35.30355197387794,25.656313121972506
4,182,0.06,5.372493343525852,34.38303824063395,26.460561367874845
4,183,0.06,5.249562428187832,32.50224320747618,28.067002115948583
4,184,0.06,4.891589000491506,33.600517329236006,27.31662110747045
4,185,0.06,4.778888935464784,32.95334528491469,27.13858689322748
4,186,0.06,4.312413815283808,32.036065660862015,24.300398837407897
4,187,0.06,4.041083590923391,32.134790229108,25.0554515208578
4,188,0.06,3.2937826316767973,32.30361728725804,24.634157717102987
4,189,0.06,3.1635632312763544,32.792156230927766,26.149721686476724
4,190,0.06,2.8309729035088873,33.47656953468586,27.237092584970927
4,191,0.06,2.4878964810841095,32.88670631647683,25.660198614367587
4,192,0.06,2.4917702738348035,33.273373443202985,22.392358138004806
4,193,0.06,2.834354827188961,34.78447062411149,23.868114175276776
4,194,0.06,3.5442853835051746,33.55956831980254,26.800078739486935
4,195,0.06,3.927166018141964,30.973507107216783,24.665774044618065
4,196,0.06,3.99753393944134,28.796476416336432,24.248372451270058
4,197,0.06,4.248736654967084,30.853856135164683,25.13060522493921
4,198,0.06,4.580267123569538,31.9229400969625,26.11013160051208
4,199,0.06,4.9542481311713304,32.716699946238876,25.092159395685854
4,200,0.06,4.9086081309432705,33.728500028111284,26.126988380664233
4,201,0.06,4.9181612208063665,36.54653070767104,26.548050865683955
4,202,0.06,4.7604110328427325,33.8793089691674,26.455435592496233
4,203,0.06,4.906139157089447,33.22823669524923,25.78827840107451
4,204,0.06,5.102372381783493,32.19127110220737,25.578217850675653
4,205,0.06,4.834206712779233,30.311078812622373,25.535612803217468
4,206,0.06,4.258943599662358,29.8097395949323,24.58478108894305
4,207,0.06,3.942889238211767,31.99221444880962,27.095794302277103
4,208,0.06,3.536870709084099,33.74260017998873,26.703622065096585
4,209,0.06,2.735264789541289,29.55456522616802,25.368061884349554
4,210,0.06,2.908382711785448,31.90947359598761,24.190345280358265
4,211,0.06,2.971502653082866,31.05696692747833,25.492412901192434
4,212,0.06,3.080809523816474,34.528303550648914,26.2363658078994
4,213,0.06,3.755751310612806,34.1889855014472,29.924052228303008
4,214,0.06,4.904628339730263,34.45665808469575,28.892923016903822
4,215,0.06,5.407043876648062,35.62972891783353,27.156063584548853
4,216,0.06,5.026866429971331,35.76906248200039,29.791121885765342
4,217,0.06,4.941544828609962,35.57889865411097,29.520050058621187
4,218,0.06,4.8008784866311975,36.27143325064854,27.553746255694026
4,219,0.06,4.858031487361644,36.42776657105246,26.079411059095186
4,220,0.06,4.9880213786938565,38.29095078154155,25.786728846607822
4,221,0.06,4.870953473686268,37.54906552848262,25.13831144924849
4,222,0.06,4.1234608859228095,36.29242229256713,28.267522764718144
4,223,0.06,3.8966971670118595,35.89706071837387,27.679551293727094
4,224,0.06,4.309542597002669,35.44430610738245,27.813549938199305
4,225,0.06,4.993797580440207,35.28052830267658,28.961348847631122
4,226,0.06,5.3533942740109275,37.2500172616952,28.084596929361744
4,227,0.06,5.088992822816153,37.88685098525375,28.547853104858003
4,228,0.06,5.4704195846889005,37.32429637243561,28.523029245767493
4,229,0.06,5.475570065818584,35.09909324908618,24.769120307533054
4,230,0.06,5.056840554721692,36.27338155393404,28.91676245211478
4,231,0.06,4.9115208144714115,33.35508038098259,27.56073138385375
4,232,0.06,4.859444926319294,32.383574417897336,26.348565074931553
4,233,0.06,4.287866555449839,32.479433565473535,28.591390406630197
4,234,0.06,2.8258561420565957,33.07483920155462,28.989238093969366
4,235,0.06,1.7307031352196875,28.971985305069698,27.47245290668462
4,236,0.06,1.7535930107692734,30.299826748230647,24.17896670836402
4,237,0.06,2.298625308289088,31.005348532004927,22.70967624254947
4,238,0.06,2.950213179161226,31.01864870496446,24.39611225348386
4,239,0.06,3.5295152137623567,32.103069640348124,26.928255446096372
4,240,0.06,4.200480225003398,32.94005076116451,28.637731738253354
4,241,0.06,4.102369332661836,32.766382553553356,27.872308582999786
4,242,0.06,3.9528621538381206,33.56919550763137,27.13851622631305
4,243,0.06,4.2099046059270036,34.87724038733225,26.382103814934446
4,244,0.06,4.4373682512944965,32.76097634657566,27.806199243009274
4,245,0.06,4.445936332128575,33.054730485869264,28.94644917439895
4,246,0.06,4.296222588574726,32.3828270522505,29.22262549163323
4,247,0.06,4.1804220020593785,31.870568694322564,28.916051745204555
4,248,0.06,3.9631364347232347,31.63683223411009,27.997925257196293
4,249,0.06,3.980367598650984,32.44794750518321,29.74308686181692
4,250,0.06,3.986899009387814,31.070643065753416,28.266405509825184
4,251,0.06,4.0177355899246505,32.99730127086316,25.02032347112066
4,252,0.06,4.3731396216607346,32.42770824841481,26.626173676246975
4,253,0.06,4.430266952054986,36.42660046256897,28.16048024483431
4,254,0.06,4.125522622762562,36.78572007984555,28.145158766954104
4,255,0.06,3.7953314800932416,35.53395625262618,29.13906798016457
4,256,0.06,3.5993815920202663,34.64835114963179,28.84103148009307
4,257,0.06,3.2981229447074782,36.695143209430704,26.249896790119656
4,258,0.06,3.493206109280908,32.76956114455746,25.97526429331506
4,259,0.06,3.734644329340938,33.0547321023943,27.88075436875551
4,260,0.06,3.6537403611077934,33.423699392040334,29.018863567186898
4,261,0.06,4.147104641092722,31.946738459604006,26.243933076029666
4,262,0.06,4.005764757538592,32.66546772067111,25.081429292145398
4,263,0.06,3.0995944985327553,31.63290557223275,26.077664124990967
4,264,0.06,3.1465797794765225,31.692537088198012,27.522986828648005
4,265,0.06,3.6128105573375446,32.97832171488769,27.371009989812134
4,266,0.06,3.902499458601117,34.35496566622082,28.079345749948864
4,267,0.06,3.7813039370915758,33.58591073388019,29.740729300487345
4,268,0.06,3.6350833027790754,34.55101008478838,28.81573272854799
4,269,0.06,3.7076257853132226,34.22757318112594,27.583731081895543
4,270,0.06,3.6292148566591917,33.34665109077299,24.867591746026406
4,271,0.06,3.7125783647573263,32.88541921431803,25.93401915174515
4,272,0.06,3.4924002150969833,34.236949424842166,25.864990974946124
4,273,0.06,3.769898041003135,28.795332149220904,26.3236350969112
4,274,0.06,4.3818153102747806,27.275506738006516,28.34016819379188
4,275,0.06,4.741908853329002,26.056289616623516,28.008304706214094
4,276,0.06,4.591063875860517,30.575015807619025,26.360502652727785
4,277,0.06,4.2891864661476475,28.507426464955056,26.384217992025853
4,278,0.06,4.167604302266281,32.02495623054547,26.76877833938636
4,279,0.06,4.3706307322054005,33.56930545542446,27.224204593767297
4,280,0.06,4.564034811638946,33.75258220945176,25.859378980747607
4,281,0.06,4.7902028734324436,33.29787197586595,25.046527129689256
4,282,0.06,5.042496933110285,32.23377132846087,26.8907249690819
4,283,0.06,4.640461676664029,33.89482236305304,28.648991009746215
4,284,0.06,4.107793547007734,33.661858309174455,27.46347220883541
4,285,0.06,3.446670986646148,34.95047036959107,27.605575805097587
4,286,0.06,3.58813421077202,29.997364103722216,27.70190029145887
4,287,0.06,3.953086900299202,32.11887094967598,27.604394702929657
4,288,0.06,3.891581124735576,29.631064614560348,27.373044509618982
4,289,0.06,4.292246740643881,33.82198619620711,26.487801718305153
4,290,0.06,4.153216439722828,33.26468495512352,26.267368472063552
4,291,0.06,3.7395076141119086,31.686290099568712,27.515180042388764
4,292,0.06,3.054042493044437,34.351486272049854,26.021072070532572
4,293,0.06,2.64666855670151,32.547467532181145,27.84882978726676
4,294,0.06,2.6154785731202628,29.57194488624395,27.953062047853614
4,295,0.06,2.602485211246611,29.920942294312603,27.53808691484109
4,296,0.06,2.717670699545465,29.5139157692479,28.480407087245954
4,297,0.06,3.0319446818767837,31.355350686053487,28.655247923355425
4,298,0.06,3.8231221981166823,31.298945395651014,28.480672896117195
4,299,0.06,4.63835005956316,30.039908082432728,26.05334738095832
4,300,0.06,5.376325742454322,31.71463129154463,25.385855998679506
4,301,0.06,5.924019272530716,33.894218939544636,26.26139183933505
4,302,0.06,5.72298876452263,31.466316018896205,21.89899180674219
4,303,0.06,5.112671449556459,32.45814654618825,22.828586723651387
4,304,0.06,4.825830544802906,32.09336690838147,25.150319883451626
4,305,0.06,4.66730808420729,32.7347953756389,25.465075936625723
4,306,0.06,4.620705293496031,33.11000050690707,26.374811764246292
4,307,0.06,4.479283640642395,32.346161861975894,26.123648124707813
4,308,0.06,4.5750387391894884,30.536167879199255,28.418359142564345
4,309,0.06,4.329650586500538,30.89712611091976,27.431153869347558
4,310,0.06,4.567195201620781,32.22478150514893,27.269160025120495
4,311,0.06,4.36528066399911,33.342849247341846,27.627505608582872
4,312,0.06,4.384729145564033,30.713441912780883,27.87694241714292
4,313,0.06,4.213679123031061,30.657827966156532,28.69355003160719
4,314,0.06,3.8545176358021798,32.09830566442365,24.364916873333094
4,315,0.06,3.9535601087581984,32.05057233455771,25.07076340733728
4,316,0.06,4.711994509494591,33.93564365250075,24.97806140910854
4,317,0.06,5.164186031847812,34.19774197286561,26.501257090442223
4,318,0.06,5.564226915767296,35.18426184967688,25.798429342332675
4,319,0.06,5.730209003901117,34.78640102493195,26.841128782598965
4,320,0.06,5.196741271052503,33.74982468243986,28.651609159254942
4,321,0.06,4.449596876243046,34.81536381767657,28.26186442120838
4,322,0.06,4.0028369677129385,36.5777145562661,28.255841947326967
4,323,0.06,3.6027173906478858,34.797506638061684,27.036901781990096
4,324,0.06,3.8024385457383487,36.320674008429485,28.977481369621856
4,325,0.06,3.6044416143524924,37.73566486176078,27.50855236076497
4,326,0.06,3.5730155484388364,34.05688895325539,26.155102202621947
4,327,0.06,3.556479400793861,33.06973948401466,25.74909713621333
4,328,0.06,3.8498697304813483,32.27884292648877,25.02419315462048
4,329,0.06,4.073942595252188,32.64852865611777,22.9240732289623
4,330,0.06,4.904916259285864,30.731388695536054,23.60693742028584
4,331,0.06,5.275393272396528,33.2471287961879,24.307999894726485
4,332,0.06,5.855082483383784,32.98316400186914,22.974184881296836
4,333,0.06,5.853069169274394,32.399227851386875,23.378953263303554
4,334,0.06,5.331765421002752,31.251703629420323,23.187950509350618
4,335,0.06,4.866661554239204,29.39870850581467,23.44994023985659
4,336,0.06,4.3102051889323025,30.742878461188038,25.66996970264569
4,337,0.06,3.736426000052585,27.44922231396666,27.284081905000075
4,338,0.06,3.125566852727745,25.76876438417154,26.26648276916012
4,339,0.06,3.29206634105706,31.283420375205303,25.150557546682535
4,340,0.06,3.067238093237109,31.099957411372408,26.332864893166317
4,341,0.06,2.603157042617906,32.472582628252546,24.234617001892012
4,342,0.06,2.265354255362812,32.42794779099717,25.7351418973887
4,343,0.06,1.8739819727788878,31.221680511744943,27.861565017964434
4,344,0.06,2.1822121932513863,31.91656027789315,28.520484686896435
4,345,0.06,2.5603235175589116,31.327630682999086,28.470570810776557
4,346,0.06,3.173812990389684,30.8966052315235,25.62409808151219
4,347,0.06,3.718048071048832,29.805810785607722,26.757707906479
4,348,0.06,4.216844600575332,30.168773292572823,24.60251240159198
4,349,0.06,4.437382696397621,29.934863342339103,25.76069678345982
4,350,0.06,4.046478063142456,31.58694509042512,26.413997093430414
4,351,0.06,3.066428712288925,30.291613377337057,25.66449344200505
4,352,0.06,2.319830698903271,28.656735648470427,25.699453411874
4,353,0.06,2.0299309995675503,28.256917970721307,26.20162842209916
4,354,0.06,2.1372265662624113,31.25400423511734,26.918688902246654
4,355,0.06,2.6486629361796576,28.461666777318666,26.50363606581017
4,356,0.06,3.2806592083358663,29.446559354157845,25.296058779970608
4,357,0.06,4.173129362131527,29.090830486242115,27.547617037860498
4,358,0.06,4.6306355791804386,29.54758839086344,27.11976971887771
4,359,0.06,4.884447514151424,30.472684332370466,25.94011138643897
4,360,0.06,4.686246400395179,31.90044344447509,26.143144275935953
4,361,0.06,5.022163516753943,33.56268120193689,26.66560271903878
4,362,0.06,5.144554216438443,33.17252637667028,27.4621122440824
4,363,0.06,5.118621279359266,36.38615640861808,28.462913551326523
4,364,0.06,5.103174865934141,37.50406138412278,27.94462216285347
4,365,0.06,4.903220158831265,37.90924402344415,27.469867544588674
4,366,0.06,4.015774778759975,39.027212736914464,26.50464143885089
4,367,0.06,3.3908045451554916,35.82930080675545,26.825178748540093
4,368,0.06,2.743865886608514,34.45080574443797,27.358172762251677
4,369,0.06,2.6324603818411916,31.495817758549386,28.52187526756329
4,370,0.06,2.6677485822337927,34.22104691422541,28.765634215804724
4,371,0.06,2.685091475487228,35.83721026889607,28.412082724575043
4,372,0.06,2.9898034997200096,36.05478954610529,27.08493618524298
4,373,0.06,3.428586472487914,29.40423166291864,25.77517390797878
4,374,0.06,3.9491774181330213,31.990210787167584,24.460439597857363
4,375,0.06,4.632258784255349,34.63071448458963,25.19813792400054
4,376,0.06,5.222490789813948,35.739874206157594,26.244681371672236
4,377,0.06,5.159243833500509,39.05662537599953,27.114130171120696
4,378,0.06,5.180676563230726,36.2508449216631,26.77647114866526
4,379,0.06,4.987562031664547,36.45110653520761,28.370067432674134
4,380,0.06,3.8636939622066886,36.27849261789323,28.50214892170983
4,381,0.06,3.165626879851957,32.22644299387255,29.15671514128084
4,382,0.06,3.3815588203523292,32.468460478045984,28.944945703177996
4,383,0.06,3.8052761569886915,30.450991599633227,26.78899489933424
4,384,0.06,4.049700326966153,31.977264503467417,26.955519043822427
4,385,0.06,4.243236708093739,31.96730872686273,25.811923508835402
4,386,0.06,4.457590908492051,30.254062764397123,24.840007064090234
4,387,0.06,4.738340498193342,31.478979347338438,26.13371964165901
4,388,0.06,4.971816652260408,33.69080490750181,25.55182704182405
4,389,0.06,5.168342228668902,32.10243893183103,27.378099511742946
4,390,0.06,5.6512750314281135,33.74301263333995,27.829346572885434
4,391,0.06,5.780071730248216,36.36024359108384,25.46248914606386
4,392,0.06,5.649767744072619,34.831584362829176,24.759330524464445
4,393,0.06,5.293086271344365,33.714360757445846,27.205536753114917
4,394,0.06,5.042439547804998,33.687966386737266,25.85589016342693
4,395,0.06,4.49514595405102,28.796537068290117,24.840906440631475
4,396,0.06,4.304823491070214,29.508120470721114,24.860901678966325
4,397,0.06,4.403441206101778,30.388055118350096,27.461504567779027
4,398,0.06,4.20091286278806,30.804970208108227,27.20063340466371
4,399,0.06,4.017896085253825,32.215963440102,26.265205007145582
4,400,0.06,3.710458453803401,31.48234338438228,25.555406778323206
4,401,0.06,3.487657376262527,30.766239943391007,26.318873373066236
4,402,0.06,3.7859503649749873,33.77468608273137,27.667367640709895
4,403,0.06,4.098426905709148,36.48564619588356,29.342905459087454
4,404,0.06,4.873531925160056,34.54413618631556,29.282747064891872
4,405,0.06,5.251492563486337,34.69417627401957,28.385533858196855
4,406,0.06,5.718278132616194,30.91554487618884,27.09725543315317
4,407,0.06,6.22333693616579,31.04791981723715,25.85552197793858
4,408,0.06,6.616545429281215,25.86896606257131,24.90862669290215
4,409,0.06,6.674289450186125,28.983075173067782,24.68552593461729
4,410,0.06,6.4502074516381125,27.822374269007213,25.544828240412073
4,411,0.06,5.801088152195806,27.693033806666563,24.674067874578096
4,412,0.06,5.0939592602389965,27.143801738223658,24.61655084881547
4,413,0.06,4.507633240395829,33.037876740823876,23.55600343605527
4,414,0.06,4.258043763018834,30.832549428922835,24.48362574216881
4,415,0.06,3.882922461744303,33.97553135527687,25.311748901541815
4,416,0.06,3.490455482949555,34.26016084382846,23.73779316608789
4,417,0.06,3.4556059882080428,35.21103498566518,24.25984778705915
4,418,0.06,3.405618264104832,36.426323650862386,25.929488241077834
4,419,0.06,3.248342690451128,33.5645467145647,28.361888702642858
4,420,0.06,3.490033898912593,32.601565705264164,26.98595524684362
4,421,0.06,3.9580677567384033,34.17944266867366,26.945439260238828
4,422,0.06,4.392802111943241,34.96516093058349,27.344564288374478
4,423,0.06,4.338942327739221,36.627614680844886,26.25225607249233
4,424,0.06,4.138142576136314,34.418401663346295,27.971955375604118
4,425,0.06,4.03715740784426,37.078025674936775,27.12307449396046
4,426,0.06,4.155939737107388,35.25032518601627,28.35835239460833
4,427,0.06,3.8510644547315147,34.7885423884001,28.316502420751075
4,428,0.06,3.400963641601343,36.05318871824956,27.503300899317335
4,429,0.06,3.4287375420688204,35.39799360355727,27.013990448429734
4,430,0.06,4.038706092459093,33.196439847308426,26.33098792599375
4,431,0.06,4.2269721858618965,33.27207445941298,27.04365591562615
4,432,0.06,4.132932556751474,32.09783285083581,27.1069460439062
4,433,0.06,3.918010349348266,32.729869681767816,27.366464048592242
4,434,0.06,3.868756360122905,35.15620307827202,27.997903698600176
4,435,0.06,3.373485480617007,35.411576057732965,27.9288964635384
4,436,0.06,3.079023268569496,32.933236279306094,27.85125255594231
4,437,0.06,2.3427606741413514,33.18107869673649,27.527278503139442
4,438,0.06,1.7162320093952128,31.002481147305186,28.79782416207164
4,439,0.06,0.9915315445425574,32.352034559815024,28.34355798944406
4,440,0.06,0.5043192493022368,32.99657241723489,27.46107732600165
4,441,0.06,1.199000765179262,35.04762475840111,26.522846670969823
4,442,0.06,2.4728503041296106,33.10865245833445,27.601355220118656
4,443,0.06,3.4329492230788117,31.51647763041532,26.936964958190234
4,444,0.06,4.001920158122195,31.21444347297062,27.629136941600528
4,445,0.06,4.282937626093357,33.925059829551905,28.09919385882821
4,446,0.06,3.77377685373835,34.919535600669036,26.67228939295967
4,447,0.06,3.219880617390065,31.988263736905264,26.237743146593743
4,448,0.06,3.071373630671827,32.37731595694727,27.239477764416133
4,449,0.06,3.2671278050996864,29.501163065008292,28.08115531571765
4,450,0.06,3.3609422458694542,33.747925000340366,26.47913756780443
4,451,0.06,3.3685926178156476,30.187289750928112,27.53045754967278
4,452,0.06,3.924450390822103,31.59103221776471,28.092802378845416
4,453,0.06,4.185441688506588,32.16810320159851,25.16840523789887
4,454,0.06,4.241423126323169,28.03551626219486,25.67934548395782
4,455,0.06,3.900663556307312,31.38486234736481,25.461696492503002
4,456,0.06,4.040213183046585,31.43472028021388,24.406509663102135
4,457,0.06,4.24186283866924,31.64132030540899,24.284419415111767
4,458,0.06,4.417681776424714,29.950926955101853,26.85313819086342
4,459,0.06,4.955007296843291,30.8252927196022,26.01928513703842
4,460,0.06,5.07464229561434,30.930746282697232,24.508128704695288
4,461,0.06,4.870680385838799,31.316320309948775,22.472779778158305
4,462,0.06,4.764960420786924,30.507035248230064,23.23895456313741
4,463,0.06,5.107972038036674,30.336872142279848,23.84861956819327
4,464,0.06,5.623427175481269,31.461075776511276,26.16545586590178
4,465,0.06,5.8635756045552165,32.637192867231754,25.18041326891226
4,466,0.06,5.809087643925432,32.156769647340795,26.262987307277918
4,467,0.06,5.294350377998573,31.47060136777882,27.131628517972057
4,468,0.06,5.127930709418397,30.707480254459316,26.653197129497777
4,469,0.06,4.879780488992957,31.229874681084986,24.551546494911012
4,470,0.06,4.4063228434161985,33.03422751122701,24.524738087538324
4,471,0.06,3.804281788321624,31.933165053800195,27.945667138865645
4,472,0.06,3.2006066203976378,30.60270535945584,27.36166128932532
4,473,0.06,3.0165739006569985,31.13367194455153,24.480969927914124
4,474,0.06,3.1743900887998935,31.183894153729714,26.06500409610224
4,475,0.06,3.391164029024581,30.283019777898076,27.25863864684601
4,476,0.06,3.982576696375053,30.45200961536441,25.4966609031944
4,477,0.06,4.427313347456742,29.490267962484324,24.367418516685287
4,478,0.06,4.88951066749422,30.92649085705601,24.58451556359251
4,479,0.06,5.431050332398726,34.58260452759817,24.34256395880801
4,480,0.06,5.73012193426826,35.698333373080175,25.13997165329263
4,481,0.06,5.696933749738578,33.35878312785817,26.368792656246086
4,482,0.06,5.172254824635548,32.8123760229783,25.673396518643017
4,483,0.06,4.3887956759826565,33.99466149436692,24.98851305889832
4,484,0.06,4.058487877767725,35.23741866091091,26.80057704043075
4,485,0.06,3.9041515883629834,34.28574207089573,29.121701166380316
4,486,0.06,3.5899389892237337,35.725263855194406,26.530702234360824
4,487,0.06,3.7904162394891934,34.039936072305004,27.952222865821444
4,488,0.06,4.348377897927661,34.33738230486264,27.86527327208091
4,489,0.06,4.41273335821953,34.69341448141513,25.912814160558096
4,490,0.06,4.71395943005001,34.17854641892555,26.601962202975205
4,491,0.06,4.744762173042567,34.48553044999248,27.257829962240116
4,492,0.06,4.7103863227383265,33.1161708474747,28.900958451623822
4,493,0.06,5.004344861661433,33.582864965962166,27.560977781619428
4,494,0.06,4.929871447612465,33.32943060242578,25.739520943764898
4,495,0.06,4.765703090200814,33.755224831060595,26.70388202271792
4,496,0.06,4.1059651246174536,34.71326164563643,25.566303968151
4,497,0.06,3.146224675876608,31.62306453264928,28.04228640975452
4,498,0.06,2.1629202717426876,34.281444971550755,29.163094500132235
4,499,0.06,1.4629672353859258,35.84506075459427,27.33096687589735
4,500,0.06,2.2710411948920948,35.73906761285921,28.360980786693645
4,501,0.06,2.4890336206497183,35.63421587100982,27.786752179117705
4,502,0.06,3.0728878893704397,36.36087067793052,26.669333475624295
4,503,0.06,3.6130668375359525,37.13129430824217,28.471870414798783
4,504,0.06,3.8780615956493105,36.960517427017585,30.0
4,505,0.06,4.355872054157379,37.14850408812839,29.552806813479236
4,506,0.06,4.494846821152928,38.75697830820396,29.68401289118558
4,507,0.06,4.466194379241335,37.22138036109989,28.859643357857447
4,508,0.06,4.784416518734724,32.83997299477233,28.070684504101692
4,509,0.06,4.90158853996055,33.79878748710827,27.992442468858048
4,510,0.06,4.312036207623317,30.726869698150693,26.00238401498063
4,511,0.06,4.36836410049209,31.779690922132104,25.532366828556874
4,512,0.06,4.661727470359626,34.102454344314225,26.638073061616744
4,513,0.06,4.8746721480749455,35.06473449538537,27.05176133531448
4,514,0.06,5.07120193680355,33.703319894454836,27.295801261355194
4,515,0.06,5.431307595710192,32.04491270419432,26.448393112383435
4,516,0.06,5.640289802845296,32.34097254359109,25.124165155190447
4,517,0.06,5.9049745171278865,31.99382954878888,28.83880668983994
4,518,0.06,5.465141452463058,34.97271236406682,27.273559975246734
4,519,0.06,4.782869730794274,31.768876262057375,29.297467729324616
4,520,0.06,4.011156350726255,33.00425798602131,28.70454850627578
4,521,0.06,4.142902976482558,34.06152754976702,27.679343703561557
4,522,0.06,4.147661509531135,34.842351787479465,25.434437433642117
4,523,0.06,4.248713807412382,34.10171604512171,30.0
4,524,0.06,3.9649204422944377,30.840899159704115,27.48700911722331
4,525,0.06,3.9089537314135874,33.2905809564275,25.967004624547023
4,526,0.06,4.1500936956099395,30.834443816483073,26.96831274562809
4,527,0.06,4.514282823117258,30.989180293306124,27.668797789917935
4,528,0.06,4.255905095719156,33.72490504759096,26.339675456883118
4,529,0.06,4.661733730363568,35.56000228042992,24.624106795731755
4,530,0.06,5.087656495979192,34.29309114005088,27.047686072996505
4,531,0.06,5.463932023868325,33.87260809300197,27.264810717573887
4,532,0.06,5.37580497284776,35.4542225330226,24.459495485554594
4,533,0.06,4.980498867145764,32.11256007428565,27.98282026287756
4,534,0.06,4.757384997306904,31.841267704361535,27.638228959181745
4,535,0.06,4.323752043268357,33.505233741125146,28.01409543240861
4,536,0.06,4.286220294798256,32.05544109790588,27.49938958636596
4,537,0.06,3.9027486463003647,29.132967629329574,26.136679598688325
4,538,0.06,3.3822659104331265,27.50239954949447,26.65239666075893
4,539,0.06,3.62835418112869,25.40822988506584,25.146890119697712
4,540,0.06,4.152814631354745,24.294995277929242,26.66122091290415
4,541,0.06,4.2828312279909415,24.127983059999615,27.079789579601446
4,542,0.06,4.170953659398929,26.709369949315256,26.42297689523527
4,543,0.06,3.8675390742573073,28.964857678605092,27.038373824606964
4,544,0.06,4.265760756685111,28.66355932395763,26.64861900725335
4,545,0.06,4.740096878389542,30.548295801753657,25.859552546719257
4,546,0.06,5.068689776540254,29.553825140323745,26.115551009896137
4,547,0.06,5.036555251697533,29.271200129543647,24.658143059144646
4,548,0.06,4.961817823548885,30.615129075836872,25.52909269628488
4,549,0.06,4.91017334515132,30.104139723589096,26.334048267297355
4,550,0.06,4.2629975740092645,32.951217208753846,25.421609805131794
4,551,0.06,3.0987922077443057,33.91534797347523,24.856697860206964
4,552,0.06,2.2378644466469053,32.669702591974705,23.404532951747594
4,553,0.06,2.240288461532095,32.458256150762026,25.429270309237296
4,554,0.06,2.164581701212749,30.52556344015075,28.103020053845533
4,555,0.06,2.75235543258795,30.879020102352026,26.960601083377284
4,556,0.06,3.237085871349313,34.88565110576089,25.206250795814487
4,557,0.06,3.8873183166999477,33.47297211346515,25.48801471444949
4,558,0.06,4.509772525259462,33.05562493741947,26.003130732592027
4,559,0.06,4.396479419183234,31.29426806300155,26.313242118401032
4,560,0.06,4.339538739891644,30.599727725517454,25.663828045213283
4,561,0.06,4.254177855829518,31.73619015958121,25.212430742937286
4,562,0.06,4.459923828209986,35.22647249042527,25.37155232650381
4,563,0.06,4.171715077844298,34.47969858312377,29.726023206362356
4,564,0.06,3.938808848913083,35.651446573517156,29.02519957335965
4,565,0.06,4.221642276678125,33.66774667417451,28.337426190807513
4,566,0.06,4.602734867669148,35.54225278833068,26.046640665234072
4,567,0.06,4.829345470027535,33.60627696877348,24.98220473652696
4,568,0.06,4.8346382573798525,29.276749055004554,25.974118284929165
4,569,0.06,5.0129792927767785,31.66427793007958,26.869910970126853
4,570,0.06,4.8774607777464,31.054592186519248,26.095293368265363
4,571,0.06,5.634037164222606,31.941629157260234,24.867239571655844
4,572,0.06,6.012655985803825,33.89238063545254,27.001445562586646
4,573,0.06,5.769489290252288,32.494549277523035,26.759404675133588
4,574,0.06,5.657698309506332,32.06508588211305,24.683482407536207
4,575,0.06,5.070636612656597,32.56527397860872,25.163951321637562
4,576,0.06,4.398808163594879,32.1417967837591,23.948992420166597
4,577,0.06,3.587001326647069,34.04152772551791,27.634015963344222
4,578,0.06,3.3885401932298147,33.14244514716522,27.642324921760352
4,579,0.06,3.367725402652608,33.44780755619405,27.230976468128866
4,580,0.06,3.884353421141503,31.053895257853352,29.051458451444592
4,581,0.06,3.6998508217667556,32.28799561750757,29.17664266836192
4,582,0.06,3.9491972368563406,37.28999019956577,29.791321384550013
4,583,0.06,3.7666574378639552,35.7343663440578,30.0
4,584,0.06,3.5196627398306193,33.69330735073352,30.0
4,585,0.06,3.2692753378948334,33.68707767892461,28.231152403354297
4,586,0.06,3.0266530389531114,37.2925667669987,28.569040155647688
4,587,0.06,3.2240929515827617,35.47830057034374,28.324991688068494
4,588,0.06,3.3783138110784727,34.43938681371313,28.757702125414834
4,589,0.06,3.686875461657231,32.18131545981582,29.80140908817948
4,590,0.06,3.931502853002346,33.92833110415283,27.538037803566784
4,591,0.06,4.160050468882154,34.84451830193438,28.902543434099687
4,592,0.06,4.255447477569012,34.75276290483511,28.554805690072328
4,593,0.06,4.095773151448551,37.52730836022657,28.45611525248581
4,594,0.06,4.278641165734479,39.420085112490625,29.083503077172818
4,595,0.06,4.4535504319876225,32.873290980648086,30.0
4,596,0.06,4.599487178329484,31.020691008218016,29.255671737850243
4,597,0.06,4.947217213103712,28.547184046423567,29.632151309845483
4,598,0.06,5.366854929805822,30.616258590299466,29.388579066287374
4,599,0.06,5.800464717157682,33.498904189378415,29.013523032457197
4,600,0.06,5.914907060174917,35.18180197443849,28.447275101808447
4,601,0.06,5.378699972045875,35.549472228429885,28.6486996648752
4,602,0.06,4.462131393376046,33.09165360583052,27.83070518480613
4,603,0.06,3.5481423785158768,33.07621990309265,27.821893781313776
4,604,0.06,3.546303815491267,33.72241940449705,28.23074896177819
4,605,0.06,3.6546799641393504,32.41942672084129,28.236460088602705
4,606,0.06,3.92914077502851,33.78510942241455,26.568097914286593
4,607,0.06,4.1898498269436235,33.14676708769363,24.111740874685765
4,608,0.06,4.0771923047511205,30.69506022467878,25.859112636351778
4,609,0.06,3.869617285957596,31.607177488430494,28.7947742491119
4,610,0.06,3.805271167616168,32.126116281563476,27.71486143703478
4,611,0.06,3.986996989966443,34.532110347289375,27.148766523381905
4,612,0.06,4.11608044276554,34.79181314841819,26.253216692634616
4,613,0.06,4.430340634698811,35.605144245600286,26.628494686393907
4,614,0.06,4.794949762563242,38.170324745236904,26.415834891760024
4,615,0.06,5.0803844038082175,38.377309594803215,28.20756593995813
4,616,0.06,5.138487057248594,35.5508931233147,26.431416575317364
4,617,0.06,4.974199230395103,36.610610818715394,27.11367425820372
4,618,0.06,4.917414061364772,35.29505421146851,29.311250690847523
4,619,0.06,4.182583057965018,33.85015540662846,27.62582313991542
4,620,0.06,3.9127172366368503,33.0928392580326,25.183095706588784
4,621,0.06,3.642956364689552,36.08291007072772,26.741164996263482
4,622,0.06,3.718830269597458,30.847530393628386,26.59001005288157
4,623,0.06,4.0706955984190945,31.36380288162546,26.048309352758004
4,624,0.06,4.148552011039724,34.13971186861534,26.03743350492019
4,625,0.06,4.25228925462834,31.328203863689257,25.19026956120313
4,626,0.06,4.395656142942663,30.07521639587776,26.58031664322939
4,627,0.06,4.137000352428587,32.48512185605251,25.648153811048154
4,628,0.06,3.995604913020482,31.538881067277114,27.416371790596497
4,629,0.06,3.8646560488849415,33.100785287398395,27.925096428730697
4,630,0.06,3.736590029593342,33.08864564569436,27.603094847221115
4,631,0.06,3.665993046472508,31.765639521796373,28.331564429986262
4,632,0.06,4.1015288258488765,35.147941768860626,25.947698532746987
4,633,0.06,3.9059995992787586,35.504484954148396,25.68554538782554
4,634,0.06,4.074673256463383,34.2309922419428,24.874068726928947
4,635,0.06,4.192983044925478,32.691187620199834,26.929748394846186
4,636,0.06,4.145117486858334,34.86199683401879,27.557551087975224
4,637,0.06,4.002842902458625,31.252206763745686,28.98798596929662
4,638,0.06,3.7597006922201093,33.97733082046132,28.972806303747106
4,639,0.06,4.058281125952607,35.43311386573643,26.758155562714407
4,640,0.06,4.411165317672356,34.62739750763167,26.626240557765396
4,641,0.06,4.472747836577,32.715096043724245,26.82706047326491
4,642,0.06,4.419632036015344,32.43081578531289,25.96593684777662
4,643,0.06,4.557084034371493,32.92463998031507,26.562675304397377
4,644,0.06,4.0572375504204015,33.89799997337038,24.089012506969436
4,645,0.06,3.910925361098481,33.47594267742553,24.96363036864037
4,646,0.06,3.5114189702496206,36.10970786640729,27.887281103483833
4,647,0.06,3.4761962680970795,33.74220727710374,28.617988379367027
4,648,0.06,3.8803752015602857,34.45069432405589,26.35881617475457
4,649,0.06,3.737871088946136,32.10135136849919,25.59091195565275
4,650,0.06,3.093281263492649,32.50464776679814,23.879770051415267
4,651,0.06,3.0727209600989758,30.852823028876216,25.60032976939209
4,652,0.06,2.9752962013847792,33.091419692685086,28.516567722078683
4,653,0.06,3.183471464599008,29.65424055765974,27.213221631863448
4,654,0.06,3.165111281998903,32.239280640601805,25.28382440127376
4,655,0.06,3.6989345322332183,28.50540951712355,24.453074576902033
4,656,0.06,4.55871606806421,27.802669831190496,25.760509995380563
4,657,0.06,5.2378777134089,26.421672472614752,27.342704121195567
4,658,0.06,4.720402133742512,26.27464652141117,26.801234048806755
4,659,0.06,4.402646041127349,30.444083716680122,28.048923044117785
4,660,0.06,3.4259546779364687,31.861327778889343,27.350900367406698
4,661,0.06,3.1443714434669245,32.6153275456359,27.502607972585157
4,662,0.06,3.3603799310637688,36.24490101617577,27.70129419465835
4,663,0.06,3.4819101359590277,33.12223687995119,28.67656310163649
4,664,0.06,3.834036032915544,33.41524607981007,28.636634327623398
4,665,0.06,3.6422266673205512,35.41246975138475,29.509123360283393
4,666,0.06,3.671856318687038,36.51876748121613,29.372526676474887
4,667,0.06,3.904918408613868,33.16547722272255,28.49094095279868
4,668,0.06,3.9076197490435014,29.491903492576267,27.42981733889443
4,669,0.06,3.838920010298841,30.719013309661875,25.077365969626594
4,670,0.06,4.22037740576932,30.848423142656838,25.80372604733301
4,671,0.06,4.266725133447399,31.8187153157193,26.08947524320222
4,672,0.06,4.297444754436519,34.48234950384069,26.157438677141755
4,673,0.06,4.2777629748264205,33.10230198440424,25.633341085840982
4,674,0.06,4.2852278091182345,32.599683755468284,28.029754334609017
4,675,0.06,4.141951238097075,32.9130559149509,26.904851481556022
4,676,0.06,4.192882744195796,31.12365138761362,28.29435194438109
4,677,0.06,4.346056881398392,30.78658411522834,25.933480016787712
4,678,0.06,4.720323436258507,31.22147855525448,27.315921098483425
4,679,0.06,4.77157904617603,31.574719313698445,26.55485930471637
4,680,0.06,4.6785151984285935,32.5743623893657,23.92022550418432
4,681,0.06,4.838895276067516,33.00180910551203,24.397999389096285
4,682,0.06,5.023761671365539,33.022443372530816,27.807781273374296
4,683,0.06,4.549332461025622,32.5646908179626,27.733373203190897
4,684,0.06,4.041079824425436,34.58324672954272,28.653183123302252
4,685,0.06,3.6297249406294863,33.97774838456558,28.05643672549933
4,686,0.06,3.5113343114878974,34.14898378814113,28.65376395993292
4,687,0.06,3.2808140928980714,37.732869200442124,27.105652907112297
4,688,0.06,3.1112014466248343,36.86976642205629,26.81570650082454
4,689,0.06,3.0312290344096353,34.51993414176904,28.497862297628885
4,690,0.06,2.949654548642188,31.594115060183686,26.926085424286807
4,691,0.06,2.8950561081283004,34.56067738313036,26.87602529252663
4,692,0.06,3.061337465759707,35.25684706445616,26.20508130246564
4,693,0.06,3.2660146648439117,33.787881711509016,27.750781110093083
4,694,0.06,2.9531026911593727,34.9937255264301,26.3880175310412
4,695,0.06,2.6651628472808775,34.32161718259022,25.66134518608375
4,696,0.06,2.609768446541342,34.54816230475578,24.293556172172686
4,697,0.06,2.5517421652548737,33.49082615326531,24.540246574197173
4,698,0.06,2.3349324499303696,33.51124671511911,27.908834163186146
4,699,0.06,1.9249952654905282,30.42727408949477,28.213643645296333
4,700,0.06,1.9956091014099506,29.08447971781331,28.317230923994934
4,701,0.06,2.4195386666542156,29.859378939865117,28.98808171112583
4,702,0.06,2.4215376121736774,29.051008061961472,28.431868375665857
4,703,0.06,2.8513395675158018,31.116060549296062,25.69213637096057
4,704,0.06,3.385767566461473,31.468039756587746,27.356937078816046
4,705,0.06,3.762265012391376,33.493461326614096,27.636635998816505
4,706,0.06,4.336491139248242,34.0856205726024,27.65195703250945
4,707,0.06,4.8482401854531885,35.087879933900574,28.589051668163364
4,708,0.06,5.205048311349361,33.798446706668756,27.808100052671747
4,709,0.06,5.241468926973048,35.156105494161515,27.13402112772707
4,710,0.06,4.8182953945732105,32.770571462938214,25.132347688201428
4,711,0.06,4.949340532798925,33.52437662547226,25.457358518132686
4,712,0.06,4.835292387471639,35.39405044155302,29.065342277533976
4,713,0.06,4.794892136683417,36.40010233057437,27.748319868138868
4,714,0.06,4.67996743455797,33.96509221888666,28.22421452661162
4,715,0.06,4.779795955290136,34.76134577171439,29.087713247955023
4,716,0.06,4.7261595396797755,34.55889171269944,29.342387143236778
4,717,0.06,3.993740629551021,32.22799886964362,28.10118752865287
4,718,0.06,3.424082879215227,31.529164315299862,28.13460928317933
4,719,0.06,3.1405170735550727,32.20647008728714,25.324510959725384
4,720,0.06,3.151946160131715,31.536060549335104,27.390330726618192
4,721,0.06,3.1452498500327586,33.84578539610213,27.647367845863304
4,722,0.06,2.98171465027922,32.53208462375979,26.972273814597262
4,723,0.06,2.784754076991243,35.34521731035844,26.12802663545768
4,724,0.06,2.7896028200801277,32.9135670429532,28.055848360961317
4,725,0.06,2.8652268586326244,29.80724516790189,29.610899683885123
4,726,0.06,2.9012813039767154,32.71568875711631,28.660622425929912
4,727,0.06,3.3521764731279458,30.492205236670983,27.555168138420584
4,728,0.06,3.481868291023015,28.89933277556087,26.185801152156383
4,729,0.06,3.439803265125483,31.55753233582724,26.24982296771519
4,730,0.06,3.2525004776365583,32.85114883635418,26.460101405718973
4,731,0.06,2.9246664800108166,32.555856780583106,27.356428207320306
4,732,0.06,2.9537916724378603,29.27454586899242,28.233302372067392
4,733,0.06,3.636493145596383,30.19325697332425,26.487920505503496
4,734,0.06,4.117817859700499,29.12966351174822,24.82841454558547
4,735,0.06,4.038820603529204,31.715640247614896,23.132659513754415
4,736,0.06,3.973250593274746,33.86211615779445,22.98784172623616
4,737,0.06,4.244789185692662,31.065946087996196,24.65430532352217
4,738,0.06,4.3525604748676905,29.593816521139352,22.96541803196244
4,739,0.06,4.577218705255002,33.12520313420956,23.241502308398648
4,740,0.06,4.796895948766274,33.213803181826364,21.85742499702412
4,741,0.06,4.93807644794359,28.901660328788953,23.763740097032525
4,742,0.06,4.998567958780298,29.247303878341512,23.385179469242683
4,743,0.06,4.741448210382463,28.9180337400314,26.664095282701744
4,744,0.06,4.399387360054802,28.96652953426154,26.514115445541123
4,745,0.06,3.8701041087602297,29.858660678195854,23.568698239273594
4,746,0.06,3.263657301681998,29.943333632606784,23.527438525876786
4,747,0.06,3.0941083934488685,28.872235534777065,22.06064372609319
4,748,0.06,3.290377069469412,27.729827659967615,23.108560057126052
4,749,0.06,3.213869351911958,28.819381093871176,26.156967006036734
4,750,0.06,3.412783774231625,29.091654276590905,27.314764114668286
4,751,0.06,3.940329237938648,31.547856386286863,26.30145109127092
4,752,0.06,3.9347541795436456,33.69551543243842,25.854809021687487
4,753,0.06,3.758324649061136,30.701341323099985,24.87890878015073
4,754,0.06,3.6073130740106194,30.000915751824532,24.40602645957956
4,755,0.06,2.6261085677205873,28.927780337249057,25.862534503653606
4,756,0.06,2.1441765182553505,30.443388096262108,25.609529494902315
4,757,0.06,1.9750103364376153,29.843564245440557,25.721237453170367
4,758,0.06,2.3507964204928333,33.52739569713431,24.42322565064343
4,759,0.06,2.9595989223468515,30.900906220803723,25.144043230999827
4,760,0.06,3.7546114590921356,31.608860369021226,26.54087252953194
4,761,0.06,4.952326816339006,31.086965425250785,24.26100723375918
4,762,0.06,5.5961263803192836,31.222765537323582,24.946164873394668
4,763,0.06,5.451956170535876,29.75378045643906,23.956012267638688
4,764,0.06,5.213055516127174,29.638801699281206,26.639712742497178
4,765,0.06,5.089432724264141,30.16016608060618,28.257218705788084
4,766,0.06,4.7250837335338485,33.868581843456745,27.540258748066634
4,767,0.06,3.9954767691813844,34.938474232995624,25.77907783938856
4,768,0.06,3.255567275878288,34.50740619187542,25.739417128219593
4,769,0.06,2.6212640946062615,34.119899153707884,25.88635773964743
4,770,0.06,2.399449269975232,33.63824066437014,28.113305911056788
4,771,0.06,2.4028162156426145,34.03676686430773,29.03771592053136
4,772,0.06,2.7118881799491366,34.1496851694303,28.59998222201963
4,773,0.06,2.634505875143722,34.98916645973905,27.825157345650457
4,774,0.06,2.5092279947304306,32.16174112663184,28.41034876085927
4,775,0.06,2.0908698724159542,33.35710113070569,29.655224955659868
4,776,0.06,2.3606800846661145,33.31670492215311,26.13865970285194
4,777,0.06,2.827803505162698,32.647065695838855,26.149706481834034
4,778,0.06,3.4432945667879453,30.549397138807095,27.280516356366995
4,779,0.06,3.814244379356123,32.08103601880086,27.520467633116027
4,780,0.06,3.8649054980151005,29.010018568853646,26.023283964383317
4,781,0.06,3.8478071230626605,32.22740886361424,27.241793117293913
4,782,0.06,3.603165403855843,36.28433170309066,25.50182655362033
4,783,0.06,3.4124086198852623,35.233871315586434,25.96520589500295
4,784,0.06,3.3700489300468695,37.44315906007166,26.795960071427398
4,785,0.06,3.4116460462987725,37.54163529059464,26.389055509534675
4,786,0.06,3.44100790172438,36.21258209066408,28.417027411619262
4,787,0.06,3.6081734291110803,33.984201098279904,28.520218016291032
4,788,0.06,3.3264162890723767,32.61934375025313,26.736947640751236
4,789,0.06,3.3241506898406414,32.84527301749378,27.757780293585135
4,790,0.06,3.4894495015633242,30.61625352377799,25.312402194921
4,791,0.06,3.4736960242131527,31.30767172578466,23.759001094228154
4,792,0.06,3.7895575115621267,28.50948722655043,27.085711879996058
4,793,0.06,4.129358847717475,30.293466515040265,26.396453677641155
4,794,0.06,3.9701654630301872,32.89164317824516,24.651691372622405
4,795,0.06,4.208219265206799,28.919753705462846,25.78719519360817
4,796,0.06,4.160867650106468,29.397426935639803,26.78816613331484
4,797,0.06,4.5405960865107815,32.44470910592096,27.337171388923885
4,798,0.06,4.5282414388005625,32.64320904804425,26.640178143864937
4,799,0.06,4.380540381831498,32.32368662886611,27.489631839572876
4,800,0.06,4.437542467483608,31.441982906425118,26.4515292126036
4,801,0.06,4.240258802831914,34.33230364012039,25.867041665060192
4,802,0.06,4.368091568351389,31.942498059755,26.32300687321639
4,803,0.06,4.240128017438955,28.861801192075784,26.139111048936222
4,804,0.06,3.89959763932302,30.870021317816132,25.561908448615505
4,805,0.06,3.7793289245441906,30.95937183836588,26.635011238951396
4,806,0.06,3.4667524997189125,30.73748287155631,26.319371592716227
4,807,0.06,3.1795232460714495,31.371045800315787,24.412264084489735
4,808,0.06,2.8206630435338957,35.54785953948047,24.4772705308313
4,809,0.06,2.7144154697921783,33.883487449104095,24.59536948560008
4,810,0.06,2.821897240937114,32.57202924629635,23.04307891971198
4,811,0.06,3.024718191202255,34.18224990503817,23.443927082689378
4,812,0.06,3.1642878907602374,34.804037483876435,27.144952919424846
4,813,0.06,3.3282087729158363,39.3474507256866,28.824314789011467
4,814,0.06,3.6636042579135726,38.574080134074094,29.421704401993455
4,815,0.06,3.902079758016083,37.29111500364778,28.618322477449333
4,816,0.06,4.556529221788646,37.620024621108946,26.418437702129193
4,817,0.06,4.995487785447305,35.70203333052475,26.325460024934845
4,818,0.06,5.509688672554317,35.467735734837945,28.803902494740232
4,819,0.06,5.319432851235326,34.87271405911445,29.164751600635682
4,820,0.06,5.376288641884771,33.14234575045336,28.58808793997305
4,821,0.06,5.083241957803778,32.89315647281526,27.82350920788312
4,822,0.06,4.335816399353584,30.07824790974042,28.459292490221348
4,823,0.06,4.085492274174878,28.23083343081517,26.420937980478655
4,824,0.06,3.74211654365501,27.518013348436266,25.063257967632037
4,825,0.06,3.5744716610345644,28.293386833042113,22.907560495077206
4,826,0.06,3.950186885931676,29.268813593149375,23.813337956508583
4,827,0.06,4.4030726816670445,30.108814049957314,22.887669042859233
4,828,0.06,4.352653862262236,30.245079297546553,21.64498438729972
4,829,0.06,4.646247078831043,29.088511990118466,25.378060685358058
4,830,0.06,4.780270886856825,31.602487129331166,26.546203386060185
4,831,0.06,4.951332351837271,32.25393718098343,25.923305044621372
4,832,0.06,4.65898755252358,30.67368709649204,25.337388421610676
4,833,0.06,4.286130379800762,36.02665865586496,27.051466761830806
4,834,0.06,4.041720751860111,36.22026601139178,28.71557690421089
4,835,0.06,3.545470570237034,34.722523207642325,28.185552648092614
4,836,0.06,3.706459873675631,34.81513551036235,27.748605014263937
4,837,0.06,3.9551038019956253,32.843413638812514,29.402445500908435
4,838,0.06,4.358628235283363,35.621189975735874,29.66293259659974
4,839,0.06,4.581271363723067,33.823396203006155,28.21729460472882
4,840,0.06,4.049673334185009,34.054967583630216,27.031520121967517
4,841,0.06,3.3795445056521958,35.05511637110166,26.55493576835357
4,842,0.06,2.7379419708621975,35.514490690240685,27.140512124091174
4,843,0.06,2.3668411191049703,37.492485089333655,27.46434957544589
4,844,0.06,2.636549447412037,37.54542833931904,25.870481538497234
4,845,0.06,2.752642552123299,37.27937988677557,25.39870735991326
4,846,0.06,3.328246069618088,37.38261756737242,23.15754461866194
4,847,0.06,3.530251366378277,35.26966410757959,23.325768274915596
4,848,0.06,3.422234919785525,32.669972780585326,24.384717721727057
4,849,0.06,3.2017281331496856,35.48379911952728,25.326816482948423
4,850,0.06,3.2581768620618323,32.707334430142076,27.744568053466953
4,851,0.06,3.5592958281012077,31.222005895195135,27.872530562283103
4,852,0.06,4.0555322992009195,31.785502791783053,27.90191362937958
4,853,0.06,4.14470609982128,29.850823572802778,25.64723484360372
4,854,0.06,4.58105193204106,32.617485240570055,27.91064430488612
4,855,0.06,4.772593251048377,32.52424254410309,26.093110031546463
4,856,0.06,4.308421027872781,34.26699711650625,27.392544850326775
4,857,0.06,3.8009381123778736,35.488133037407906,28.222057078359814
4,858,0.06,3.5085292950647418,35.16098688695214,25.989102684579834
4,859,0.06,3.5302280814985663,35.11080535886662,26.781030138814106
4,860,0.06,3.7093134930434175,34.05333701000935,27.626472047605805
4,861,0.06,4.0160439759834015,33.8802243561319,28.421492153570696
4,862,0.06,4.083498646350061,34.56550066571897,26.65940035093742
4,863,0.06,3.538341932093465,32.92043187582555,26.181223564138367
4,864,0.06,3.412392471530348,31.50218094752083,25.790462302874747
4,865,0.06,3.318243946154865,31.786536469372198,27.305741132708256
4,866,0.06,3.823600816190222,30.258709000085503,27.54620499307538
4,867,0.06,3.90178160132763,31.45096510942764,28.13588259001882
4,868,0.06,4.37068910133472,32.64078460892387,28.897325223324916
4,869,0.06,4.8969364407849225,31.685854880731753,27.619547005084993
4,870,0.06,5.18475662886758,29.69022667277599,29.187315355171123
4,871,0.06,4.99951518420485,32.40973178824042,27.845852203156035
4,872,0.06,4.356058794186518,35.12052916206008,29.41920713382674
4,873,0.06,4.128913938282564,35.29441225289299,29.95918977280734
4,874,0.06,3.987504485167447,33.4502673690286,29.145531971687962
4,875,0.06,4.009718731310442,35.21523517735479,27.87952227033355
4,876,0.06,3.9617838682447233,36.83802513729515,26.10750423462108
4,877,0.06,4.197386671810909,34.44263410007353,24.40616990400577
4,878,0.06,4.43592489019366,33.716341036268474,25.427261626320067
4,879,0.06,4.66447722138498,33.663439416781145,27.82744841456659
4,880,0.06,5.060877594621276,36.435020695488966,26.33343340701334
4,881,0.06,5.262294052961806,37.43295605166133,26.05549583464237
4,882,0.06,5.824439047515306,36.3269784295556,25.842619298501198
4,883,0.06,6.254804000566571,31.751269119442483,26.328705533920026
4,884,0.06,5.9553272869059075,31.90206132587179,25.678376705245572
4,885,0.06,5.333251819951613,29.73023504297017,26.050912575866665
4,886,0.06,4.9844272017250235,27.544572247322026,24.806430781770533
4,887,0.06,4.2396755413935185,29.544484308640957,24.4660230786103
4,888,0.06,3.2527939177967826,31.072457575813242,26.08819411973741
4,889,0.06,2.7366664565765326,29.50328943707268,24.12498641272327
4,890,0.06,1.934680916650021,29.235292639899278,23.829139953005416
4,891,0.06,1.8898324365913173,27.361415989518363,24.203205300014787
4,892,0.06,2.1636958697541675,27.061297997417906,26.889253106470292
4,893,0.06,3.2279643545115313,26.70774983825103,25.642909092531415
4,894,0.06,3.5703935574330057,24.186552912909193,26.02633896922782
4,895,0.06,3.7259073375455367,27.57111395519541,23.990629322244203
4,896,0.06,3.6166277764237678,29.50485955431729,25.142195434627492
4,897,0.06,3.2865565963780075,28.876390153790254,26.81380750324889
4,898,0.06,3.344325224752476,28.935248030013984,27.221783000064697
4,899,0.06,3.8313840598447397,29.856214534136356,25.794271832507466
4,900,0.06,4.444146742723088,31.330612098062176,28.09199240705672
4,901,0.06,4.384377011680198,29.59818410229042,29.271815437240438
4,902,0.06,3.617287976612356,31.121012501957086,28.528438027693852
4,903,0.06,2.7935976695350786,29.695068213006383,27.492919368096906
4,904,0.06,3.1663460489626996,28.74525653820292,27.286502304805452
4,905,0.06,3.748493630060552,30.48960253854476,27.909786368654565
4,906,0.06,4.394837245489843,31.519207675428017,27.81908113426259
4,907,0.06,4.618547637420251,33.16256932534309,24.8338236072949
4,908,0.06,4.776232309873483,31.320836210700183,26.48142942351296
4,909,0.06,4.74870919734223,31.619834267996232,25.47277604163921
4,910,0.06,4.7975346650225035,32.4070392435885,27.82572568642518
4,911,0.06,4.875908683448008,31.915498113333726,24.91208698743398
4,912,0.06,4.692122602125266,30.464945659128645,25.60001352363573
4,913,0.06,4.3797331599529725,30.748345457523783,24.813457560775717
4,914,0.06,4.007209582776809,30.551556607058753,24.77173171206213
4,915,0.06,3.4982952221695682,26.706348545749613,25.22339123514806
4,916,0.06,2.834295392803114,26.706419162518856,25.71455354570937
4,917,0.06,2.8921662162530737,31.5168875988184,26.051037873888976
4,918,0.06,3.5848266706454135,29.80583336751521,25.881435049585573
4,919,0.06,4.003886710965806,33.12934764728736,24.72251992185607
4,920,0.06,4.107253132811514,35.547905249557424,26.769058358841058
4,921,0.06,4.273936117351313,37.85905749491805,28.402385483482583
4,922,0.06,4.605571951362421,35.34637378195261,28.21285695435975
4,923,0.06,4.947601320099676,33.62397245580717,27.69472278684938
4,924,0.06,4.863312261766466,33.24082574735157,28.281373639524208
4,925,0.06,4.905853628818313,35.46676786255235,27.460302798567522
4,926,0.06,4.84095099037303,34.894753795266794,25.698623738473373
4,927,0.06,4.340570007015817,34.63850506090955,25.448656478046253
4,928,0.06,3.7985687032986277,34.75954793223243,27.653304231240313
4,929,0.06,3.5111972466617614,33.636230900787794,28.31784738286692
4,930,0.06,3.074856968985038,33.00149976587984,26.814354985540557
4,931,0.06,2.9014263557721627,31.98519318424696,25.040965900459216
4,932,0.06,2.9517736850926655,30.68275044849521,26.32764593238097
4,933,0.06,3.1182421636757645,31.2665344777668,26.281970014750723
4,934,0.06,3.3326192610547096,32.953668126696726,21.671691784114948
4,935,0.06,3.7671243982049356,32.84184019075092,26.491095547345704
4,936,0.06,3.9947674764190766,32.174730705133406,26.78032982447117
4,937,0.06,3.973714795617156,33.2178857496373,25.11777989338531
4,938,0.06,3.945162604369435,32.25278493385618,26.394003503126953
4,939,0.06,3.89942661825165,30.962107735889155,26.317379520095244
4,940,0.06,3.7728513379317286,29.98203685100341,27.47773683603429
4,941,0.06,4.156283834163131,33.42621652870068,27.104263595820992
4,942,0.06,3.6476744605165177,31.438110720955756,28.521246325374232
4,943,0.06,3.5850882902736045,35.208919767326755,28.212909145974194
4,944,0.06,3.4534471313315462,34.524340092995374,28.403673014390016
4,945,0.06,3.7929890806685336,38.072169152074444,27.5096724474201
4,946,0.06,4.2828642512532396,34.77188851171134,26.817976944575594
4,947,0.06,4.384329133330035,35.22175018534372,26.838261840188505
4,948,0.06,4.510110761204707,33.418465941368936,28.08209060389721
4,949,0.06,4.377662178418168,34.83848683798477,25.906959693798193
4,950,0.06,4.102981358141088,33.89517567431658,25.994880924568108
4,951,0.06,4.400315577477793,32.82204991142173,26.828886520717237
4,952,0.06,4.65348860815706,32.51365171734277,27.014279134520773
4,953,0.06,4.589773603636636,32.5059637835243,26.860076760110662
4,954,0.06,4.66868791850076,32.40536986294415,26.711693391342557
4,955,0.06,4.7889729450699585,33.60684927663165,26.68034468823821
4,956,0.06,4.890895569454893,35.261954165237725,25.05374830236246
4,957,0.06,4.904067112512508,39.07579340413168,26.820605137772446
4,958,0.06,5.478424472564675,37.704800958679584,25.341097756429733
4,959,0.06,5.702657331502241,37.673487140100455,26.58433074461757
4,960,0.06,5.113984907288959,36.15272644040353,27.04638113307915
4,961,0.06,4.776676946333426,34.9745218954293,28.074490006748754
4,962,0.06,4.078395076918666,37.49245921438648,28.146727185249738
4,963,0.06,4.234472033102403,35.54028549199079,29.522709200376646
4,964,0.06,4.349605461571908,32.39424034610301,29.51798709190525
4,965,0.06,4.171262565923415,32.11511421284772,28.321258263221022
4,966,0.06,3.626486882663087,34.82171459262407,25.835839045245088
4,967,0.06,3.234309909837739,33.798048697890984,28.16001067643902
4,968,0.06,3.4498031461860945,29.680905264965407,25.476044049157995
4,969,0.06,4.044226435726752,32.23289233011456,26.79079453376117
4,970,0.06,4.205295786028578,28.599777825649806,25.884045758634432
4,971,0.06,4.991439576789175,30.267346530289043,23.979115920593728
4,972,0.06,5.191368239970032,30.53370684953153,23.14020582072684
4,973,0.06,4.795387631267287,33.04289454756313,23.483461684492717
4,974,0.06,4.401666764751163,29.736343175809697,24.382774167645454
4,975,0.06,3.9754885832393074,30.630581168585202,26.223191968276836
4,976,0.06,3.6659532058293847,29.23295633123343,28.378660309390867
4,977,0.06,3.246612817632764,28.106074575571427,27.063730809532345
4,978,0.06,3.3252975083998058,30.44275661667744,27.74993821972251
4,979,0.06,3.252646194178067,26.609384518795196,27.731190085623854
4,980,0.06,2.971252292445886,30.55766231091467,25.877008148987763
4,981,0.06,3.111734355589327,30.86532171290659,26.1363981357845
4,982,0.06,3.125530238289307,31.900226233152203,24.629703649689162
4,983,0.06,2.791038167742416,30.20807632351136,23.69142460568494
4,984,0.06,2.521105197975417,31.317800899156275,24.964538450574114
4,985,0.06,2.0995856372232584,31.354709606411973,26.191720184699527
4,986,0.06,2.1663522202579513,31.53007296916766,26.845978047374356
4,987,0.06,2.5932723903653763,33.94249176482316,26.203694161017378
4,988,0.06,2.435094462143669,30.444066484362015,24.697138613638028
4,989,0.06,2.3081261199609786,33.256094193293464,26.29023864862808
4,990,0.06,2.3665503634963683,30.033377199286424,26.00277351030868
4,991,0.06,2.311154022167222,28.317699436931317,24.714034771225435
4,992,0.06,2.0991691387759204,32.671136584379624,26.88481065914442
4,993,0.06,1.719552157220801,32.76164669412797,27.02054935082052
4,994,0.06,2.15866239018571,31.696526831064702,25.17947087610239
4,995,0.06,2.6254145886682014,29.8757887407601,25.05262678545912
4,996,0.06,2.7864020283529483,29.07784030652205,25.814027574211725
4,997,0.06,3.1514189466477838,27.533440510667486,22.156523614840808
4,998,0.06,3.4117698832438186,28.094544357008807,23.54723631475967
4,999,0.06,3.668376409864103,27.872751195554603,23.156648081576634
5,0,0.08,7.033434732502627,30.196112074722553,25.15672294900422
5,1,0.08,7.762023598060214,33.0423555851584,25.63375619213332
5,2,0.08,7.6207242614607225,34.69784410020743,27.268369997935434
5,3,0.08,7.47593444663392,32.11065978779454,26.29853714516606
5,4,0.08,6.852006140116363,31.64704430517407,27.191534646515763
5,5,0.08,6.26365313022823,31.543654761642266,28.385829579942047
5,6,0.08,6.049165159558624,29.019426235295263,27.462597312239904
5,7,0.08,5.473370591964092,29.93732748886564,26.412276971782845
5,8,0.08,4.344385063725359,29.080381197997546,24.828609328339844
5,9,0.08,3.5744703419669914,29.969126885340405,25.90039418464184
5,10,0.08,3.041669736137326,29.816752140445587,25.397906554732497
5,11,0.08,2.4187153695003065,29.990316778587566,26.626667771364126
5,12,0.08,2.033888773847494,30.380815353587465,26.67601981349756
5,13,0.08,2.1043496268342956,30.666918217234624,25.21372911634131
5,14,0.08,2.6831281153548945,32.12553513819045,24.590098647503954
5,15,0.08,3.3557147410755137,31.31294214368698,25.73109282514856
5,16,0.08,3.4786252712455576,32.61371807836623,22.98106515752353
5,17,0.08,3.6980878037010174,31.82110785089696,22.916288996208117
5,18,0.08,4.016991530073736,31.930070362342835,24.309917107886868
5,19,0.08,4.254104962289346,32.127271309058585,26.526440854850467
5,20,0.08,4.560251465207704,31.582650705927996,26.39354890055547
5,21,0.08,4.548834946173556,32.27968851805035,26.896289189430448
5,22,0.08,4.289609625942412,33.00519031646971,24.925204902118786
5,23,0.08,4.1385334817530275,34.440515898982355,26.860553837370134
5,24,0.08,4.160040830677183,36.40921559429202,28.941105347488264
5,25,0.08,3.5391438707192115,33.2845457748717,29.21374484677482
5,26,0.08,3.5765257616627637,33.63425015340857,28.54050935840694
5,27,0.08,3.311731236241573,33.59240362435724,27.489610321920114
5,28,0.08,3.470277193128514,33.64459292352521,27.64655617402277
5,29,0.08,3.991272677724762,34.49945577041897,25.72145670039548
5,30,0.08,4.369753365230977,36.155576621028096,25.166544768981787
5,31,0.08,4.804236431356219,35.440354574076274,24.878804958355484
5,32,0.08,4.670253258953471,35.469618667158976,25.772054953705307
5,33,0.08,4.826689118959516,34.03583029744879,26.618920473044998
5,34,0.08,4.664877183918884,33.653328871142214,28.325395922618696
5,35,0.08,4.448462657217177,33.55756741267451,27.822417593007632
5,36,0.08,4.656792992913177,33.67395402563187,26.477813193476592
5,37,0.08,4.711451335354672,33.891000695553906,26.48776328754431
5,38,0.08,4.335263214188999,35.045178344910646,26.594221545698478
5,39,0.08,4.119865734441317,34.37543153089122,27.399996228806295
5,40,0.08,4.430260686692249,33.275884660409524,28.2973416160027
5,41,0.08,4.551169082590014,35.099326544537476,27.86263524099999
5,42,0.08,3.9672077813889635,34.19004839302788,27.797867057204
5,43,0.08,3.894378304831755,32.43177292792473,28.723373809159003
5,44,0.08,4.177950023078175,33.41269542722236,28.660151568075268
5,45,0.08,4.257764993610329,32.150269255063584,27.239874781354683
5,46,0.08,4.6495112633935465,32.720553621295046,27.409422566877904
5,47,0.08,4.721972020716388,34.64912049411803,25.353429484316056
5,48,0.08,4.610692166107406,33.05599062679554,24.8729873310796
5,49,0.08,4.544606478262806,32.9239467301184,25.13671615368454
5,50,0.08,4.051497914214877,31.035456002641865,26.353649622242028
5,51,0.08,3.9902066084906793,31.94608185615126,27.437525857785914
5,52,0.08,4.130588628668226,32.57918962612606,28.240943321413834
5,53,0.08,4.6653479887820986,33.01390641696731,24.4284351089328
5,54,0.08,4.841582850249269,34.28567443274008,23.540194446944476
5,55,0.08,4.521842555959206,33.61262325078365,27.23417220914761
5,56,0.08,4.397846036402008,33.956597506826824,27.46232819266304
5,57,0.08,4.423532449588089,32.83602977149642,26.83196490985021
5,58,0.08,4.643110207653441,34.46042348886516,26.585209761043274
5,59,0.08,4.444077138892953,35.37646445177395,27.241078686244936
5,60,0.08,4.365834231380312,32.833309711221986,25.940246744256374
5,61,0.08,4.500957073162169,33.64589952730404,27.89756799708651
5,62,0.08,4.722317916541439,32.689995566845525,28.3058441075987
5,63,0.08,5.334952767893206,33.031256632232,27.79302847888205
5,64,0.08,5.694584755603589,34.940402033836754,26.016083403458502
5,65,0.08,6.154160070283824,34.38498216381023,26.336673842788162
5,66,0.08,5.841663395901198,35.38733605329401,26.564433855252158
5,67,0.08,5.101865168734122,31.127171882162763,26.641572523707275
5,68,0.08,3.8659060751420786,30.93242617665441,25.85837029081525
5,69,0.08,3.2443878115822504,33.50830273908592,25.501907415627784
5,70,0.08,2.644118818532641,33.320369074590566,25.16764526083677
5,71,0.08,2.3267300164290354,31.435604348430044,23.884085074707368
5,72,0.08,2.1696814499498096,31.70181828327068,25.548201968554302
5,73,0.08,2.433329506437622,32.97429902574046,26.736283264638214
5,74,0.08,2.417248605779919,33.376391017956486,25.988982530835155
5,75,0.08,2.1631332447849347,32.27635723036202,26.44541968528523
5,76,0.08,2.476558449383238,33.32153584097,25.56620831304348
5,77,0.08,2.7280738296050533,36.135614689727866,25.973723533754963
5,78,0.08,2.9319978234752497,36.08979577320168,26.082313564507423
5,79,0.08,3.12439569235798,34.868162802534215,27.626490212372516
5,80,0.08,3.745171767134957,34.02367764515033,28.16441543423261
5,81,0.08,4.21356247692098,33.03305603226573,26.64362997057339
5,82,0.08,4.456153251712022,33.26377055076663,26.85322958148876
5,83,0.08,4.320158268750828,32.21417996160748,27.390965843113996
5,84,0.08,4.158762869352019,31.758228630752075,28.417456280067185
5,85,0.08,4.0967506518508925,33.72598215096489,27.030689550307223
5,86,0.08,4.26702675130182,34.01674582062691,26.111433862888973
5,87,0.08,4.286652837894789,36.20344120961931,26.733028534321694
5,88,0.08,4.23182064651389,35.747714904116506,26.53752288235161
5,89,0.08,4.231135963538803,32.63967721694585,24.995459717322134
5,90,0.08,3.8808825789310575,34.82167785902836,26.665645573133173
5,91,0.08,3.9928728713453516,33.79444435476087,26.38403902566002
5,92,0.08,4.304522464114506,32.46694140067082,27.614441086904225
5,93,0.08,4.887585990183534,31.74596955012383,27.84540619169614
5,94,0.08,4.632661327216277,31.165314851142448,26.13488634350026
5,95,0.08,4.171396071063998,29.803502816226313,24.900257566212073
5,96,0.08,3.8145792639647436,33.815567123342205,25.84748113606228
5,97,0.08,3.642516664144302,33.66440975614176,24.949969234090066
5,98,0.08,3.413906263392791,33.02368570417369,25.306510099346536
5,99,0.08,3.1703646392525036,29.743591102895664,27.625093614450915
5,100,0.08,3.2946696603142755,31.13982903512055,27.892835909530817
5,101,0.08,3.794241004267828,32.549371914629454,26.371614964317924
5,102,0.08,4.06484610990962,30.52272429535677,26.81524496570374
5,103,0.08,4.314831909580748,32.60624027655873,26.709462706474316
5,104,0.08,4.665769342012669,33.187564799011945,26.4513421349976
5,105,0.08,4.678191119931955,33.406631413073846,27.349244211281057
5,106,0.08,4.464265432787805,32.60174107919999,25.91599078590301
5,107,0.08,4.425192665997747,29.493676060837494,25.934921649218115
5,108,0.08,4.001069319197654,29.875333548618254,27.54140509661249
5,109,0.08,4.2508217807322755,32.18003085848287,25.96523266995892
5,110,0.08,4.456411700976902,31.53504912267385,28.350359129791514
5,111,0.08,4.795926567122184,28.52384825223202,28.968895685392358
5,112,0.08,4.452818785099067,28.727760165441428,25.595492302103114
5,113,0.08,4.321999901438417,31.525766382579757,26.465146150387845
5,114,0.08,3.882367060953835,32.285626444136426,26.90329068298628
5,115,0.08,3.8163345786044616,32.717013651049115,26.699200788465152
5,116,0.08,4.048158437620458,31.545202613203664,25.61801469117751
5,117,0.08,4.523437389670971,30.422137960964307,26.282246896052317
5,118,0.08,4.535569258477608,29.32361012973965,26.24459674997616
5,119,0.08,4.133456103990944,30.935535897628554,25.54229055784259
5,120,0.08,4.109973551952263,32.024116140779945,25.965771596830994
5,121,0.08,4.336274103035755,30.374466135185504,25.63873849506282
5,122,0.08,4.542281033484218,32.22673005557124,25.36848437901357
5,123,0.08,4.45323675798773,30.44008240457651,25.116004589171798
5,124,0.08,4.258377433390452,30.93103592177807,28.14187629488547
5,125,0.08,4.138921986597315,29.510802458078597,24.80019528281321
5,126,0.08,4.101461419655213,33.842456842719415,23.391962778608935
5,127,0.08,4.205788641188087,33.421398838202926,23.68074972014289
5,128,0.08,4.281449874971923,32.01783752250624,25.229720049268828
5,129,0.08,4.2922326572870055,33.888461044321645,23.935280196723472
5,130,0.08,3.8325398802225026,34.60669208112057,24.01865771128977
5,131,0.08,3.264380419880127,33.95153870845727,26.290855001147275
5,132,0.08,2.576299344329726,33.18564354482946,25.967655585793896
5,133,0.08,2.1856892225882047,30.826209621120736,25.01608674650656
5,134,0.08,2.2533336777899104,31.88743228431797,24.827019667864935
5,135,0.08,2.416322815955872,32.38012384950231,25.03691854387943
5,136,0.08,2.933276537319827,31.015629132427538,25.40517244841
5,137,0.08,3.659268452441033,30.634778355437014,24.221417056200316
5,138,0.08,4.36760218620408,32.85455532230715,26.069660105078057
5,139,0.08,5.133535359890092,34.55662566726034,28.567651753720206
5,140,0.08,5.046167958946411,35.77877786064873,26.540615821693155
5,141,0.08,5.364490399860036,33.78395950306462,27.68716879828019
5,142,0.08,5.555130894682035,31.264741786452905,27.899594791968344
5,143,0.08,5.484669192149806,28.505233265245046,27.241750552759648
5,144,0.08,5.755657836164785,30.34828799723915,26.040456473922983
5,145,0.08,5.921520476701208,31.758972574454923,26.47614992416965
5,146,0.08,5.58524906515671,34.232708867868695,25.578622782724498
5,147,0.08,5.7331035810006945,37.14490931459299,26.731687717177756
5,148,0.08,5.537301962644656,32.925608269743954,28.312120681556884
5,149,0.08,5.632257881608093,33.54757740555763,27.058159649097654
5,150,0.08,5.085136174293449,34.77301758909832,26.364899417272422
5,151,0.08,4.391185879332024,34.441510811760786,27.262101395841583
5,152,0.08,3.8359332136206272,35.0026757940337,28.021365311632977
5,153,0.08,3.6148671678115996,32.83721546428159,27.007667759755567
5,154,0.08,3.5990233260309847,32.70763107463664,27.74353454389826
5,155,0.08,3.527764195649312,32.315108017891866,26.567665726312615
5,156,0.08,3.801693100542587,30.749651172978453,29.16161754913072
5,157,0.08,3.7543115420031556,30.620022135461973,28.350222683950097
5,158,0.08,4.08401985291178,31.34880862750362,27.39427819004436
5,159,0.08,4.67626907246159,31.757956110246553,28.224941683898656
5,160,0.08,4.759069682951039,31.292516524253738,28.64220047385831
5,161,0.08,4.83643706555567,35.326415378432465,25.81402534026452
5,162,0.08,4.701163160937744,35.44977890580625,25.137703454870348
5,163,0.08,4.3558397437131955,33.708163566580126,23.76028531463993
5,164,0.08,3.7813769216843323,29.47126757844556,24.66195886334394
5,165,0.08,3.7402164452052222,28.50318759109448,25.748883195320985
5,166,0.08,3.8915156728508515,30.24498338762033,25.490217344319795
5,167,0.08,3.958938181191283,32.01748163121459,26.477006115428935
5,168,0.08,3.89161873066283,32.963562860539405,26.211213144298313
5,169,0.08,3.4630153518114746,33.95075145027431,26.84604251687907
5,170,0.08,3.839805049965901,30.522307490603264,26.122755392657684
5,171,0.08,4.317312049055866,32.07707236354366,26.664630185929095
5,172,0.08,4.648403799776665,32.0858598410775,25.459942763163507
5,173,0.08,4.9043591538412326,33.27847054973104,25.403374414408063
5,174,0.08,4.871435091337836,33.37410031227502,23.89878669686351
5,175,0.08,4.553001208845612,34.631069295835935,24.078589154233526
5,176,0.08,4.545391745525344,34.05983212559718,24.280360744399218
5,177,0.08,4.281134091386186,34.208279327310365,26.002152321279866
5,178,0.08,3.8086231829379638,33.59661047594184,26.271766620019662
5,179,0.08,4.327181919956715,32.22323812615824,27.494384443168315
5,180,0.08,4.796280565280704,35.94745210930065,28.648776258298078
5,181,0.08,5.171400730906543,38.25803403879419,27.55670691557555
5,182,0.08,5.3556684982060485,35.34519187190676,28.0101952751436
5,183,0.08,4.770318391212247,37.01557088171516,27.90757136529757
5,184,0.08,4.841657853615054,37.18813605957198,25.64040975897048
5,185,0.08,4.838783383423708,35.91643801196673,26.142863256813882
5,186,0.08,4.7825908328798254,35.0983597602152,25.476619627192324
5,187,0.08,4.9635999821635695,35.20856000376063,24.29574172579199
5,188,0.08,4.419290494296931,35.46304730977257,22.20232181554915
5,189,0.08,4.337423699126662,33.630213234089496,24.029185795121506
5,190,0.08,5.025336015798932,32.73008602671178,25.604697774048724
5,191,0.08,5.594889277451047,31.672371523302026,24.889943288407963
5,192,0.08,5.897243641768753,32.43024850074048,26.337363447556246
5,193,0.08,5.489713614348707,32.9089739895327,26.46012285451383
5,194,0.08,4.840923460658152,31.399227905415174,27.863329400096273
5,195,0.08,4.07923330924828,33.50508407483069,28.56726424882297
5,196,0.08,3.5039600286526196,32.41071358026963,29.256750561946884
5,197,0.08,3.540427623288383,33.56415514434096,26.46913756604575
5,198,0.08,3.213717321069318,33.20631946805906,27.158871258427236
5,199,0.08,3.1266929025803423,35.85527299474542,25.776299841977448
5,200,0.08,3.0094537397775767,36.26565594448191,26.10998848726542
5,201,0.08,2.910686236971969,31.67602103486013,25.03245448034344
5,202,0.08,2.895667864930503,28.83827452542819,26.218103245432964
5,203,0.08,3.162445315958989,28.59439814983594,25.417203808499245
5,204,0.08,3.4180556225240486,29.016168950131963,23.992343326739817
5,205,0.08,3.336172584862344,32.283769283287455,26.10330830112339
5,206,0.08,2.704230191134344,30.99823642940588,22.396605911027084
5,207,0.08,2.7493402079373315,28.50386454302373,22.975462131086168
5,208,0.08,2.8850769937338714,32.184128563379566,24.403918341086435
5,209,0.08,3.199318555643926,32.02897649039102,23.610355439568266
5,210,0.08,2.8857329503610396,32.80463383556203,26.50032672431282
5,211,0.08,2.7759422526677184,33.17148084872099,26.460876537292332
5,212,0.08,2.8901360583426117,35.12588453005136,25.496816643984857
5,213,0.08,2.950491998933755,32.572878592971925,25.287989403025062
5,214,0.08,3.0035470959304904,31.947202929436774,26.196799301484603
5,215,0.08,3.1051064243312565,31.8085541014956,27.056482128712723
5,216,0.08,2.910052146295368,32.305179206882826,26.74255862441905
5,217,0.08,3.18186697299458,31.35000609362419,26.39731628690674
5,218,0.08,3.5166808842611887,30.65738117574537,24.64873417587383
5,219,0.08,3.637813626404351,32.33408093981973,24.393698347394952
5,220,0.08,3.137104734479086,31.801420379507075,25.392443962359934
5,221,0.08,3.2163274905074952,33.75554371718957,24.294172211924803
5,222,0.08,3.359076970913641,32.37634743575451,25.433428029422483
5,223,0.08,3.1885475668815895,33.99367223263479,28.392358866759974
5,224,0.08,3.1575607649984225,33.09913846988509,27.727148530716338
5,225,0.08,3.3737295307666093,30.967270907572814,25.48569085244687
5,226,0.08,3.5672254840631648,29.252160398887774,25.42793406963495
5,227,0.08,3.873122672260755,27.790113925758508,25.749004066679102
5,228,0.08,4.284590594705108,30.406701215486567,25.427925388341375
5,229,0.08,4.372410972080447,30.680266272375203,22.625352218745476
5,230,0.08,4.311041158719047,30.15781848128237,24.743469373607816
5,231,0.08,4.510468774158852,31.97557592704781,24.066247118540236
5,232,0.08,4.218332943473968,32.84194404094473,24.548666478939158
5,233,0.08,4.195018560865956,33.97329629980694,26.004221599719653
5,234,0.08,4.282438803597695,33.26541030825992,25.417084003483012
5,235,0.08,4.343682803342165,32.45066204586799,26.649580241596638
5,236,0.08,3.9566043904863446,33.56383864708838,26.847540535953453
5,237,0.08,3.8042080975975336,32.21867081005745,28.326424272970133
5,238,0.08,3.689776051575016,32.620417448078015,28.391240051236363
5,239,0.08,3.3220066068353407,33.32018202302312,26.968766318958213
5,240,0.08,2.9934664933041146,34.09113848900771,25.37052948594422
5,241,0.08,3.284894892750981,33.38697338457256,26.58439769083189
5,242,0.08,3.42686021412379,34.21360555802835,26.47797222555711
5,243,0.08,3.4729652899899786,30.360031530644374,26.39994615076437
5,244,0.08,3.5207176336913584,33.229338969887856,26.648386109099278
5,245,0.08,3.2938534622279834,30.149077605790044,28.5806533660067
5,246,0.08,3.0612333093598685,31.14864177727581,27.646068966708096
5,247,0.08,3.1197020049313937,30.913439012614855,28.192953744651962
5,248,0.08,3.124892546268619,30.619749793894,28.955516461237877
5,249,0.08,3.129201671217715,33.92630432023106,29.208912884583746
5,250,0.08,3.1637139905636245,32.67942602884097,28.040420358181212
5,251,0.08,3.5984107732003503,33.252806323106356,28.0644371269369
5,252,0.08,4.0480946423461,31.227409498947345,25.33604980157694
5,253,0.08,4.110152856117636,33.06065823383745,27.41201450476631
5,254,0.08,4.24788033329185,31.342813358608236,25.796455348726077
5,255,0.08,4.440260552783352,32.84907280097291,26.94116416535502
5,256,0.08,4.467039590634861,31.569875601695788,28.133209857587374
5,257,0.08,4.734245111870819,31.594038732664288,28.08484442480085
5,258,0.08,4.9663603334504325,33.557618591333544,28.25304191730907
5,259,0.08,5.006907306360859,32.804172221631816,28.680563777037985
5,260,0.08,4.8753857694562015,33.09171422014552,25.952028199847064
5,261,0.08,4.140689758147598,36.36684862571682,25.10868216716468
5,262,0.08,3.5740599817088095,31.720621102442284,25.542911143313404
5,263,0.08,3.61052864055581,34.30422007598574,26.17491642868881
5,264,0.08,3.4512039704798645,34.60694374218398,26.690311177124887
5,265,0.08,3.177101859513614,34.93676426926432,26.780668086888188
5,266,0.08,2.7224258876994973,37.127285266222316,26.204581991342824
5,267,0.08,2.269345370382029,36.784593649064085,23.40218955278798
5,268,0.08,2.2914816511601304,34.65977801987692,27.904104837564322
5,269,0.08,2.573538546607096,33.028204301905426,26.885726696419795
5,270,0.08,2.89150772530558,32.36757553553212,26.81250510832867
5,271,0.08,3.66675856473709,31.91281226260522,26.890617957600515
5,272,0.08,3.9947953515998686,30.587120686634407,28.848826383215634
5,273,0.08,4.3621078752532245,30.94431445223407,28.06915716692211
5,274,0.08,4.813082090228138,32.300592171806414,27.64007379358765
5,275,0.08,4.998330841096871,34.09223080402943,26.64543724424481
5,276,0.08,4.958414911659395,32.25267702917454,27.468313906643473
5,277,0.08,4.8175292871304976,35.390322756803066,27.201346525942228
5,278,0.08,4.60073094802775,33.68362378870389,27.40498287622496
5,279,0.08,4.362708237454464,33.77295242464386,27.800165673061926
5,280,0.08,4.349682572382012,32.9829052076492,27.47524330082733
5,281,0.08,4.238447440386309,29.75631050224517,27.4836163419695
5,282,0.08,4.7440017190247685,30.78417080473887,26.791397530915912
5,283,0.08,4.787149020573928,31.392505334577297,26.104419061673287
5,284,0.08,4.795041208499535,31.782437905171378,25.023966241152834
5,285,0.08,4.730561516569692,30.4206128079769,23.26112876665293
5,286,0.08,4.607351127765834,33.18334827101775,21.310767456867676
5,287,0.08,4.749899414301003,30.44061830690505,21.34414449493528
5,288,0.08,5.313086142754799,33.39766263669772,20.136845462555456
5,289,0.08,5.630713715238154,34.66980728261324,22.269372421903
5,290,0.08,5.671957019252635,31.860368558262063,24.802031302833072
5,291,0.08,5.3873960894063115,30.343723940856457,27.716445736123404
5,292,0.08,5.144688859596584,32.39016441015974,26.465849244347115
5,293,0.08,4.81120809879763,31.927464005790718,24.907950285834655
5,294,0.08,4.823759650567142,30.932035655460687,24.956425698441482
5,295,0.08,4.733989336194924,30.59502883025961,24.976417444375198
5,296,0.08,4.744056046375231,32.691905790349445,27.351879397305495
5,297,0.08,4.845628985457459,34.48419685098316,26.140960669387404
5,298,0.08,4.748984990693346,33.91067891842672,27.364116186719542
5,299,0.08,4.313144932432,33.25991672316945,27.26179509166107
5,300,0.08,3.6600916323131423,32.71265304705661,28.493851152548103
5,301,0.08,3.6391554692664663,30.620961323241392,28.95895427707724
5,302,0.08,3.7581599027959753,30.407987197521383,28.18965039534043
5,303,0.08,4.291557778878865,32.61033418353397,26.56243074053598
5,304,0.08,4.823008111054533,32.92395338575208,27.17514007422909
5,305,0.08,5.027007695836046,32.139566638860806,28.08619633894579
5,306,0.08,5.0220016115877355,32.16546639099611,26.635750599182593
5,307,0.08,4.666865731151703,31.36099916848861,25.62718519930638
5,308,0.08,4.531282686720107,30.1162232255495,27.10107102262949
5,309,0.08,4.209297537643264,33.48653946194679,25.311452970071315
5,310,0.08,4.2469938837744765,33.129968522647005,22.877293383065695
5,311,0.08,4.40367620980577,32.653242180235395,25.030107344265364
5,312,0.08,4.367455763187657,33.15027233220773,24.420755952351474
5,313,0.08,4.090750020016776,30.442750618185457,26.26428712252693
5,314,0.08,3.9181183458966307,32.42343169101789,26.057689223047962
5,315,0.08,3.776464880044631,36.85211089219274,23.3033735156211
5,316,0.08,3.816604350237756,33.983237840969764,26.299372437800383
5,317,0.08,4.061283421070587,33.27480882998944,25.334701311547253
5,318,0.08,4.293652413461034,33.11933125848173,25.831482114856268
5,319,0.08,4.661586296284541,32.18178645196635,25.400502375300107
5,320,0.08,4.818210717899207,33.937096685026106,25.186345221999485
5,321,0.08,4.952522502279969,37.34462031266967,24.839908738693026
5,322,0.08,5.101545966671887,35.08776162811398,25.79963332925262
5,323,0.08,5.086883580233869,34.31689902124727,26.360554039663537
5,324,0.08,4.759956806613802,31.790516765979998,27.87001049917022
5,325,0.08,4.449701577442824,32.34844707641568,25.20789617814535
5,326,0.08,4.377983334792061,32.057863615593725,26.945138634194993
5,327,0.08,4.616570598586773,30.353051834926553,27.631822671394943
5,328,0.08,4.411474939195271,32.597500161422026,26.252917355141335
5,329,0.08,4.582658745459948,31.513784555171654,26.721582963201904
5,330,0.08,4.082468176699756,29.779938865671294,26.33514337020056
5,331,0.08,3.733560792912925,28.000795565257285,23.914282046716284
5,332,0.08,3.2556231609353,28.181581915693034,23.925347599977524
5,333,0.08,3.093198459432715,28.13617488810387,25.449677721466355
5,334,0.08,3.022628959005919,28.538673256144037,25.143941284337625
5,335,0.08,3.0209878041620497,31.205040254162725,24.761464931846383
5,336,0.08,3.0667352543270563,32.26486488486444,23.7160887820995
5,337,0.08,3.9148097709660687,32.748141636749146,23.2601732452627
5,338,0.08,4.407575883275977,30.79264863504577,25.756063262151127
5,339,0.08,4.7621359091607705,32.269867550238395,26.597716357691304
5,340,0.08,4.981364821671202,33.620304485163,27.730163621005293
5,341,0.08,4.875008302433574,34.141877524623595,26.62207119870328
5,342,0.08,4.291625706689489,34.86169683977326,27.59288496860897
5,343,0.08,4.081553908167649,32.45328992093519,26.62677316792638
5,344,0.08,3.7454121786304655,31.067077004913745,25.13482949097354
5,345,0.08,3.5166257762614723,30.150617251117254,24.888501103909267
5,346,0.08,3.4978620659098287,29.860304443744432,23.524567408941476
5,347,0.08,3.8658416226612937,30.868399896091844,23.428654041151404
5,348,0.08,4.684518590549391,34.280872163738564,23.528331659623795
5,349,0.08,4.69034400455786,32.20314894580979,26.829619335752618
5,350,0.08,4.848607585648981,34.25013563606649,25.67973066744335
5,351,0.08,5.006599616908794,34.73572303197493,28.0284738638784
5,352,0.08,4.800823840855591,35.25745317365501,26.87634341912652
5,353,0.08,4.880912156765123,33.56751814234977,27.38899409141831
5,354,0.08,4.673978692226056,33.215594305120284,27.849473961514676
5,355,0.08,4.282211843520301,33.34145290595302,28.72226817367435
5,356,0.08,3.9051848129047366,34.43121296371748,27.29093122411978
5,357,0.08,3.80424948195608,33.197912539492215,26.83689505575444
5,358,0.08,3.8866921483556607,33.37331451839888,25.877878906629363
5,359,0.08,4.0882006038274925,34.60047809358578,28.13038991175548
5,360,0.08,4.167371833032089,32.96542170865439,27.985628445622186
5,361,0.08,4.290616848016411,31.44016768258079,26.62370022672439
5,362,0.08,4.338939343233574,29.708295547814217,26.40114543159361
5,363,0.08,4.0569377068679024,31.44975105818409,27.808719494254177
5,364,0.08,4.103758978302704,34.28303546117968,29.39631142124521
5,365,0.08,4.513532472373518,35.143770610218056,29.440534629040517
5,366,0.08,4.695687394881199,35.96293169421567,27.938785472061507
5,367,0.08,5.238453769369839,33.88001639407714,27.5251074885615
5,368,0.08,5.104393369041587,35.34659602723268,27.164617618847387
5,369,0.08,4.6260264994312275,34.36257741674139,27.924524633357493
5,370,0.08,4.326116270721633,34.292852910919976,26.60570455507135
5,371,0.08,3.7618604101007302,31.768755281020034,26.463133230959972
5,372,0.08,3.510533957872176,32.13421981790839,24.82300767330744
5,373,0.08,3.722428437676785,29.73611740063111,26.311736457747905
5,374,0.08,3.61905183062113,29.958304462981587,28.74783246213839
5,375,0.08,3.2203846964721774,29.416627402611578,27.363319809531387
5,376,0.08,3.649456779000335,28.025768935397377,26.29543523284487
5,377,0.08,3.6648134454445924,28.74420894681909,26.823028830514588
5,378,0.08,3.760944285644073,31.921630471433925,25.3298671872925
5,379,0.08,4.115365922992008,28.771717150722257,26.575566455651344
5,380,0.08,4.053078599454901,30.31314051543553,24.76496579443761
5,381,0.08,3.9767337579791877,31.748061808402046,24.281062351838415
5,382,0.08,4.3077041872558794,32.957209754142,25.967731392069393
5,383,0.08,4.489326890056367,31.30473415960581,25.865357665129036
5,384,0.08,4.990769952186748,30.531607117250505,26.000241025588124
5,385,0.08,5.1221627909802745,28.341199377134394,25.923617570672846
5,386,0.08,4.914710524693429,31.66831845180453,23.654784471547284
5,387,0.08,4.4899275707422515,32.213238162851,24.1312640883602
5,388,0.08,4.266459270812251,31.662474542134852,25.475016955352622
5,389,0.08,4.302800267004374,32.36715593987668,25.9521371457559
5,390,0.08,3.9214440351854436,33.05005612236239,26.922998737593826
5,391,0.08,3.64690303348618,32.520859997851844,27.51720455441183
5,392,0.08,3.5167812693442158,32.72305574138352,25.78801299580784
5,393,0.08,3.5309402903134983,31.747335361643106,26.821927390882983
5,394,0.08,3.6651570109775276,30.81339670982431,25.617936576844112
5,395,0.08,3.6260033458051733,34.984245181349344,24.96773680555083
5,396,0.08,3.8107384054704347,34.44632940997093,26.520953508541687
5,397,0.08,4.089125386813169,34.33742786327794,26.872281826636144
5,398,0.08,4.057000155434228,33.983360991919994,26.951883972747307
5,399,0.08,3.7646747994003746,31.305994327207944,27.032130504531395
5,400,0.08,3.5117066311628915,32.729173508255364,26.462040286857054
5,401,0.08,3.1023004028620216,32.653166302264225,27.158442811437347
5,402,0.08,3.3075843355824106,31.9069089969859,28.84535779381968
5,403,0.08,3.62085652156259,32.39212797131552,27.03191766491961
5,404,0.08,3.4666599931081596,32.646011850125326,29.131448763214134
5,405,0.08,3.54730350955601,34.80809025397454,26.013769402332635
5,406,0.08,3.4242421592653547,31.88903568132365,26.454175292293765
5,407,0.08,3.3060538055137076,33.00194241218273,25.29931087727249
5,408,0.08,3.094296112490916,32.27269406563793,25.580291911631928
5,409,0.08,2.865416011678685,33.16529205361435,26.41155896952562
5,410,0.08,2.468484569630764,31.203171014272574,27.364646250190475
5,411,0.08,2.034885423181995,29.721705055632693,26.68096094070976
5,412,0.08,2.0622974147174045,30.696003614165967,26.37399938826055
5,413,0.08,2.243393380873567,26.94054299524512,25.589036934200145
5,414,0.08,2.673674657075341,27.863869455516763,24.79920998090216
5,415,0.08,3.167180439849815,26.317963216129733,24.154024079506694
5,416,0.08,3.198147137573361,28.36868307556105,23.127206029075722
5,417,0.08,2.9203932485154094,27.695679262774668,25.150741514975955
5,418,0.08,2.9974366386519127,26.831827550103984,25.28044470340202
5,419,0.08,3.2238517155767985,29.953399549716806,25.876435098355195
5,420,0.08,3.719671766892079,31.90150333964704,25.736588191221816
5,421,0.08,4.144971481452547,29.948997512635213,24.82940430461407
5,422,0.08,4.266478614662484,29.05268946992279,25.28246353627423
5,423,0.08,4.634457813767485,30.658205345722504,27.386043409881264
5,424,0.08,4.912118034888298,32.289433714684016,27.122289634423893
5,425,0.08,5.072050357560418,31.058334543613253,27.933508663254976
5,426,0.08,5.07223487956624,32.68396599344194,28.145801917945697
5,427,0.08,4.880539344809456,31.79989521654926,28.43172645637201
5,428,0.08,4.62910012462663,30.01513033595083,25.405568803238136
5,429,0.08,4.545711927352163,32.438761819639865,22.296424908141642
5,430,0.08,4.114187503031789,34.090441642874836,23.962455961145047
5,431,0.08,3.666773898092325,32.385760459965276,24.98699262748637
5,432,0.08,3.352647871724579,32.94528019067098,25.26409599841779
5,433,0.08,3.533988669313802,31.800629544133514,24.826443629938026
5,434,0.08,3.5041796081468113,31.684828289417354,23.021119880574506
5,435,0.08,3.5467782747774086,31.843719341454026,24.354031943047822
5,436,0.08,3.550091792648955,30.973432895378913,25.4480567856495
5,437,0.08,3.811197060190222,31.66475790918838,26.271230457367587
5,438,0.08,4.081698865045121,34.27154392167864,26.879749310140987
5,439,0.08,4.504290876362865,36.531820463061344,25.62226707338214
5,440,0.08,4.5178488669586505,35.16359235146634,25.461521393257595
5,441,0.08,3.993283431584811,30.803993584134936,26.32799809144904
5,442,0.08,3.912076463788975,31.86677487167577,25.811668133008748
5,443,0.08,3.701371446736428,29.846488082956494,25.653083095627256
5,444,0.08,3.541138187662354,32.85214335228612,25.51164698254251
5,445,0.08,3.272136670879952,30.81542347980927,27.520364493351597
5,446,0.08,3.1932176534898176,33.27416090599535,25.916075566975024
5,447,0.08,3.041326272429548,33.30602234454006,26.169108552700422
5,448,0.08,2.7163945622095245,30.122665977963806,28.050482110271016
5,449,0.08,2.5868991107893553,32.67930117990387,27.000517297066388
5,450,0.08,2.912050397878983,33.07616477513464,24.622966920481364
5,451,0.08,3.1742825431564556,30.657714692058015,24.973828692100803
5,452,0.08,3.6135580703559906,29.184655412414397,23.76151120676893
5,453,0.08,3.645835082626526,32.46312334167012,25.679065896348394
5,454,0.08,3.223763265785859,33.69393493785796,25.634196388247
5,455,0.08,3.2039611556608167,34.57910371126941,26.63831021038522
5,456,0.08,3.6475765772882736,33.723907997032235,26.607607659636535
5,457,0.08,3.7119350500968435,34.24043632447861,25.860803249820908
5,458,0.08,4.050895298285163,33.88239426093804,27.664034968983064
5,459,0.08,4.213639557216662,34.76024053306744,27.08648253006696
5,460,0.08,4.441863997071484,36.29326205916995,25.25949416888388
5,461,0.08,4.5703696236984355,35.084105091538575,26.351198021484
5,462,0.08,4.713931680955207,37.02282861461733,26.891705841288736
5,463,0.08,4.873880050685951,34.7588520618879,24.375550667498082
5,464,0.08,4.870642677432356,32.76248320190419,24.962758001022372
5,465,0.08,4.725087727848708,32.620045998691936,24.358274810106973
5,466,0.08,4.42684837361483,32.921820410607594,24.98425403426383
5,467,0.08,4.077394953960451,33.64839905642272,24.607675090547033
5,468,0.08,4.255737592068975,34.10738724089867,26.575768389978286
5,469,0.08,4.4479193419256555,34.81340317399563,28.592239444631794
5,470,0.08,4.488569394025067,33.823811416601075,27.743358223953134
5,471,0.08,4.220277375926171,32.702287840600015,28.435093768776188
5,472,0.08,4.199178402658983,34.58867730249354,25.888604705739386
5,473,0.08,4.186507537938719,33.25714099170281,27.052056737607884
5,474,0.08,4.275540400887367,32.40392926648153,28.07269981472774
5,475,0.08,4.200920678030906,34.490966896621266,26.123464764449054
5,476,0.08,3.62789840297035,33.47668637473538,25.341611392968957
5,477,0.08,3.381398487670148,32.42376539176977,27.38825239418465
5,478,0.08,3.178363055909142,31.004250143606015,26.630096875608864
5,479,0.08,3.062909713179363,32.15045023483296,26.299196985316343
5,480,0.08,2.858321485859933,35.729886763367425,23.20046230306979
5,481,0.08,2.60203367871736,33.922038218360655,26.820593111778354
5,482,0.08,2.3954653372971046,32.6888993944383,26.4712743144119
5,483,0.08,2.527267913566291,32.9390609528843,26.386006719133114
5,484,0.08,2.612300168758857,32.302223616260385,24.563520779051387
5,485,0.08,2.731831142732089,32.146590689661465,26.823939912010484
5,486,0.08,3.005508750976126,32.672478278009095,26.372522599690463
5,487,0.08,3.2777840372107065,32.75030319336053,24.063498992096083
5,488,0.08,3.873063383275824,35.030125197438714,24.317448028190157
5,489,0.08,3.94334631664105,37.088556623606955,23.96534709855503
5,490,0.08,3.476447163729347,34.53476242367111,23.267204542715966
5,491,0.08,3.194255679896045,31.860682352716,24.560979161623344
5,492,0.08,3.019219877107576,33.85937463238191,27.01758115627165
5,493,0.08,3.2392164404158565,32.72555911116669,26.79269761681719
5,494,0.08,2.9894713688866843,33.911042326246466,28.703161216747638
5,495,0.08,2.9342137117174456,33.46913668045723,27.774434145544127
5,496,0.08,2.9602411819217282,35.28225458233795,28.99307020346985
5,497,0.08,3.477875274617461,35.08349396707752,27.039081210169478
5,498,0.08,3.635809816000765,33.06242147785186,27.84622707850243
5,499,0.08,3.6041787415098754,33.08111999874111,26.26600425533447
5,500,0.08,3.5132783659694224,36.49767883909573,25.496562374599137
5,501,0.08,3.196283547642299,36.00610463579211,24.865534177508025
5,502,0.08,2.741778917403857,35.0470498814072,25.183539936785774
5,503,0.08,2.628852625465967,34.0074764117688,26.94731968730094
5,504,0.08,2.4500064766669363,31.449167001784527,26.977217627700988
5,505,0.08,2.415012534589687,30.407340182662022,26.426853026284387
5,506,0.08,2.3670793990713217,31.198783163427652,27.71185601415372
5,507,0.08,2.8842695486791006,34.79800724833458,27.71081402070884
5,508,0.08,2.9873201998905494,32.19778099266553,27.47213762383052
5,509,0.08,2.872629858783653,35.18226506012334,26.7556868830591
5,510,0.08,2.9499682378985455,33.47721747203072,25.970137045189993
5,511,0.08,3.172222932881601,33.49088341853803,25.84763953346921
5,512,0.08,3.623189494038591,35.56786276753164,26.923705130696295
5,513,0.08,3.77183325770854,35.54602617525501,26.90525462275004
5,514,0.08,3.894782016863074,35.19674390011268,25.268826721229892
5,515,0.08,4.324416453557402,32.449294805107,26.69245386751151
5,516,0.08,4.968494573788902,32.08728177138777,25.78932149722106
5,517,0.08,5.0668045453240325,34.10471654619242,26.127540362686926
5,518,0.08,5.036380200060676,34.76659830679844,27.614406007949814
5,519,0.08,4.783352822578676,34.94942759292133,27.8822712259029
5,520,0.08,4.361254229035433,33.36534439123974,29.068033691300467
5,521,0.08,4.377557692089536,32.60465814933871,26.6692404040956
5,522,0.08,4.503779408229926,31.33245046857854,28.725386679482536
5,523,0.08,4.39470353790912,32.6354284054918,27.22535107016995
5,524,0.08,3.880831312205535,31.755704010250053,27.01758152673392
5,525,0.08,3.6579044542031958,28.10093413240159,26.89072336900531
5,526,0.08,3.5600151420671797,30.14686523118524,27.69845035262028
5,527,0.08,3.3333409294145446,30.86908187226006,27.788565697964387
5,528,0.08,3.0462488954720026,33.24338036648301,27.64974092366698
5,529,0.08,3.0886310022899868,32.771427621303964,26.334391203963758
5,530,0.08,3.1741154032192864,32.20064071840702,26.904939034515063
5,531,0.08,3.4292286447689415,33.07288704530315,27.048644334984544
5,532,0.08,4.053096178978519,32.264325408285465,28.425293782686914
5,533,0.08,4.446177997145526,33.85188995543247,28.809250813177705
5,534,0.08,4.681434000955344,33.998862581467264,28.457724415856614
5,535,0.08,4.71957721430453,34.172504991660944,29.02527987995964
5,536,0.08,4.575005275340256,35.17512273594715,28.30985173398936
5,537,0.08,4.826157460241886,31.239606554234264,27.851047742361676
5,538,0.08,4.625131136252842,31.713443227106197,28.33357222728462
5,539,0.08,4.156563922176152,30.37141594244512,27.13670525634824
5,540,0.08,3.876342441498309,29.877545651827255,27.462177464817902
5,541,0.08,3.5124877650318176,33.43461089439962,25.405190471979186
5,542,0.08,3.122105485520912,33.69582453336284,25.874412183715204
5,543,0.08,3.0901424017568213,34.435890110269405,28.411830113064582
5,544,0.08,3.1221197049451903,34.86547364423567,28.528995275116095
5,545,0.08,2.8514838194440797,33.63810383489929,25.754433749318377
5,546,0.08,2.6016717786123085,29.908019917459665,26.5421271691074
5,547,0.08,3.0934314523475575,30.6605947289762,27.754727339788857
5,548,0.08,3.760670459582415,34.75388570572757,26.233425462825178
5,549,0.08,4.18634883269515,36.3367590621006,25.514074267598115
5,550,0.08,4.393254905368419,35.344834540029865,27.306100216864
5,551,0.08,4.490949814813311,34.35813599507562,26.208451246459084
5,552,0.08,4.27833378600963,29.882319991817937,25.291284657384793
5,553,0.08,4.200684757228098,30.181383630518475,25.462895567811287
5,554,0.08,4.036445797302581,34.420166905152115,25.609226825276032
5,555,0.08,3.9570654000118117,33.197988300045466,24.560020235656154
5,556,0.08,4.135704776392095,33.46886723369714,27.312121968696097
5,557,0.08,4.166780974195602,31.086439968711296,26.70847883513778
5,558,0.08,3.980236713880044,32.03781621392932,25.928715674029974
5,559,0.08,3.957930791003419,32.54178698760519,24.662998945375506
5,560,0.08,3.9100484031792413,32.223194871589456,26.1683509323014
5,561,0.08,4.046950837424779,32.28606092122391,26.243706550162713
5,562,0.08,3.9533492443750715,32.32527519651129,26.925624555979557
5,563,0.08,4.0575059370540085,32.1784536643529,28.5896003094729
5,564,0.08,4.157087885806092,31.60266185005688,26.64511688287409
5,565,0.08,3.7316475080721956,33.92078161612517,26.562463977386866
5,566,0.08,3.7593754725347472,34.38610651781461,26.454269043390138
5,567,0.08,4.033085155568732,33.720363349687275,27.52068174640466
5,568,0.08,4.280478215185569,34.54646837618431,25.435897538121818
5,569,0.08,4.3403210372284775,32.47387699905805,26.711054726731433
5,570,0.08,3.88386261961596,33.77938329073988,25.884812166685272
5,571,0.08,4.039907814907493,31.305338841731608,26.187641970977324
5,572,0.08,4.066861868369099,33.70902632971813,28.515244071276395
5,573,0.08,4.171880605400185,30.509781732221967,27.868013500656854
5,574,0.08,3.6747403035964323,32.590250024014146,26.735201734785466
5,575,0.08,3.207355466600178,29.65124377744571,26.05925332668276
5,576,0.08,2.7633489363664343,32.616835230478884,26.41128771181857
5,577,0.08,2.5704703994188636,33.20958800300258,28.073871415498438
5,578,0.08,2.592242816962055,34.83236379741572,29.335867906242914
5,579,0.08,2.4670836668216833,33.130281016143314,27.752228605942722
5,580,0.08,2.6945096855151256,32.95973884346034,27.229190091142794
5,581,0.08,3.0545395961871824,31.07167844853922,26.454555332597252
5,582,0.08,3.7851054770550183,31.33770846613278,27.03992236054648
5,583,0.08,4.596131784513077,30.524192479730466,28.177133633470646
5,584,0.08,4.941247859728003,30.63549950393683,26.421226415981902
5,585,0.08,4.762113865399536,35.66977558490817,25.37329868171595
5,586,0.08,4.846903070370401,35.24800922473157,24.992028139274613
5,587,0.08,4.918138143415941,32.46979958273713,26.94682920839888
5,588,0.08,5.087397965940263,30.07231594884118,25.321372441004115
5,589,0.08,5.311196093568778,29.260702757211057,26.55909536871898
5,590,0.08,5.006446869659781,31.089790821550622,25.912056356716185
5,591,0.08,4.82303003267497,32.54244359711548,25.857614537075165
5,592,0.08,5.277332123052279,31.83309867673196,25.64092095784774
5,593,0.08,5.553303551968724,30.88384703527351,24.99231909306408
5,594,0.08,5.110182314412958,31.799940064509084,24.531110869367378
5,595,0.08,4.79821148815278,30.974383005096847,25.75005102470371
5,596,0.08,4.567115623730435,31.331894596615548,28.954795561013995
5,597,0.08,4.257719599551862,30.132449382868305,27.11423852436623
5,598,0.08,3.8595511357316994,29.599740593760792,26.426249228140563
5,599,0.08,3.59290985247768,28.40843955372726,25.313073309632546
5,600,0.08,3.8004089377667367,28.09862606649195,26.750680138969408
5,601,0.08,4.341443299802705,29.56789014762443,24.78284233953039
5,602,0.08,4.452294878135235,32.536783989329486,25.836440563798522
5,603,0.08,4.29955303767335,33.68360343361571,26.830643465310576
5,604,0.08,4.447707495103607,34.16286432586835,27.3896921822479
5,605,0.08,4.836080074576745,35.756623264967715,27.292121539467665
5,606,0.08,4.468507307458891,35.096908045073036,27.693306359424604
5,607,0.08,4.602956338950087,34.8909448346687,28.00756266538363
5,608,0.08,4.542729027105623,33.88507551328677,25.67373179792513
5,609,0.08,5.230932231108262,34.10225054478298,26.791429052416813
5,610,0.08,5.795253123971307,31.814218358466434,25.36592576747494
5,611,0.08,6.005541962357087,31.73116448670736,23.60333901983438
5,612,0.08,5.775212441176025,32.08287141559155,26.0452402964594
5,613,0.08,5.595456746872197,29.367313161340526,26.210663188433646
5,614,0.08,5.007839027328837,31.720319191179957,26.378121412387426
5,615,0.08,4.35839821699458,31.464697643637848,26.073221356809583
5,616,0.08,3.884320045043875,31.8606216286121,27.338085008797037
5,617,0.08,3.2431678203468164,32.3102362534715,26.41282208204745
5,618,0.08,3.2351947662769986,34.989654549384966,26.713184050247225
5,619,0.08,3.3280674125847067,34.86441566395333,27.12864567208449
5,620,0.08,3.576862173398684,34.596015227566625,28.78542872343406
5,621,0.08,3.7208446924056773,35.32440241746156,27.406198574298724
5,622,0.08,3.9997816937825226,36.21444255862557,24.85342245685448
5,623,0.08,3.988047402922273,33.40517234395799,25.504521507506222
5,624,0.08,3.604790257248231,30.537021170541536,25.859906364197613
5,625,0.08,3.630392330193727,28.68352843695727,27.984691612154286
5,626,0.08,3.4271530651779822,30.366114566963997,27.78555064993565
5,627,0.08,3.351304042361446,30.509628572992664,27.12072221428817
5,628,0.08,3.261881720990402,31.401585713815095,26.363037419561216
5,629,0.08,3.048128003264603,32.53317475302028,26.35793662430305
5,630,0.08,2.9508199521983505,34.3746422516019,26.478967730244776
5,631,0.08,2.9677425382649734,33.30022147930704,26.059210895245975
5,632,0.08,2.802881031023165,34.00225135681277,25.923688054960458
5,633,0.08,3.0630989776150064,32.3618413928347,27.649260069686132
5,634,0.08,3.360316561332415,29.8627595274474,26.63926033295949
5,635,0.08,3.4674797978902334,30.071062106564113,26.494920977435587
5,636,0.08,3.919660695007151,32.75030373430382,27.472597324462253
5,637,0.08,3.850641958658183,32.13991045738632,25.82154884593731
5,638,0.08,4.000398015208024,31.37263364050003,24.331590961371766
5,639,0.08,3.7988463932948564,33.19808727150125,24.687047745955297
5,640,0.08,3.829451974150636,34.91932301216334,26.099278317690665
5,641,0.08,3.92626124810627,31.72363842986645,26.758837205088327
5,642,0.08,4.231124779119778,31.09606399807904,27.56513504736895
5,643,0.08,4.567979826667663,31.12393680636369,26.489535111839764
5,644,0.08,5.113412133504916,31.439331369234054,26.758974876646146
5,645,0.08,5.20006314011259,33.606450273404306,24.63720878487672
5,646,0.08,5.381942009689757,31.916866094179785,27.91660415588046
5,647,0.08,5.369158153388611,32.36789877248386,27.90514079767138
5,648,0.08,5.117740387725843,31.277922577398126,27.773363863377877
5,649,0.08,4.9112829774259446,29.30823125679563,27.24342943614828
5,650,0.08,4.903699338281726,30.597424594989484,28.046779458286856
5,651,0.08,4.8250570886182755,31.150016496182115,27.970230186248436
5,652,0.08,4.898348000646783,31.317304745526997,26.785033425696124
5,653,0.08,4.62951537752224,30.590354333138134,26.97468701849798
5,654,0.08,4.3424282099912155,32.66991983932627,26.176501548259647
5,655,0.08,4.4375139765613,29.362290445978285,28.522899421641924
5,656,0.08,4.155015197556919,30.49884047375206,28.247465010732764
5,657,0.08,3.53118447895256,31.767615259399204,27.46531899571721
5,658,0.08,3.5773567109139166,30.697325661457658,27.25290157937979
5,659,0.08,3.5305115263475937,29.65413298739411,27.637998395200043
5,660,0.08,3.4721958199394525,28.551978618697195,27.598536761701602
5,661,0.08,3.1148762114010995,28.8738055074094,26.89757291818229
5,662,0.08,2.9254974546581236,31.95525590042728,27.009498596826674
5,663,0.08,3.1259588414134507,33.19298957880419,28.25103051627267
5,664,0.08,3.4820590195164676,33.6271080546744,26.96786043444208
5,665,0.08,4.184369089027849,35.34183002114254,28.674520941396878
5,666,0.08,4.773584832069136,36.951083309029485,27.813357583386935
5,667,0.08,5.041941585706425,34.96532393910647,27.26691807472841
5,668,0.08,4.660309632653913,34.112312672198186,28.056984927881512
5,669,0.08,4.3247000184821776,35.16296932210197,25.72982540439756
5,670,0.08,3.7379117155147497,35.8419709962888,27.316045635510093
5,671,0.08,3.6666188922012837,34.03045271631835,27.26647244802154
5,672,0.08,3.5600360456957443,34.32018155351085,27.657764600967354
5,673,0.08,3.711086914563768,32.64937942065166,26.318096087458592
5,674,0.08,4.0476093981738,33.53314797157806,25.966238528586015
5,675,0.08,4.250706058777933,36.046636930965114,27.94963617511449
5,676,0.08,4.4519221645444365,36.83847933161435,28.95081447370621
5,677,0.08,4.769591513854839,35.47066202768254,28.67189733334139
5,678,0.08,5.065328645520845,35.79102756214812,29.823759181149963
5,679,0.08,5.2040446359866985,36.03747029462632,28.443576233273966
5,680,0.08,5.261435777792957,33.15390608278463,28.876055283161232
5,681,0.08,5.067376323871374,32.71724726464782,29.430966016385163
5,682,0.08,5.136344171273751,30.864573958189112,28.19603616064637
5,683,0.08,4.997539992009455,31.89010175343987,28.572830271356835
5,684,0.08,4.803360546605714,30.258348329878224,28.973404033973573
5,685,0.08,4.775582874907073,31.105880248457105,27.240720491685632
5,686,0.08,5.177429186593164,32.776100723084376,29.48583711701655
5,687,0.08,5.301746396194642,34.65036577334687,27.71563667039866
5,688,0.08,5.302227784298486,34.80776133524635,27.30851649088699
5,689,0.08,5.1883724233406365,35.08445481374548,26.525183158705516
5,690,0.08,4.619845848766855,35.98235978424199,27.109559628942225
5,691,0.08,4.4767535158134155,39.29782161579105,28.422361437994226
5,692,0.08,3.900675045525723,33.43911757275472,27.36985764426649
5,693,0.08,3.9148477247378763,33.19096557366564,28.055963901120947
5,694,0.08,4.300687155096196,32.25994827815937,28.07694343055575
5,695,0.08,4.051846366302996,32.578766209048595,26.70631924915928
5,696,0.08,3.699909703378052,30.546267182399262,25.30855250250968
5,697,0.08,3.7973657934344933,31.22682506534563,27.205115808621333
5,698,0.08,4.140374539572394,31.998913522465813,25.630273594472403
5,699,0.08,4.328226055044568,30.928041362622277,26.005248601431568
5,700,0.08,4.887069757743691,32.63466810997737,26.905644520229277
5,701,0.08,5.617200830697946,35.35855676594055,28.464205125530505
5,702,0.08,5.581364270832259,34.537667480412246,26.684767923518596
5,703,0.08,5.301879010044872,31.49637674047362,26.364314308373707
5,704,0.08,5.371911512424871,30.029981024953926,25.952316749393837
5,705,0.08,5.176915262287248,30.88476649869897,25.477354054356237
5,706,0.08,5.360751953919641,35.297916895783025,25.79205718188587
5,707,0.08,5.636520847755059,34.14572287810095,28.399348052511563
5,708,0.08,5.255665827469699,34.02782008772981,28.064852219545692
5,709,0.08,4.713408662679475,32.61585887398815,28.732532461823695
5,710,0.08,4.360796887182209,33.727266176413295,27.69873436613683
5,711,0.08,3.9336357675659985,34.92866495780809,26.740898562770838
5,712,0.08,3.49137074940208,34.963276939595765,25.588721466434475
5,713,0.08,3.390236112114084,35.43269932311474,26.079200821466948
5,714,0.08,3.4901962133506372,35.12300819797722,27.57939169675983
5,715,0.08,3.2033522903305642,35.231086667253365,28.37212721256304
5,716,0.08,3.0127854947972383,36.783914049664276,28.134946580273123
5,717,0.08,2.6064227671710682,35.06629232765352,27.555217403141864
5,718,0.08,2.4141099607392498,35.77790629452201,26.921030521435306
5,719,0.08,2.6291934984268597,33.88771311814043,28.014985867172484
5,720,0.08,3.012682085760731,30.833871504925636,28.15605890245656
5,721,0.08,3.5476792732074705,31.175870185361276,28.308876165601603
5,722,0.08,4.084436917224889,32.397013056249385,27.42531301580479
5,723,0.08,4.685971346917284,31.03017394843709,26.281655097491583
5,724,0.08,4.915658241036495,29.37501632645215,26.26739140572985
5,725,0.08,4.8163311382482625,28.51553299761869,27.35008084911609
5,726,0.08,4.557342707235506,29.20738668969925,26.586320013738746
5,727,0.08,4.3772706381117334,32.01917378374952,25.558854226621648
5,728,0.08,4.477556458700414,32.50515120312725,25.453938713792176
5,729,0.08,3.6979831893933484,33.24133515452898,27.105624350574065
5,730,0.08,3.693400286367282,31.99011452930727,27.851331775362645
5,731,0.08,3.644418263073279,35.67228185352553,28.37043412595561
5,732,0.08,2.974430019218816,36.086263805716285,27.27662155420533
5,733,0.08,2.6319438549917145,36.56378260921393,27.375311700508718
5,734,0.08,2.8144016196999466,34.310812709896055,27.87236411482396
5,735,0.08,2.931464213612224,36.99677273328206,26.93553406246552
5,736,0.08,3.239839619101019,35.55383314934647,28.487319652702354
5,737,0.08,3.71833603703143,32.16093396260049,27.847437947994674
5,738,0.08,3.5986220761991676,34.261678072392044,27.076753235698853
5,739,0.08,3.2535872335334717,33.50394124245821,28.583621330543902
5,740,0.08,2.877819471065659,35.71107711542714,28.21466646064413
5,741,0.08,3.3971298896060143,37.70818193129193,26.394104090634926
5,742,0.08,3.9382637220078704,34.87313402531161,28.378823296467854
5,743,0.08,4.295308085491753,32.93722517511725,27.830608591228902
5,744,0.08,4.626144815201029,32.33013396955753,27.52028300760416
5,745,0.08,4.577132209255819,33.2441100625229,27.194809087218598
5,746,0.08,5.080249117161896,33.65456552552673,28.03655518915736
5,747,0.08,5.375143831187857,33.43557870224557,29.10878058377906
5,748,0.08,5.457570815339836,35.97919144415711,29.37285407297315
5,749,0.08,4.999947780882151,33.46356056695645,27.40404399215469
5,750,0.08,5.216538195810816,32.09797652510505,27.035747969794194
5,751,0.08,4.95919768501065,35.289880432295874,26.140495842054474
5,752,0.08,5.144002650766756,33.52909826967184,25.895132605622724
5,753,0.08,4.848646907296042,33.59530066133301,26.29339282850099
5,754,0.08,4.932699406033866,31.8313997012363,26.42717561961704
5,755,0.08,4.605955046176389,32.32804327644876,25.547452132432717
5,756,0.08,4.3966974047610226,31.105923905783747,24.375835758581534
5,757,0.08,4.421412112305503,29.348157631564508,25.07412204079406
5,758,0.08,4.231582175687708,28.635581265640845,26.00582625576809
5,759,0.08,3.913226675559364,29.216845625301207,25.50765667453114
5,760,0.08,3.5543660276842055,28.230516627059426,23.724404337020516
5,761,0.08,3.2664972652702042,24.42182351874557,23.679414707174267
5,762,0.08,2.820578943203665,27.218603498416808,24.217218490382372
5,763,0.08,2.6547298790535008,31.02465790156514,24.480364764400875
5,764,0.08,2.640017493311966,29.953931086917816,28.175844479813325
5,765,0.08,2.9671779395913136,30.141567853766805,25.851344100990932
5,766,0.08,3.633510433646083,31.468265143411042,26.36812226119082
5,767,0.08,4.046866257950291,34.735293931596914,28.307103885260233
5,768,0.08,4.738208509665351,34.87646335920593,28.07097923278147
5,769,0.08,4.905189987580732,33.84016110647892,27.349988043360405
5,770,0.08,5.758475756368487,32.6608296969534,26.82264736960391
5,771,0.08,6.113051227922268,32.494731582968065,24.87621924837906
5,772,0.08,5.910185683011233,32.33152740128777,25.03889269621464
5,773,0.08,5.398367546424794,33.43803077287347,26.449995889812666
5,774,0.08,4.613023528375522,36.86278700434208,25.691388702755084
5,775,0.08,3.8404532329624503,33.05501408085486,27.173124855722584
5,776,0.08,3.3335136067568003,35.83737580235494,26.552350059410234
5,777,0.08,3.2479741828459567,35.29648999592986,26.357107617807923
5,778,0.08,2.730212949260194,36.10912643556634,28.29947720341635
5,779,0.08,2.377926369602089,36.315388062038224,28.581406132883107
5,780,0.08,2.0446033260210146,33.727292587321145,26.67337290363956
5,781,0.08,2.348089479624659,33.84132073457492,25.28668558204239
5,782,0.08,2.883990794360775,32.437004704346776,24.81551520791505
5,783,0.08,3.4693851106210234,31.5688114255329,25.560055532858794
5,784,0.08,4.061234928261366,31.06073369311201,22.908960221902035
5,785,0.08,4.193346846087246,28.240317534081726,23.869933114301798
5,786,0.08,4.219972480000426,29.0826127771762,26.454585235846466
5,787,0.08,4.097564315689562,30.069657821676913,26.729088120068234
5,788,0.08,4.137337162338792,31.94366667811419,26.827478762071504
5,789,0.08,4.359736069392748,30.71817261018073,26.334100693957318
5,790,0.08,4.392065588743012,33.318368619340156,26.4697014662183
5,791,0.08,4.588094778397749,32.64754768964611,27.21258573542788
5,792,0.08,4.422484785160917,31.911668589653353,28.186253763425693
5,793,0.08,4.719999008282711,34.35545072864831,27.55407363363852
5,794,0.08,4.920741589734003,34.35718813738584,28.118962378071934
5,795,0.08,5.088768611780251,33.26698580637156,26.978156606807307
5,796,0.08,5.018978624812881,34.77238804472874,27.20171006224606
5,797,0.08,5.035833201256815,34.56177532759425,25.524424485483927
5,798,0.08,4.888332884852975,34.51390903413236,28.228508843122903
5,799,0.08,4.625137646616596,35.176125560703,28.330759462073747
5,800,0.08,4.006665719394456,36.32938889890186,28.580320189745077
5,801,0.08,3.3295651946896196,34.491937552706815,27.5614083664511
5,802,0.08,2.8194495579077294,35.58922436756549,26.327501357177628
5,803,0.08,3.0252865350763876,35.00104024601988,26.3238834768521
5,804,0.08,3.145487047204948,35.30538075510026,27.557964581199748
5,805,0.08,3.665055761608728,33.335473708510754,27.13313086717342
5,806,0.08,3.923466153729775,30.210438679584342,26.944387969275592
5,807,0.08,4.13677980930301,27.106908037657025,26.276098213294112
5,808,0.08,4.657128554470753,27.417285273438196,26.53429938483618
5,809,0.08,5.237629850630183,27.26976490942861,27.409399462409393
5,810,0.08,5.531969459068442,29.004005529814044,27.07480999140361
5,811,0.08,5.563494914865313,28.586785201232704,25.590265208236808
5,812,0.08,5.579463934213184,29.50561717065769,27.28634263341465
5,813,0.08,5.272236292973341,33.019712697184815,26.034075599114896
5,814,0.08,4.982469968214476,31.94017873927754,25.655077341559362
5,815,0.08,4.514056553060358,30.341094164705027,25.86183845486346
5,816,0.08,4.1507222650970785,31.04703162100008,24.449704142162393
5,817,0.08,3.5776000382648303,28.87663103326241,26.229496799954006
5,818,0.08,3.042598387636687,28.510082437997173,28.44802853737869
5,819,0.08,2.8438858947373338,28.88234152433105,26.957413969462877
5,820,0.08,2.4246629480190416,30.25355582753055,26.983123522659767
5,821,0.08,2.7050841503261567,33.807575762931364,25.498195682251175
5,822,0.08,2.8466592485047384,32.61564136407736,22.981255957676268
5,823,0.08,2.6928914027880984,33.202698893006286,22.49267431721146
5,824,0.08,2.254850241720837,32.83666422458233,24.431966051058566
5,825,0.08,2.4692723308453233,32.10031911176461,25.181257606098782
5,826,0.08,3.073993984895849,30.68675121730026,26.142162347299614
5,827,0.08,3.5055681691379568,33.71632066006163,26.01091477414564
5,828,0.08,3.700221426491755,35.69699310299583,28.62761264287799
5,829,0.08,4.133513845232704,33.4438254102742,27.45049393310613
5,830,0.08,4.511309383577837,31.63511004627159,26.844730362366505
5,831,0.08,4.577422472486943,34.68247415911841,26.82709570602271
5,832,0.08,5.238354362304599,31.289759605340652,26.813419380816867
5,833,0.08,6.033078997328697,30.56331965204069,27.687016911129234
5,834,0.08,6.294265675019658,33.626459701304746,28.956235202498185
5,835,0.08,6.080476968089089,31.405940808331994,27.613495219502454
5,836,0.08,5.540260607443644,31.020081961734434,26.089310167637706
5,837,0.08,5.097351913528679,32.65095964806328,28.160832610101664
5,838,0.08,4.852065543347785,31.94647885289518,27.990043147435724
5,839,0.08,4.794110232623376,31.422147530681976,27.838746335121314
5,840,0.08,3.8777266576061415,31.572562439320258,27.64796804271935
5,841,0.08,3.3144742301635968,33.83606533272138,27.887412220232292
5,842,0.08,2.804540861483637,36.693267312745164,28.158309472641964
5,843,0.08,2.7198194563570164,33.97211718178981,27.340972359134874
5,844,0.08,2.233584432840426,34.110975495588974,27.314561764717322
5,845,0.08,2.305965949840367,34.114908911462834,26.948010834317618
5,846,0.08,2.5274397744020733,33.83346829999133,26.054560075260362
5,847,0.08,2.5185020560076294,33.28978349726001,25.17531713873462
5,848,0.08,2.7274546546035134,31.043560455674445,25.16331166293523
5,849,0.08,3.1026361399082463,31.15358288100719,25.87979821267822
5,850,0.08,2.9741132288459555,30.781768695828433,24.6443806122417
5,851,0.08,2.9029194654733144,31.368331033377352,25.88580007270322
5,852,0.08,3.2688768592734334,30.38753324235259,26.45837914570146
5,853,0.08,3.5140067422164676,30.97409340372492,27.964692391299575
5,854,0.08,3.4408511414403438,29.854525153847728,26.1380024343777
5,855,0.08,3.084785291111271,30.019760226111984,27.10620423828046
5,856,0.08,2.986010809011903,29.518919252512003,27.728779400406715
5,857,0.08,2.64106622308001,30.080881012372025,26.279460662957703
5,858,0.08,2.0801635466333583,31.354274547384623,25.90557740371268
5,859,0.08,2.052074126927636,32.321876286171246,26.582468521061063
5,860,0.08,2.3090431084196386,33.80074109528658,23.398497144261203
5,861,0.08,2.66725858176604,34.43371161252729,22.87408201038012
5,862,0.08,3.333820632744373,33.26876732828675,22.787199170290634
5,863,0.08,3.9290919719276474,32.515775792553036,24.282552417707688
5,864,0.08,4.148997849767441,31.574074149502202,22.335958895336848
5,865,0.08,4.36816141008901,29.271764548528388,22.49335862523979
5,866,0.08,4.684424475596222,25.61232540541617,22.140823556243976
5,867,0.08,4.946045215861992,29.04087088337729,24.323725935885353
5,868,0.08,5.275960290841624,29.242815571134948,26.323210003372317
5,869,0.08,5.2629301793954575,31.107453644594063,27.192287707123686
5,870,0.08,5.389660170860979,31.943213101942995,24.392671236067187
5,871,0.08,5.269195996495322,31.944909424256522,25.315131974912713
5,872,0.08,5.209077181455806,31.98639127671403,23.611849856550474
5,873,0.08,4.983074211400761,31.958910762117412,26.46724326269574
5,874,0.08,4.275665481190719,32.842850149896584,26.3038573485852
5,875,0.08,3.9236512400157477,32.405853707135826,28.114086881245708
5,876,0.08,4.133080315843016,33.319111636828524,27.685492013428252
5,877,0.08,4.229387245291412,29.965716062081604,27.04496351871841
5,878,0.08,4.218184621814138,31.398595948128186,26.066246597850327
5,879,0.08,4.06106539266897,32.133151170918346,24.607767977534834
5,880,0.08,4.570962461775095,31.739161381111355,26.592106553220503
5,881,0.08,4.349134369683904,33.21089047626961,24.938296316474066
5,882,0.08,3.9186662841330318,32.53235075062082,26.72602218826178
5,883,0.08,3.882671591321237,33.40154636497337,27.968580717256046
5,884,0.08,3.8862744319103206,32.71618365202352,28.893660465439968
5,885,0.08,4.042769945671778,31.613141700631566,27.029539090285184
5,886,0.08,4.099792017497327,32.498644329214976,26.705739650822515
5,887,0.08,3.9824898385699106,33.59941114027733,28.498718430377092
5,888,0.08,3.433170286311512,34.39794738134991,28.194397600820157
5,889,0.08,3.3085043871651667,36.13653992264533,29.566755933993534
5,890,0.08,3.4747298204878105,34.579400437378276,28.247895568050247
5,891,0.08,3.381109843432199,34.066679032059504,26.807288872217065
5,892,0.08,3.345410422867949,34.42366849103066,27.079537773695254
5,893,0.08,3.5559539244860767,33.20998224194382,25.881611015268607
5,894,0.08,3.756922667771205,33.64304144660031,26.422213328890102
5,895,0.08,4.047251961917226,32.11603241986369,24.841917346417702
5,896,0.08,4.323644086523967,29.703805167214245,27.058788860352028
5,897,0.08,4.203805746976183,31.92907495422076,28.09720405833447
5,898,0.08,4.11451682915872,29.81843934096801,27.456051764950868
5,899,0.08,3.878014494766013,30.46217787813967,26.838589096967137
5,900,0.08,3.790911576575377,29.651560642070276,27.510002982726846
5,901,0.08,3.6179033057420464,32.0580309069055,27.576121803538
5,902,0.08,3.7907142133412646,30.97286679247021,27.393199477269064
5,903,0.08,4.327489085044873,31.215133217648084,25.713073395788197
5,904,0.08,4.422613126428129,29.823735232167238,26.18134453424899
5,905,0.08,4.408066584740525,30.87118611864569,25.888279290548734
5,906,0.08,4.3272583597707674,32.472492478643176,26.955346298606763
5,907,0.08,4.254494204029778,31.295942868736137,25.851352545042836
5,908,0.08,4.342038611429104,30.363627520726684,24.323766379869095
5,909,0.08,4.23707242084062,31.894393801327915,26.8566489306319
5,910,0.08,4.058495178631829,30.01709978040158,27.773090145133136
5,911,0.08,3.867684418311724,31.531925057472577,27.43512332423457
5,912,0.08,3.763808134552987,30.94969914741946,28.634114972792634
5,913,0.08,3.9380996318248567,33.336094193401614,28.121638012418774
5,914,0.08,4.11161259295136,33.66601405702373,28.095604860483906
5,915,0.08,3.828905886806668,35.87240389713465,26.61338157843769
5,916,0.08,3.9094818138491942,36.41266276542174,26.042005745394615
5,917,0.08,4.070777300192025,35.274223275101214,26.813689129048146
5,918,0.08,4.311410053364843,32.43497602660579,25.435429350896733
5,919,0.08,4.479528616620656,33.62848637551202,25.4226153406944
5,920,0.08,4.699457358954322,32.267349607854925,24.9960989381795
5,921,0.08,5.1314961222247915,31.05461637765294,24.73380256494709
5,922,0.08,5.363974425794626,32.49986189370641,24.608581535123456
5,923,0.08,4.978426065285578,31.9168100514244,25.86496633811315
5,924,0.08,4.556872846091487,34.21574879627092,26.427416349452887
5,925,0.08,4.643287086705511,34.44820292426384,29.59487538927921
5,926,0.08,4.792487642494672,35.61943157395283,25.782326371112685
5,927,0.08,5.11396827669272,35.006232625108,26.40420878719325
5,928,0.08,4.7597834327063415,30.539913367977192,26.38198273368221
5,929,0.08,4.591783857649828,29.905027582664765,26.567667182713695
5,930,0.08,4.158625162709628,28.78674234543528,25.687314747210014
5,931,0.08,3.9574673343213314,32.8476596941588,25.660235766838866
5,932,0.08,3.751614604924788,30.772306976928576,26.05342638863452
5,933,0.08,3.892899831905498,31.354867815347966,26.25549210153239
5,934,0.08,3.8850891030106007,32.29764421657027,26.802910249945302
5,935,0.08,3.986709892286258,33.13589646921235,28.60974511884726
5,936,0.08,4.404460093667987,31.520785629223365,28.407741969213088
5,937,0.08,4.651493461164018,32.490579314788256,28.46472789789673
5,938,0.08,4.337395420587579,32.474751812071034,26.833031183953043
5,939,0.08,3.9119477366365345,31.75610120825293,25.75715658099614
5,940,0.08,3.616155919203421,32.998170059961865,24.705179815798306
5,941,0.08,3.715738386892825,29.63334211979118,26.520004614616802
5,942,0.08,3.932403960021017,31.151767313147648,25.81118142602859
5,943,0.08,3.4823017735816792,33.02746451572376,26.05660902219747
5,944,0.08,3.032359094939485,30.913920795674997,26.601520373860566
5,945,0.08,3.1218166168547836,32.65561441370232,25.16297604712166
5,946,0.08,3.654657233985734,32.448332632887166,25.96309426223015
5,947,0.08,4.038361428534683,31.62307125962809,27.178260470215207
5,948,0.08,4.271855367783372,27.774339230575684,26.095059244504064
5,949,0.08,4.789955748896409,26.56471097526745,26.11676647719997
5,950,0.08,5.266663566857606,28.62389977840453,23.15031142192903
5,951,0.08,5.038609200478753,30.443193526174923,21.092387991979404
5,952,0.08,4.866808053828482,29.811049422264748,22.86782911591373
5,953,0.08,4.737220101005746,29.091023713673426,26.402571212089843
5,954,0.08,4.592725788539302,28.99581928729082,27.2000972480903
5,955,0.08,4.49003579239185,34.613109006051026,26.48254305010011
5,956,0.08,4.811662942500905,33.045399138996814,27.474324073510626
5,957,0.08,5.0731216387472005,35.02991977789494,26.64324028622725
5,958,0.08,5.307098295097008,35.906324483962386,27.435447141010997
5,959,0.08,5.729736308789539,33.96863450995998,27.937928429000095
5,960,0.08,6.104441624044449,32.14778420905311,27.03951911768581
5,961,0.08,5.885664913374415,31.995870472685603,29.108850388838995
5,962,0.08,5.636014607740363,33.16527230548258,27.80885115844449
5,963,0.08,5.630902859150362,33.163427218940505,25.377828909510832
5,964,0.08,5.2795242717396285,31.00523956916595,23.563242492404544
5,965,0.08,4.987302265098842,29.631322380264372,24.682621912316662
5,966,0.08,4.946057346395555,31.023408115413126,25.618047211536823
5,967,0.08,4.534698610825883,31.041977314127028,25.92517455592959
5,968,0.08,4.021117411322637,31.062690732034376,22.535245567648193
5,969,0.08,3.9052326408859748,29.840460730630205,24.1811089864669
5,970,0.08,3.98865410934358,30.07610688720225,24.857755267373193
5,971,0.08,3.7018068331682934,32.943936914655055,28.22250850301964
5,972,0.08,2.986910001497165,32.503442961138965,28.760933268039558
5,973,0.08,2.46730938017408,30.12242448803192,28.55473162205562
5,974,0.08,2.5499466185220636,32.428710798365614,28.15411209364541
5,975,0.08,2.6842389368950217,32.04588414789431,27.449571636607505
5,976,0.08,3.1992807018703466,33.57278473308296,26.520094664266097
5,977,0.08,3.6717523675266137,33.22539053701895,26.576003542858757
5,978,0.08,4.0576918015176915,33.4975206734454,26.0089697392628
5,979,0.08,4.685204726339769,35.24546595381595,26.465803633955836
5,980,0.08,4.818378339297184,36.83256493906173,29.333375662264125
5,981,0.08,4.889992448378196,35.32267737473788,27.531189534804312
5,982,0.08,4.890133365221747,34.633225235450915,26.87034309407587
5,983,0.08,4.645133318330802,35.961382688431584,27.899873498370294
5,984,0.08,4.56951511505187,32.781511631600864,28.101721245749527
5,985,0.08,4.354498321497437,33.00765781141803,27.206775941001933
5,986,0.08,4.531297579706611,34.012896304343066,27.720606700904533
5,987,0.08,4.659412676463698,34.61168752372165,28.410741351024534
5,988,0.08,4.602513732617158,34.90236701010733,28.032627593097864
5,989,0.08,4.400703934591421,33.71872929631588,28.656643781599247
5,990,0.08,4.744208358641408,34.34753922779309,28.80441950306071
5,991,0.08,4.090407804193652,34.33471558300085,27.795128476227042
5,992,0.08,3.7066661456363184,29.90152754001496,26.562107789800336
5,993,0.08,3.0970297470763817,28.946756055532447,26.503564029640643
5,994,0.08,2.5680960620073305,30.425762193572478,25.905344301337728
5,995,0.08,2.4514900337711047,30.3458498521054,24.85259008392171
5,996,0.08,2.5586952699044905,31.21680995319734,24.864578321017415
5,997,0.08,2.886464265434598,29.90129290123207,25.573303845507326
5,998,0.08,3.2570838141504073,30.129693459156822,25.748558455810766
5,999,0.08,3.3874752258146033,30.234853067892217,25.959000419061088
6,0,0.16,6.439515546233418,30.161510756989077,24.375612473882573
6,1,0.16,6.118134348063506,31.967809182569198,24.442256095629936
6,2,0.16,5.707439521856341,31.014399990172173,24.47762449146582
6,3,0.16,5.263384087846044,29.822876031542226,24.985183677930365
6,4,0.16,4.830049295220955,30.928319490489287,26.488932896940085
6,5,0.16,4.2548997396741415,31.471518886073277,27.148697677789812
6,6,0.16,3.835359107765505,33.012759070839046,27.25871125029547
6,7,0.16,3.6487523299311624,31.618781922856073,26.996177738670465
6,8,0.16,3.5277965936574027,30.94075232610278,28.19199134764674
6,9,0.16,3.532250120661935,31.99725602613528,27.081027549569985
6,10,0.16,3.643242368588259,31.219678215526297,26.21269410512008
6,11,0.16,3.960290887665848,30.522118909902684,24.728718208998338
6,12,0.16,3.8987617016789344,32.72086787502851,25.763244084336186
6,13,0.16,3.8806500074915737,33.065926167641535,25.501338148523704
6,14,0.16,3.454616346958124,33.13387488659279,25.645986791926628
6,15,0.16,3.2714398414648844,33.27004988341588,25.41466327939222
6,16,0.16,3.307692876956729,32.009732868520786,25.579755574333557
6,17,0.16,3.506323886120286,31.949784605020493,25.515416473153582
6,18,0.16,3.862744833949289,31.98019134312607,25.88368195185535
6,19,0.16,4.2881538508087855,30.41654792210757,26.749165038707268
6,20,0.16,4.468217486230405,30.792109714137222,26.575198035905917
6,21,0.16,4.752952743693407,31.11551326732708,26.697591216538925
6,22,0.16,5.020010475713542,31.743250122400383,27.421538718646694
6,23,0.16,5.287764308418966,30.81656905251025,25.59788806417599
6,24,0.16,5.082802612759471,31.52199174336679,24.805087184836005
6,25,0.16,4.688745343539216,32.686975146547645,25.844881718349505
6,26,0.16,4.401982594168755,33.29022809768974,25.583331629487507
6,27,0.16,4.0952017781551024,31.459752263484418,25.467095589683183
6,28,0.16,4.001020359947659,32.25237391704653,24.548729744482923
6,29,0.16,3.8067856209327737,31.779628631042275,25.35880106600667
6,30,0.16,3.5573647264896016,31.52196216710688,25.706331743732303
6,31,0.16,3.4002972734041985,31.65990019815694,25.279758734434978
6,32,0.16,3.2608058604312617,31.96337832136716,25.434778657887584
6,33,0.16,3.2252836020836066,31.522152116293608,25.542737043347316
6,34,0.16,3.346019125429456,32.388671719489636,24.629042907957054
6,35,0.16,3.3650382090415136,33.925459514948884,25.558122058385095
6,36,0.16,3.6271218588345313,32.96543903166226,27.42000716246659
6,37,0.16,3.7037053243772995,31.070410419962553,28.4652624999956
6,38,0.16,3.5945291609122703,32.62767690275668,27.147834059132386
6,39,0.16,3.530575070359317,33.04402325848404,27.16297809216021
6,40,0.16,3.379737719238272,35.01096631484566,27.412946532315186
6,41,0.16,3.3536145908067168,34.34094685721137,27.042453160023218
6,42,0.16,3.8385250124647667,32.56941346843977,27.194000264312745
6,43,0.16,4.361757324383492,32.501556975046256,28.522477794542894
6,44,0.16,4.785813563922995,32.05487594253125,27.316194681631348
6,45,0.16,4.963484622680251,32.44243299641033,27.625459801908416
6,46,0.16,4.861496074363704,31.583699390517662,26.885936827875014
6,47,0.16,4.569556424246378,33.76666974582243,26.331260871199653
6,48,0.16,4.25919692392995,33.41546515384369,25.96219616230697
6,49,0.16,4.461301397666002,33.01147998742495,25.62875701805895
6,50,0.16,4.504223025865516,32.95442663345599,24.31921938174398
6,51,0.16,4.4358388371912305,34.08591936657336,25.424749637038765
6,52,0.16,4.255269987194814,35.09792378611351,26.103576038555666
6,53,0.16,4.268913298985398,33.77242927707498,25.53182432784105
6,54,0.16,4.362514330958925,32.40594176031956,25.554972789948273
6,55,0.16,4.185630190789218,33.39241662461688,25.291600669067158
6,56,0.16,4.133444907104472,32.36846411533006,25.298946315192886
6,57,0.16,4.3424859100104,34.036454768810096,26.619271625641243
6,58,0.16,4.487786013753843,36.35175623209205,26.429171413868417
6,59,0.16,4.645376790736868,36.763929601905545,25.976176095397733
6,60,0.16,4.756021916553834,34.473872931209534,27.505675908806847
6,61,0.16,4.5842575603988145,34.259223394234915,27.829848881964843
6,62,0.16,4.285579506504714,33.32761517108363,26.67966188277004
6,63,0.16,4.28224153473079,32.92763238349168,26.519504447236013
6,64,0.16,4.25443023657883,33.6038182068974,27.586938039947288
6,65,0.16,4.324316759045542,34.67770024663754,28.290767263146385
6,66,0.16,4.472628797952717,34.79248543538011,27.02191824712491
6,67,0.16,4.678105421589912,32.76319288111433,26.051982946179695
6,68,0.16,5.110509449198718,31.394113379079325,27.203537199203062
6,69,0.16,5.283604052146062,30.432084227774265,28.006023089530654
6,70,0.16,5.45505016142241,31.74311017312305,27.72664589291807
6,71,0.16,5.415217307573503,32.97116487529989,26.889592128935526
6,72,0.16,5.232968151930714,30.368367853477565,27.53892474028313
6,73,0.16,4.887709894870298,30.938814331582112,27.310218022236782
6,74,0.16,4.538775380104476,33.098572146548,25.542189783219417
6,75,0.16,4.410774053097066,34.33744144231148,25.70077993955618
6,76,0.16,4.465673393382158,31.87949239713608,26.398013860170476
6,77,0.16,4.65693566921082,32.240233940589704,25.170070451865843
6,78,0.16,4.471438702564373,31.721057630308117,25.956647412544093
6,79,0.16,4.448113479572062,33.803412045587535,26.82875706615869
6,80,0.16,4.455013790226402,32.91496944775444,27.835253807806527
6,81,0.16,4.62894014635096,33.994938450163126,26.815654029466103
6,82,0.16,4.71068717289747,34.597495536306326,27.76633700156557
6,83,0.16,4.602387326943623,35.02410098661837,26.787619695439293
6,84,0.16,4.470343918217206,34.0834667451926,27.50396714355434
6,85,0.16,4.558948069193668,32.73658402424375,28.21084152167297
6,86,0.16,4.722245061279487,33.22943635319429,27.971769385177865
6,87,0.16,4.106147520538295,33.54513513612288,28.44495453840875
6,88,0.16,3.858223407163631,34.05411868141845,27.32460495366432
6,89,0.16,3.5800670271899926,34.07034279210028,26.80427018774398
6,90,0.16,3.4492470499975103,33.36057115177169,27.19378086568313
6,91,0.16,3.469659426073552,34.66057703030859,26.561011541622943
6,92,0.16,3.469232254269905,34.33557271123023,26.155010627338648
6,93,0.16,3.6772489121318115,35.80281934497548,26.604245076075845
6,94,0.16,3.6138311121917552,33.506425422126455,27.10942042249217
6,95,0.16,3.3037764635100837,33.79908024713399,27.247415040322053
6,96,0.16,2.968653452702385,34.72388673865122,27.798855055955407
6,97,0.16,2.877458278229911,33.89887124377495,27.51026131190391
6,98,0.16,3.167674174735269,34.58127931942973,26.145243795219873
6,99,0.16,3.5360131673283717,34.29637833285551,26.217587650481402
6,100,0.16,3.683171599167001,33.25606227383256,26.15105819331759
6,101,0.16,3.9082438935205777,32.20372451060594,25.68139962684498
6,102,0.16,3.767288367035623,32.091254234065275,25.02684649643316
6,103,0.16,3.5001868326189483,32.33044948135691,25.07791108789311
6,104,0.16,3.6548303455327136,31.07372138856463,25.22704489849619
6,105,0.16,3.6820533058950646,30.369769388221393,25.503366271173288
6,106,0.16,3.1943529551302188,29.391661650741586,25.79643308888006
6,107,0.16,3.0241825743249655,29.19373117730294,25.79304745520715
6,108,0.16,3.200610226781352,29.022400707018804,26.061980330981655
6,109,0.16,3.402027114470087,30.575525559889837,26.373377791486796
6,110,0.16,3.661846952399742,32.211297951195995,25.191873543038458
6,111,0.16,3.845010864228754,31.66354421053394,26.413218833250525
6,112,0.16,4.151457085724612,32.45077314168111,25.910524571206942
6,113,0.16,4.489196401599912,31.409527351630246,24.76293983560027
6,114,0.16,5.077309545478891,31.45392978487461,26.302445228755733
6,115,0.16,5.419807594090786,32.655767672713765,27.247710108070997
6,116,0.16,5.081067487886705,34.132562979786314,26.362539229717758
6,117,0.16,4.551340843851124,32.978459070631665,25.655776628669038
6,118,0.16,4.351141430588305,33.483438427200646,25.61942972941399
6,119,0.16,4.164607791667667,33.078713322043754,25.622533355247064
6,120,0.16,4.007338867852866,33.62715684269521,25.551180046358812
6,121,0.16,3.8885424409126434,34.79898332792987,25.465163426173888
6,122,0.16,3.5925723091969615,36.58921549445283,25.187592741221536
6,123,0.16,3.3500709095025454,35.64498799680242,24.73581324265694
6,124,0.16,3.4020593257354212,34.06503115852366,24.674388952760935
6,125,0.16,3.2841470053830832,32.7476501896388,25.76607293086293
6,126,0.16,3.518898655351529,32.02318152691807,26.123764460496396
6,127,0.16,3.7662452226768486,31.867377200444167,25.810930049010196
6,128,0.16,3.7645284894044058,32.015680094504525,25.69143956671184
6,129,0.16,3.9336832245393856,30.549595908767813,26.195126444504957
6,130,0.16,4.287006109689237,31.646584569505798,25.22632669117096
6,131,0.16,4.384790666946953,31.88742880754168,26.919511503760766
6,132,0.16,4.534973804764137,32.1579639006617,27.780582981298238
6,133,0.16,4.269537773925439,33.377559623571095,27.35483103383597
6,134,0.16,4.056805049509113,31.971030764230363,27.03416431171098
6,135,0.16,3.8674715016512344,33.73173282422936,26.841161822467555
6,136,0.16,3.991675628677101,32.459764246377766,27.35891286481144
6,137,0.16,4.247100264045802,30.58482590223175,26.56055465805032
6,138,0.16,4.352569742433504,30.757588078866497,25.912843507604343
6,139,0.16,4.214795180928485,29.891007174298586,26.427775400839366
6,140,0.16,3.735775669571397,29.51489095265279,26.410362737803066
6,141,0.16,3.2576078025537485,32.02399335650609,26.522380636834924
6,142,0.16,2.9679120533659615,32.17478112128567,26.726188656714193
6,143,0.16,2.910602225892549,32.364832817110305,26.929233294247567
6,144,0.16,2.9976273689741637,33.72873534138203,26.900358836842415
6,145,0.16,3.0923906138747967,32.78730412389777,25.242115623723166
6,146,0.16,3.101988886861561,33.45533166193137,24.921207329177975
6,147,0.16,3.2085912055914068,32.98172378349506,24.971657575646063
6,148,0.16,3.585427828313511,34.23006850160004,26.052014366649576
6,149,0.16,3.901642803439521,32.23395555755164,26.26276764568242
6,150,0.16,4.2344588312328,30.92791512107541,25.45628873804875
6,151,0.16,4.509752597661964,30.463186776759144,25.24320571952613
6,152,0.16,4.456914467374392,31.800961542074482,26.20110392234292
6,153,0.16,4.214615066856068,34.204934950862125,26.354085997545337
6,154,0.16,4.010465709083927,32.44024060722324,26.875766850345833
6,155,0.16,3.777427164198864,32.70478363981783,26.725532408741692
6,156,0.16,3.773724874139503,33.746088388974144,27.65164768207003
6,157,0.16,3.8087377179763497,33.295091272574346,28.26809415570579
6,158,0.16,3.7372583469128946,34.030178371260405,28.179203173674498
6,159,0.16,3.61000099546854,34.46719045899591,27.144795733409264
6,160,0.16,3.270173488563634,33.800900205914175,27.448722960834925
6,161,0.16,3.291431305420012,33.31461488583188,27.17485524407256
6,162,0.16,3.4766189431692553,33.68859309336336,27.886001860645454
6,163,0.16,3.750928640621904,34.639369616308336,27.4857570686759
6,164,0.16,3.9967933662831223,35.05285092250723,26.979649816136074
6,165,0.16,4.035663625854755,37.46274520720268,27.199398560061873
6,166,0.16,4.323985222518706,35.25998778111023,27.170083640356673
6,167,0.16,4.29366576124654,34.571355422028,26.107936205968304
6,168,0.16,4.352600780309423,34.75693774694476,27.394816734421404
6,169,0.16,4.5407037346392904,34.49831201467093,27.433996994080942
6,170,0.16,4.1954445886209175,35.327109250555395,28.156320779655232
6,171,0.16,4.289719074524718,32.69585670786657,27.61463136928153
6,172,0.16,4.539865144027224,32.566520457634276,28.118558054461584
6,173,0.16,4.612997915597109,34.79084641290111,27.45559773905188
6,174,0.16,4.370270042738239,34.66746582877906,28.875754100108274
6,175,0.16,4.008958696020394,34.56432191773667,28.746552820965338
6,176,0.16,4.057045415693762,33.95276884876282,27.588619110797318
6,177,0.16,3.788297158438316,32.56486380743897,26.657055153165633
6,178,0.16,3.5218321315205046,32.418329625448976,26.45687438119824
6,179,0.16,3.5125686793164883,32.893035430468764,27.128749035674826
6,180,0.16,3.4530267785557562,32.00391052636646,28.028572479807117
6,181,0.16,3.2331748710168386,32.44448789479529,26.580213262305982
6,182,0.16,3.1676288529762733,33.27746257810044,25.18891342819583
6,183,0.16,3.3688918382914776,33.17626373371523,25.88336301088936
6,184,0.16,3.689116094205074,33.03137668605646,25.20129717471807
6,185,0.16,3.7159125463844687,34.92264960238477,25.44862043887235
6,186,0.16,3.6083928944857515,34.79296492924559,25.621577856092667
6,187,0.16,3.5534319820008626,35.036476327868584,26.667576915920353
6,188,0.16,3.4809836259811333,36.06857472146089,27.10804384472039
6,189,0.16,3.443359528827821,34.53003421291854,28.346459332431436
6,190,0.16,3.269937041639666,34.89188455534754,28.317952618199786
6,191,0.16,3.147541351144859,33.80556822693077,28.080742713376456
6,192,0.16,3.0866870880874018,34.45126569607477,27.806458373122943
6,193,0.16,2.700843775089213,33.744191225319454,28.5779552388659
6,194,0.16,2.959372966651432,32.70307523201941,27.745150898926298
6,195,0.16,2.9026057431947923,33.52300974017744,27.68948342044707
6,196,0.16,3.2373291140102483,34.540645079468135,28.392900910380753
6,197,0.16,3.5910045229669483,30.854849823889953,27.91891469536992
6,198,0.16,3.642098693317826,32.73246811985546,27.521442542564422
6,199,0.16,3.678447120510175,34.69679839421036,28.890228868659637
6,200,0.16,3.321030512506219,33.250797986236506,27.643088748719354
6,201,0.16,3.298560854708726,33.18335777514872,26.112851645505515
6,202,0.16,3.6243890829697825,33.08347787822365,27.2465073588711
6,203,0.16,4.168409471594097,32.30547532546808,27.301930176143287
6,204,0.16,4.370341077678669,33.551290525658615,26.842675855438465
6,205,0.16,4.479833309151954,32.64004657143439,25.55696849361872
6,206,0.16,4.844815154533882,31.86609096713653,26.731421825147443
6,207,0.16,5.2116579689155955,32.297807373492226,27.108371089856103
6,208,0.16,5.364391989520736,31.721580482304347,26.546961673054494
6,209,0.16,5.258678975788915,32.091296663588295,25.711924456717266
6,210,0.16,5.012971577532988,32.59691710845874,26.165183309206363
6,211,0.16,4.783477788477105,34.00198548994388,26.529410279711893
6,212,0.16,4.541625926369489,33.70911791597232,26.842272640100834
6,213,0.16,4.4309342109923815,32.13820930829885,26.054949542564657
6,214,0.16,4.374742480279068,33.20820147407619,23.96478811086925
6,215,0.16,4.136627434060777,30.921049511993903,23.342391917959016
6,216,0.16,4.1450423719577785,30.534858770036134,23.9287015404206
6,217,0.16,4.26268622170335,31.771103559202817,26.210873400893334
6,218,0.16,4.527672033364985,33.219465978445236,26.684817390651624
6,219,0.16,4.66316211993354,33.34427187117331,26.439622005264965
6,220,0.16,4.668175144875584,33.718555619378094,28.02157091172241
6,221,0.16,4.613849570238239,33.01322547068858,26.887939664494496
6,222,0.16,4.48535413498099,33.60339152996414,27.187851610830528
6,223,0.16,4.302056506791153,34.701446336248075,27.75124513675531
6,224,0.16,4.241732056045272,33.83317472088571,26.96679437131573
6,225,0.16,4.057534309049737,32.535822628667894,26.831202081180468
6,226,0.16,4.0171935412144,31.792848315356892,27.633220710691365
6,227,0.16,4.029608527531098,32.13266011802695,28.557855039828272
6,228,0.16,4.065860034703314,31.398973846300613,27.698880845593646
6,229,0.16,3.9067239174614614,31.658711088514767,28.25778923572603
6,230,0.16,3.8758354438618188,33.73543303085462,28.077290297457814
6,231,0.16,3.857628177258076,36.02823048005459,28.378746483523646
6,232,0.16,4.04009778672745,35.85948809558301,28.004747926936332
6,233,0.16,4.2941628033436885,35.02912716631552,27.773755950818718
6,234,0.16,4.476761055432072,35.49804856551817,27.390534388310293
6,235,0.16,4.385594048104892,33.5665898825461,26.972047192320087
6,236,0.16,4.2848346451802986,32.290555854818656,27.00714094548985
6,237,0.16,4.51926141273051,33.26360179188068,27.540136042383107
6,238,0.16,4.775346142664184,32.67352771982054,27.11374937584537
6,239,0.16,4.632194427350846,30.64654911804732,26.160741086910427
6,240,0.16,4.391973116242093,30.2031647623193,25.100813031565295
6,241,0.16,4.210889351946335,30.54971342871682,24.100020643079752
6,242,0.16,4.0644336105665415,29.992230980670307,24.642735770106086
6,243,0.16,3.8005465139102053,31.108143900014877,25.332540668556213
6,244,0.16,3.616637549897524,30.556281975907382,25.656089029931618
6,245,0.16,3.715056216489463,30.122749232723212,25.42729122604285
6,246,0.16,3.535877135892207,30.13795121363549,26.5175050709301
6,247,0.16,3.413675774076942,30.184872055121115,25.933145981597377
6,248,0.16,3.4716290885044723,29.507043224501487,26.445918474659404
6,249,0.16,3.236222208155323,31.97872740959735,27.400161908733217
6,250,0.16,3.189016047763777,30.824056418418134,27.36490867871808
6,251,0.16,3.2820971359819935,31.765810664261867,26.555877207932433
6,252,0.16,3.190448528064695,31.585394212298866,27.382061315682417
6,253,0.16,3.352097932619581,31.296516918958666,25.690800029248962
6,254,0.16,3.3771737371163884,33.111272493544405,27.305743981783657
6,255,0.16,3.5184286261540767,33.209760860393814,28.21428582873596
6,256,0.16,3.609841312948035,33.5203336987189,27.774898422720657
6,257,0.16,3.5385540125557804,35.11979650781481,26.9711276035731
6,258,0.16,3.7139446930722837,35.63532314062569,27.98591233208935
6,259,0.16,3.8546218228882814,34.63108891223844,26.9648780242804
6,260,0.16,3.8889468912737084,33.62937854582686,25.969168480451252
6,261,0.16,4.137090916752495,33.861957154554176,25.87501982119131
6,262,0.16,4.253938631589936,33.81015202126286,25.12973339788854
6,263,0.16,4.461454263007856,33.11127962670558,25.383383979456244
6,264,0.16,4.635087678027905,33.53595282909409,27.712596893570975
6,265,0.16,4.9258529318542,32.20468536616554,28.527147766139635
6,266,0.16,4.83564835718635,32.41058086245771,27.46136836080962
6,267,0.16,4.9427754452417005,33.39747912898345,27.71142222472377
6,268,0.16,5.096950227003683,31.83828890598574,25.87933220734775
6,269,0.16,5.368822662565822,32.18152994958058,24.991533084376883
6,270,0.16,5.316271512593542,33.732175816527565,24.56373649591762
6,271,0.16,4.85240543398102,33.596073187732195,25.796655944113642
6,272,0.16,4.452920762341392,33.749807951863055,27.90206977145093
6,273,0.16,4.420838037558893,34.18442660363488,28.77720065700757
6,274,0.16,4.075209274424051,33.99273487400378,27.12711371458098
6,275,0.16,3.7695147238501354,35.36632425290342,27.08782977172621
6,276,0.16,3.603276207997016,35.82419835449347,26.420749945317525
6,277,0.16,3.6461131461283376,35.32068557505561,26.453475057067248
6,278,0.16,3.633917375530321,35.141039320754146,26.65670703179723
6,279,0.16,3.6274615413629236,33.90326003035196,27.16767265592912
6,280,0.16,3.897972901685948,34.419669746730946,26.780549036229008
6,281,0.16,4.168155748400471,34.3931557552699,26.420500108126156
6,282,0.16,4.320424426192475,35.299089766017886,25.98980486720789
6,283,0.16,4.483243237308564,34.21622372720755,25.381359359644325
6,284,0.16,4.586640277840299,34.430240233504776,25.866546228637805
6,285,0.16,4.659261485324164,31.414588231751654,27.33956578050361
6,286,0.16,4.809299783385734,30.810935991613604,27.375012118168975
6,287,0.16,4.755009554920793,33.802366442235055,27.18174016212505
6,288,0.16,4.622105210291233,32.167234478688904,27.079458465684873
6,289,0.16,4.427111853946137,31.862007309648035,26.1909421348911
6,290,0.16,4.133394491976205,33.55248033762371,26.780833482744725
6,291,0.16,3.882118906497862,34.44568738775678,28.03365455315685
6,292,0.16,3.8255516989516143,34.10078209248115,28.05019980503902
6,293,0.16,3.9799302802578578,35.149072945387424,27.53147836957431
6,294,0.16,4.299876730048965,36.25206895459726,27.364288546350732
6,295,0.16,4.580927388315516,34.316887486709135,26.699734285063677
6,296,0.16,4.759166670532654,30.688926135998997,27.124179130412433
6,297,0.16,5.193642299094288,31.48084557762979,26.36781223606421
6,298,0.16,5.361608846385343,31.812868801315485,26.320551667205883
6,299,0.16,5.02132353493321,32.846291102821745,24.857169057002668
6,300,0.16,4.75847401060041,34.01543430454312,25.37477942431515
6,301,0.16,4.461919079051554,32.2999892408957,25.62884275191651
6,302,0.16,4.19779049053841,32.11923990458225,26.770776487122127
6,303,0.16,3.8600042807035795,31.465828395849368,25.797323706433815
6,304,0.16,3.740511449491547,31.40816553466666,27.513208372874942
6,305,0.16,3.5394900879874296,31.502253867044125,26.775361786280044
6,306,0.16,3.7339288621296483,31.367968232780296,26.423677161706188
6,307,0.16,3.908965235944732,32.39119470859081,27.559136517600233
6,308,0.16,3.7798614364861494,33.145087417820065,27.180435888066608
6,309,0.16,3.541510514856027,33.955396149000784,27.649340254754662
6,310,0.16,3.5837205066019164,33.18965014559135,26.440278010948195
6,311,0.16,3.6039008169122586,33.958115454934436,26.37042664532168
6,312,0.16,3.397061716085497,33.16603463801882,25.65332528418238
6,313,0.16,3.2078114420060606,30.89060256156817,26.3076460008016
6,314,0.16,2.8455342780031643,28.43834138056839,26.949110573528014
6,315,0.16,2.9077142151926383,29.92197678536671,28.094896818951234
6,316,0.16,3.194247178863989,29.538497598162163,28.284770960984016
6,317,0.16,3.178327047130808,31.67464270747351,27.484907177703384
6,318,0.16,3.021255032424016,32.70906617734482,26.95639023848237
6,319,0.16,2.943522662352488,33.68165004996587,26.38650017403799
6,320,0.16,2.847632040032629,34.858992719156824,26.409474743912284
6,321,0.16,2.785531897080065,34.25573266739256,27.712129378223167
6,322,0.16,2.652787472850993,32.722929188533634,27.649664323004174
6,323,0.16,2.642767489013017,32.32171619556548,28.54639198204853
6,324,0.16,2.7032445139467542,32.85646544309414,27.71337104587543
6,325,0.16,2.9026867793893345,31.52926836940478,27.85171918328005
6,326,0.16,3.0059580586494694,32.88508849018802,26.306463060883264
6,327,0.16,3.412137097627743,33.02636326847318,26.676458020890763
6,328,0.16,3.7905554341802894,34.65735469696315,26.624215928945702
6,329,0.16,4.293539356973751,34.324302785001706,28.01570272421684
6,330,0.16,4.933557336634108,35.38517234786703,27.687489802477625
6,331,0.16,5.126144236654175,35.76655154501963,27.05184635092435
6,332,0.16,5.031634399405218,35.24607064743018,26.594182497653968
6,333,0.16,4.836664136137442,33.13645114044253,27.45900642270254
6,334,0.16,4.516380887308892,32.52498980915358,26.167662936146392
6,335,0.16,4.292083484744324,32.21449759002965,25.788009650999644
6,336,0.16,4.223738678735187,33.71938361736172,25.932334830179602
6,337,0.16,4.190088744331787,32.90624518410857,25.863132989302677
6,338,0.16,4.28596209485453,32.45320489629121,26.06465222855097
6,339,0.16,4.228012965379739,31.723740354128722,24.822268075575458
6,340,0.16,3.9447125539171894,28.960509671552163,26.697099236219003
6,341,0.16,3.881343450177811,28.97514456541828,27.01192583839561
6,342,0.16,3.958532277855696,31.0978664444697,27.2118255593703
6,343,0.16,4.109626611052793,31.863760685083093,26.28175244406963
6,344,0.16,4.239365284499137,32.32779587723329,27.731171387498588
6,345,0.16,3.893763519208974,33.39328431779123,26.66314906280696
6,346,0.16,3.6467842547866405,31.658178106783335,27.150413065872595
6,347,0.16,3.5146352731680097,32.57185859824183,27.7399089707133
6,348,0.16,3.457657866327212,33.17608642281665,28.633368436394782
6,349,0.16,3.715192861231258,34.01682210398849,27.950995941754222
6,350,0.16,3.6290557410968307,34.297862535485095,25.67614161139624
6,351,0.16,3.4311874756433447,34.63193773497607,26.415127065313907
6,352,0.16,3.29483772671866,34.40748191233537,26.819113987984117
6,353,0.16,3.49757652182096,32.65695131783608,25.824432032959663
6,354,0.16,3.8734556124689172,32.40413220860727,26.6939967809149
6,355,0.16,3.986617017056922,32.01118060100816,27.343487378970295
6,356,0.16,3.8798761609684815,30.008925563930294,27.746071220675905
6,357,0.16,3.91600982024186,30.82985927596022,27.36091974870126
6,358,0.16,3.9117110937551764,32.3688829257495,26.54133379732671
6,359,0.16,3.8968651956958342,32.15440095866477,27.76664236921051
6,360,0.16,3.8207646144133243,33.497778478687394,28.05519660175028
6,361,0.16,3.4414672208237955,33.706111682039406,26.954177456530964
6,362,0.16,3.2106679685091035,33.72188433842619,27.33157422251148
6,363,0.16,3.515182800394072,34.8565550384706,27.956650544310115
6,364,0.16,3.800696354211893,33.21579786834882,26.33553388511417
6,365,0.16,3.971148400998202,32.87748372271995,25.42502188948247
6,366,0.16,4.116356848980345,36.20447831887818,26.527247785827
6,367,0.16,4.133782181904362,32.89800542957812,26.57341557042867
6,368,0.16,3.9020576954575312,32.48525546321349,26.73947228667371
6,369,0.16,3.64386244890951,31.898336458842337,26.84538784312442
6,370,0.16,3.657087805612088,31.782138313923284,26.74772050124993
6,371,0.16,3.5595022085423036,31.691766801443325,24.829801081624616
6,372,0.16,3.4908108010256185,31.371880319108378,24.870352066628357
6,373,0.16,3.449548501622329,30.79282499006636,24.894915554532815
6,374,0.16,3.5084285857482223,31.926541744192754,26.08598630907545
6,375,0.16,3.6559926564131437,30.953458289887113,27.338140453137687
6,376,0.16,3.93825014025486,32.471011199615674,27.01734260908236
6,377,0.16,4.0448433065799145,31.641731153094653,26.97610856050629
6,378,0.16,3.9601122259532255,32.15587948937065,27.29898736478566
6,379,0.16,4.0760593957242515,29.833490562864124,26.617119805451175
6,380,0.16,4.020101735154849,30.94610818672963,25.850392246770117
6,381,0.16,3.839813003917427,30.656712960775295,26.194974598802883
6,382,0.16,3.694850636803624,29.655524588762958,25.062212793380468
6,383,0.16,3.898209501211267,29.670080351767403,24.433865730265094
6,384,0.16,3.8848362261960734,30.152247599901997,24.710294765297824
6,385,0.16,4.131816229116434,30.794154123358936,24.124215295037292
6,386,0.16,4.365379472961554,30.78571522309911,23.871287203680946
6,387,0.16,4.466799584807676,30.257062540063743,24.37849678039793
6,388,0.16,4.154959491298314,32.611192001842674,25.56853186847956
6,389,0.16,4.088590611343802,31.134738559376604,25.159465877379674
6,390,0.16,4.1665142700900315,30.332302949846945,25.65811022423553
6,391,0.16,4.202642670225764,30.011907491122066,26.529568166609486
6,392,0.16,4.099604549200167,29.396084466426245,26.952393392569174
6,393,0.16,4.080215202002107,29.540700010659805,25.765604202465582
6,394,0.16,4.278937700032549,30.589908327262112,25.35837179248621
6,395,0.16,4.675860565988129,33.72142557058778,24.646571545108948
6,396,0.16,5.092930261341423,33.05105266868448,24.843033238138865
6,397,0.16,5.345758378666347,33.014670582271854,25.716291134693588
6,398,0.16,5.4150192898824185,33.39119688029258,25.656667806456305
6,399,0.16,5.083627280873048,32.38622268204308,26.881740273048923
6,400,0.16,4.66434205485314,31.629512394148584,27.560129246471245
6,401,0.16,4.17125219139835,32.187683359036924,26.12623877620201
6,402,0.16,3.7932109999067625,31.35816482211945,25.398399942903616
6,403,0.16,3.8037344211247137,34.058794618990774,26.6062943301834
6,404,0.16,4.133201172943943,32.45630014078364,25.828474496282446
6,405,0.16,4.316908360410513,31.7183456805827,26.661205112707805
6,406,0.16,4.557520461311242,30.944177995826575,25.765171697144783
6,407,0.16,4.843703230221231,31.345866917571403,24.447210386787823
6,408,0.16,4.792279702889931,31.068849693476935,24.73973597648984
6,409,0.16,4.787180260697138,33.31111292586877,24.379555310740468
6,410,0.16,4.812625037070768,33.26672712402105,25.31179472682562
6,411,0.16,4.877750402145512,34.19855541304662,25.889719341216765
6,412,0.16,4.857525117042642,32.99178340096219,26.03768724726393
6,413,0.16,4.8876842872003,33.59871355577765,23.48146903084618
6,414,0.16,4.9070695711576455,32.969550471470264,24.01776256725567
6,415,0.16,4.677337066819391,34.29070371966963,23.800696561485907
6,416,0.16,4.620584663803758,32.96852708780885,24.219969694292185
6,417,0.16,4.08541513345519,31.857247818583613,25.39121883827655
6,418,0.16,3.8006070897115194,31.1321393446085,27.320462105274085
6,419,0.16,3.449166615082523,30.882036736054296,26.72494957974438
6,420,0.16,3.20320499888591,29.48679136609071,26.11678351779115
6,421,0.16,3.0666430208105977,30.34202641561341,26.377868731502932
6,422,0.16,3.05459658516568,31.428219519495464,27.186906997645394
6,423,0.16,2.9529070800506867,30.78708157983994,25.601844735074646
6,424,0.16,3.1209376451974675,31.964901225265255,24.928272512988695
6,425,0.16,2.987162451446687,32.28098231762684,25.534859482131772
6,426,0.16,3.0215922989021538,32.1285734238885,25.622124348923542
6,427,0.16,3.02070720631322,32.90360347270707,26.122482358722163
6,428,0.16,3.3097950134330834,32.2843037059777,26.349532629237046
6,429,0.16,3.286402316551253,32.5034191523839,26.28377603769641
6,430,0.16,3.203136305327923,31.802148368582714,26.949204966589484
6,431,0.16,3.4986467766129086,29.351673961502748,27.720008283163125
6,432,0.16,3.693858743667855,31.45779752222055,26.17028958542337
6,433,0.16,4.200418629845276,33.65300284297839,25.52018599861397
6,434,0.16,4.572406662237568,32.907579314636195,25.566123150109576
6,435,0.16,4.9105312340918585,30.87766194831051,26.330139304624357
6,436,0.16,4.735188303935786,32.195284325263145,26.153377988844014
6,437,0.16,4.618243489609878,32.72813781931724,25.585147693751242
6,438,0.16,4.768294327766656,31.41325740230806,25.7469104032328
6,439,0.16,4.853191931627096,31.785268454310106,25.82374426250716
6,440,0.16,4.792938567728832,32.95465786741406,25.280396177982137
6,441,0.16,4.875997722765518,32.668126752753906,26.850368087940563
6,442,0.16,4.841624233463675,31.34188615496004,25.50395837777972
6,443,0.16,4.7039485676461155,31.101125513954205,24.77261579290986
6,444,0.16,4.4977913009596975,30.475465802321057,25.780937534441154
6,445,0.16,4.246789988468711,32.10685435916128,26.372575432148327
6,446,0.16,4.045802314402612,31.978617182361784,27.08348680079947
6,447,0.16,4.072014451674809,31.646625274162737,26.107243104015602
6,448,0.16,3.9500735076340816,31.996127393061933,26.975275870902475
6,449,0.16,3.887900359140616,32.687202115748704,26.615791984144188
6,450,0.16,4.222752140749304,32.4725921108183,26.907370215539558
6,451,0.16,4.639358269458876,33.11806116805727,27.001801254592454
6,452,0.16,4.613562547927004,35.19675982793596,27.405344305008217
6,453,0.16,4.644004427449612,34.331566245567494,27.826291874185078
6,454,0.16,4.969968656227776,33.61783364044825,27.168867731911792
6,455,0.16,5.142322040902537,31.83498867336404,26.957149254515258
6,456,0.16,5.318494326400514,31.14684060630446,26.357470401739608
6,457,0.16,4.987059467740772,31.485057552454652,26.848411514778558
6,458,0.16,4.526548693570734,31.107757019778912,25.71165661247278
6,459,0.16,3.801277696548358,30.569436874044033,27.143806379355922
6,460,0.16,3.3837038728014055,30.371637359752746,26.02127403443447
6,461,0.16,2.9088877825048463,30.619841869343944,25.267127540826227
6,462,0.16,2.631138061878424,30.83101768267776,26.33530392588649
6,463,0.16,2.8946273493231907,30.1304722794608,26.673012082268546
6,464,0.16,3.174850945103711,30.643041427143213,27.165585781521482
6,465,0.16,3.387007119479696,31.050979190891304,28.199613797433877
6,466,0.16,3.181042920870121,32.10112010712249,27.054665190755596
6,467,0.16,2.8611848981057713,30.330645860325433,26.681090200065633
6,468,0.16,2.8995632214360434,28.430653532262983,26.887598874054948
6,469,0.16,3.018487199023469,31.724452851825617,25.385099495488216
6,470,0.16,2.9936037018349677,31.513405440908727,26.647558584169815
6,471,0.16,3.1838637639376515,32.24652795384752,25.800097658997576
6,472,0.16,3.3970870779953652,31.731056659718398,25.7095600906821
6,473,0.16,3.719211423158648,30.880838907004076,25.762247399689063
6,474,0.16,3.769750338272925,33.47167556225027,26.280717466534842
6,475,0.16,3.698686343753613,32.499767242950405,26.593256199530956
6,476,0.16,3.46428230720051,33.46139142862599,25.385819578237406
6,477,0.16,3.5855773736994343,32.06853054765742,25.399778701562738
6,478,0.16,3.8094107204775267,32.64596861370305,24.661752753388413
6,479,0.16,4.018218035607068,33.23576433192653,26.720204049286394
6,480,0.16,4.315802665925116,32.66804238952214,24.756211030763787
6,481,0.16,4.516991687714992,33.891194652079335,25.73214424756519
6,482,0.16,4.509496069662312,33.37109529700469,26.954939342521428
6,483,0.16,4.477058551749121,34.14079696488501,26.61239659621973
6,484,0.16,4.666238433946588,35.36073172081367,27.625161332243827
6,485,0.16,5.033310732699201,34.62162849158088,27.687522525524766
6,486,0.16,5.116985391964368,35.90413258519025,27.49488101756344
6,487,0.16,5.255119746025364,34.40155795309283,27.04802568283435
6,488,0.16,5.267276268001145,34.98114259578749,26.648309682883838
6,489,0.16,5.094244928099771,34.80638276564759,26.451358616629054
6,490,0.16,5.054705332020372,36.21514376868953,27.102173558549936
6,491,0.16,4.81675557347369,33.9937257028634,27.255527045143868
6,492,0.16,4.528478656739347,32.94915706715451,27.65118840906325
6,493,0.16,4.471206967615918,33.54374717558262,27.723448936486793
6,494,0.16,4.676827118156149,33.75678927886051,26.675829580759736
6,495,0.16,4.735785284243431,33.7622591094275,27.563935357523633
6,496,0.16,4.960052833610768,31.74099390067053,28.27210778909175
6,497,0.16,4.770518662695656,32.45533660622573,26.649393129024137
6,498,0.16,4.209138826393306,31.372118076385174,23.94074391282413
6,499,0.16,3.8991231044053984,32.68389160181007,25.195302950702654
6,500,0.16,3.715553585456355,33.99294230041303,25.63127973704669
6,501,0.16,3.326447968080819,32.3984447723828,26.101241967615927
6,502,0.16,3.14556218355359,33.85464787394476,24.404481259903537
6,503,0.16,3.499413749645835,32.461442355655485,26.232879417003698
6,504,0.16,3.748710831305729,33.49364244660542,27.80860149045234
6,505,0.16,3.972027195103301,32.12902934655341,26.22120739023632
6,506,0.16,3.8953107874571216,33.72369161483595,25.725264443928936
6,507,0.16,4.285661264061293,34.77456076931752,26.796939037455385
6,508,0.16,4.6718023364992325,32.389428207171854,27.367481532241722
6,509,0.16,4.693435037520104,31.66053306624191,26.165592241783212
6,510,0.16,4.919262864580799,32.97642041376416,25.627319898808743
6,511,0.16,5.294485070003944,33.29527979544298,24.977717029888918
6,512,0.16,5.460765070696111,31.098412197640265,27.221625790062213
6,513,0.16,5.417089399315461,31.527099055435915,27.507321777170652
6,514,0.16,5.628168302328539,31.782467276501933,28.26248390008745
6,515,0.16,5.443323451028146,32.08267230656685,28.546506785145603
6,516,0.16,5.301494280088433,29.8525471517499,27.454778717119417
6,517,0.16,5.283139577258663,30.240231378700006,26.858634919335035
6,518,0.16,5.277866589515563,29.99948145736057,26.702792265573876
6,519,0.16,5.345888782319207,29.606547362665946,25.535614008393697
6,520,0.16,5.348633308411092,30.463440228093642,26.109502502706672
6,521,0.16,5.409049973714614,30.819439743265878,26.453299337530265
6,522,0.16,5.388076138159113,30.808243994051132,24.88280122643536
6,523,0.16,4.98959676762452,31.72398533965165,24.26967179343286
6,524,0.16,4.756407741844962,32.548758123560575,25.848087198332486
6,525,0.16,4.661806977750017,33.894382546652444,26.12459837894988
6,526,0.16,4.46712136817657,35.0486372202596,26.09681152054184
6,527,0.16,4.5154686790972836,33.981499068866015,27.24825943223642
6,528,0.16,4.399400709343887,34.732918567151806,27.103527557625117
6,529,0.16,4.197310836722535,32.16826543463936,28.13383384323236
6,530,0.16,4.108598568426396,32.83958273986259,26.205453767127835
6,531,0.16,4.272918173841147,31.544733342974556,26.669611775115165
6,532,0.16,4.106061076752163,33.86909320183968,27.49875901109163
6,533,0.16,3.9218628346138606,33.804490259960644,27.547849116449406
6,534,0.16,3.8359471532248706,33.98476898485131,27.712449055331128
6,535,0.16,3.8710885019279715,32.44996267998312,26.575956421353506
6,536,0.16,3.6668974979772786,33.939073595730626,25.768522583151267
6,537,0.16,3.737322577671431,32.64416797129379,26.878798009267573
6,538,0.16,3.97467598284661,33.27028249905025,25.783854544355478
6,539,0.16,4.213096830965225,35.40451336633342,25.63364144275032
6,540,0.16,4.3123115337596305,32.370544978128116,26.783227675403015
6,541,0.16,4.309556919860336,32.29802343257546,24.925252392458
6,542,0.16,4.617118702005262,32.06588171463262,26.07858506797747
6,543,0.16,4.576656653169411,31.907330561206162,26.52483525262765
6,544,0.16,4.705089912534527,32.84961638839129,27.43406501694836
6,545,0.16,4.504871520070748,30.901836427684287,27.781328934553635
6,546,0.16,4.2578522998467925,31.923615365162654,26.720362134029852
6,547,0.16,4.315848056771275,32.166379345844284,25.83606222109838
6,548,0.16,4.183472014565906,32.45415427833133,26.354324326129127
6,549,0.16,4.065693618286437,34.03963286963887,26.280566837955686
6,550,0.16,3.730992074418136,31.529824783418423,25.516914853178747
6,551,0.16,3.764244345344772,31.43702731918198,24.90050280690798
6,552,0.16,3.914439063000865,32.93630562044716,24.71774436874555
6,553,0.16,3.96260953972852,34.766944954325986,26.21722557248071
6,554,0.16,3.886982070284289,34.89528998737816,27.5023666033027
6,555,0.16,3.605576904183654,34.50466344615431,26.752139977034272
6,556,0.16,3.6273360604531955,34.475536207085504,27.618724174227303
6,557,0.16,3.61920992610417,31.300077483301383,28.034467469888845
6,558,0.16,3.677439117958405,33.83784954640758,27.238775000666134
6,559,0.16,3.6563111063132885,32.851003780604444,25.89559908341586
6,560,0.16,3.6769897760200627,32.77194329251053,26.35789763242988
6,561,0.16,3.7934363227669308,32.20465560310561,25.795506878539857
6,562,0.16,4.016191043239494,33.334634174123636,25.67512672144591
6,563,0.16,4.016284467649519,33.769179437596456,26.033468443620556
6,564,0.16,3.967743642015138,35.097938596857716,27.235687142547864
6,565,0.16,3.720275235132679,35.1856335987562,28.45615670646442
6,566,0.16,3.6196218580064268,35.08274434637031,26.145214816160017
6,567,0.16,3.483590411051464,35.026602230563114,27.321919472384145
6,568,0.16,3.209125677080066,33.65818039974427,25.695482163230736
6,569,0.16,3.1177994776838203,31.588989651423976,25.164655104004883
6,570,0.16,3.2992377568315714,31.185621103046117,24.868679059286904
6,571,0.16,3.243256589642575,31.078023990308967,26.489105987185336
6,572,0.16,3.251497599753165,32.85063961364209,27.200954142459576
6,573,0.16,3.309447096564396,33.00314116029229,27.0156549528137
6,574,0.16,3.342811431719076,34.476679471575196,28.286167033092855
6,575,0.16,3.4748293472764225,32.59697384766262,27.132623229201723
6,576,0.16,3.7896955465233098,31.27198219383645,27.96777104995301
6,577,0.16,4.137696040932578,31.281231334592594,27.024639384001198
6,578,0.16,4.30769730895053,31.66157966703186,25.31964230009388
6,579,0.16,4.505740750425484,31.163740735219125,25.42873904179357
6,580,0.16,4.4309153491918565,32.426921140548195,26.234777303063012
6,581,0.16,4.101116299503273,31.616883033292044,25.387785678003176
6,582,0.16,3.966982775681785,32.32201968043844,24.44696959772066
6,583,0.16,3.8881611962828733,32.10577559990972,25.261045932388967
6,584,0.16,3.9229916715747146,32.99605329618351,24.23973060640724
6,585,0.16,3.653416236101765,34.90231192587717,26.65337433099792
6,586,0.16,3.467055273841104,33.069521246121596,26.177329062249882
6,587,0.16,3.407243658906954,33.74690896631335,25.152078259834727
6,588,0.16,3.313838648938872,32.1551453302198,27.28738053172828
6,589,0.16,3.441149119928023,32.46723545696619,26.113798315740468
6,590,0.16,3.5444992782137876,31.376538784660887,25.825903574097527
6,591,0.16,3.5380719569629577,32.30861627510832,26.915287107433628
6,592,0.16,3.4205811909732597,32.13967923504087,26.088534560542247
6,593,0.16,3.2130367772242856,32.27869261395215,24.74373958917822
6,594,0.16,3.019748525025456,31.07777552938574,25.61147686671017
6,595,0.16,2.8002436720196764,30.779985475322313,25.550668614875555
6,596,0.16,2.7958141150364417,27.92985801910333,26.132017240199275
6,597,0.16,2.7979824448521406,27.858727442894878,27.319117036263567
6,598,0.16,2.805768666668725,30.85634041637243,26.98096413716832
6,599,0.16,3.154203743488674,31.188814331190837,25.755599122508684
6,600,0.16,3.4640477777104675,31.860775159861767,26.2970344785431
6,601,0.16,3.6158636171572622,32.9799381932831,26.415220400515704
6,602,0.16,3.778726280065532,33.56399884153309,26.5430293875553
6,603,0.16,3.5198738231900735,33.33429043004852,26.671156587258185
6,604,0.16,3.133284531506675,32.27111327670241,25.52986727873135
6,605,0.16,2.8369336532795097,33.99125869088982,26.881921532603634
6,606,0.16,2.5579075835564256,35.95713734720993,28.551734441357087
6,607,0.16,2.5045317069838777,36.089205433023174,27.728755059686
6,608,0.16,2.42338011580083,34.9641698163979,27.710952702432703
6,609,0.16,2.457887250181445,33.241571632894875,28.21285346696874
6,610,0.16,2.7234714007565506,33.05812628545567,28.697578655853913
6,611,0.16,2.7748030097099834,33.81916430829398,27.711238432770404
6,612,0.16,2.733370927755713,33.86120203210759,27.567687920487703
6,613,0.16,2.5451499651392857,33.62790858763591,28.0020403287198
6,614,0.16,2.738637801093623,32.689412669520934,28.72250203341698
6,615,0.16,3.00014757537301,33.43135429890955,27.40918461785811
6,616,0.16,3.412891068351864,32.57167708979199,28.05076409306292
6,617,0.16,3.5115919381793885,33.769891248135,27.49827197214739
6,618,0.16,3.7129049415851134,35.62538849721399,28.12067590999792
6,619,0.16,4.172019887767419,34.47267756730834,28.566988481771173
6,620,0.16,4.4494666198252055,33.01167631379396,27.34486259870016
6,621,0.16,4.644148538426582,34.88111365856701,26.24739469083528
6,622,0.16,4.685387195589859,35.004791429359926,26.449593297061586
6,623,0.16,4.56036454800491,34.86873143120286,25.78872147261672
6,624,0.16,4.538905994959186,32.405053458317305,26.598356814916723
6,625,0.16,4.674320471571436,32.921513278737315,26.663284357008536
6,626,0.16,4.509130157901736,34.72102412133984,25.89333735442068
6,627,0.16,4.273268239798151,35.06987815449807,26.203576549314555
6,628,0.16,3.804381197863613,34.913353753509135,26.55928481379659
6,629,0.16,3.8550428283720195,35.03163381629643,26.193134907835727
6,630,0.16,4.006857050340336,34.83392385259578,25.69249316515836
6,631,0.16,3.941705502385481,34.334017022983964,26.853523805622668
6,632,0.16,3.691065426442849,33.65075564685185,26.899228648409483
6,633,0.16,3.5041374046709484,33.861753301333934,27.493920189470302
6,634,0.16,3.4378462092196442,32.43405159750208,27.92214988397676
6,635,0.16,3.406845681977231,31.209206350653723,27.10427251187975
6,636,0.16,3.5623667566045043,30.839123716445528,26.928901304968516
6,637,0.16,3.669254324863616,29.800907641314204,25.585322355540736
6,638,0.16,3.779042537500303,31.106957507156814,25.11514721383804
6,639,0.16,3.8727530837983375,32.61006429600359,24.10162493178442
6,640,0.16,3.8911500652427526,32.225628737236406,25.19745959365236
6,641,0.16,3.9151012934445375,30.905017879991586,25.024916885449745
6,642,0.16,3.8123245154804355,31.248241380522124,26.197648730881784
6,643,0.16,3.4829353998411277,33.83871038690157,24.864853045767454
6,644,0.16,3.4913059185264346,32.64593508754221,26.39486308309725
6,645,0.16,3.3903518072336105,33.470040411102566,26.98689902975625
6,646,0.16,3.555765929741226,34.3651652919383,27.593749104580276
6,647,0.16,3.805548835591428,35.57738892421487,27.62045551265017
6,648,0.16,4.05522782024266,34.14592049476989,27.7727317541095
6,649,0.16,4.0594085593309766,34.876256042116594,28.34949942678498
6,650,0.16,4.094814624111673,35.06404081745056,27.68143710638174
6,651,0.16,4.181952108507349,33.53818895395309,27.084990980451742
6,652,0.16,4.319931625961027,33.33057048405805,27.07221549842261
6,653,0.16,4.477293493138095,33.68541050256273,26.56008560272036
6,654,0.16,4.583858906196454,33.203388058711894,26.575214980959252
6,655,0.16,4.736388128406334,34.57957252736408,26.457023664463808
6,656,0.16,4.570491884169856,33.8500791936737,26.805025310723135
6,657,0.16,4.249680597002826,31.459529600869036,25.437778433921434
6,658,0.16,4.148514335780404,32.50890378031911,24.71102429799623
6,659,0.16,4.2530630908154,31.319696795061965,25.529954740489956
6,660,0.16,4.518895330255983,32.852355151105435,26.28999259460298
6,661,0.16,4.517669680521395,33.827860763726086,26.4686109736815
6,662,0.16,4.162962998721859,33.803633137197956,26.515834330128115
6,663,0.16,3.8156549270743287,32.94225860979082,25.825699337097003
6,664,0.16,3.7401884874039157,34.23507945638045,26.50746928212345
6,665,0.16,3.7958459647806855,34.74116228244084,27.307061550916593
6,666,0.16,3.517091210951715,34.03602029153824,26.32159294908496
6,667,0.16,3.4523550850308906,34.19451576935748,26.94977642940431
6,668,0.16,3.4282519784066254,33.96007872676,27.016954462430515
6,669,0.16,3.665934792158576,33.09249428000498,26.179721506494474
6,670,0.16,3.7588264735955024,31.60089187551054,25.634006973596485
6,671,0.16,3.952695782536857,32.13227260043657,26.171665083402267
6,672,0.16,4.071799632902932,32.2803483486601,25.965785021161565
6,673,0.16,4.066861049385528,32.32426446295585,26.429254685351967
6,674,0.16,4.115866860957311,32.75716263301103,26.497875145333666
6,675,0.16,4.198668737696968,34.12885156953599,26.717791831685958
6,676,0.16,4.02135141420188,34.30800086506368,26.388129988333723
6,677,0.16,3.7885663168907744,35.10297540383964,27.182609758623297
6,678,0.16,3.3985047638960078,34.227013847647555,26.160426161345445
6,679,0.16,2.958158091193802,34.752238026478004,27.19963752334345
6,680,0.16,2.651223817629254,33.48759659611722,24.958299056216628
6,681,0.16,2.60055000640095,34.457066458580215,27.70800411822975
6,682,0.16,2.8229333360296387,33.49021565171373,27.026016187594117
6,683,0.16,3.3116719921329687,34.68186482397136,27.00797810157658
6,684,0.16,3.6900555394708197,34.47903791758344,28.201907553143887
6,685,0.16,3.9498761900747557,34.364102378384366,26.019901284296928
6,686,0.16,3.927133085095971,33.953507156652485,25.30480533169373
6,687,0.16,3.7546284125205442,33.34359666394263,27.081559406731515
6,688,0.16,3.532638649673498,32.532376736347025,26.91896630922437
6,689,0.16,3.5594370110433786,34.02555721177651,27.066918460695998
6,690,0.16,3.408470965497524,31.934065236469678,27.777572329622206
6,691,0.16,3.6517303602903852,32.390433238504066,25.458957363856324
6,692,0.16,4.087676894425251,30.82657215133575,25.71847453885302
6,693,0.16,4.448265361550042,29.733948809146657,26.244173540070694
6,694,0.16,4.331597878514332,30.861417841933047,25.013038575142758
6,695,0.16,4.30230137469042,30.90644937687944,24.06974771054956
6,696,0.16,4.208776902666321,29.987054015998694,24.895670912708102
6,697,0.16,4.240940694120987,32.31257619047034,25.190750091907052
6,698,0.16,4.365400713105829,32.66416118045584,26.585629790336352
6,699,0.16,4.6035940834232125,31.92605928579309,25.88430781673984
6,700,0.16,4.882271474471923,30.90265453658042,26.044493510814473
6,701,0.16,4.984286973685488,32.11940203234042,25.564282914762657
6,702,0.16,4.76464536171544,29.660726230726016,27.094935856704932
6,703,0.16,4.259234834481106,29.5109702754337,25.81101699717611
6,704,0.16,3.556280944452878,30.26836839281794,24.4300180356804
6,705,0.16,2.986256120257038,30.788439080365123,25.489179151500416
6,706,0.16,2.69626143115011,30.449197799555225,26.11824509716352
6,707,0.16,2.645113136194053,31.82799671426169,26.308727482102263
6,708,0.16,2.6168593535719706,31.9257921138827,25.098644177765166
6,709,0.16,2.421314788567684,31.60413142111549,25.972575120101585
6,710,0.16,2.6170624027543354,33.47474316592046,26.73572938506767
6,711,0.16,2.9939780237996327,32.91740796393229,27.95255294433909
6,712,0.16,3.3305436591773683,34.618387517691865,27.32036388806241
6,713,0.16,3.6475405984230695,33.50305981899084,28.03440990248313
6,714,0.16,4.056721984042474,32.38220263386551,26.470749385298657
6,715,0.16,4.174826484471011,32.340642656937355,26.07437669494526
6,716,0.16,4.224156349360191,34.14447168011637,27.24332512565753
6,717,0.16,4.456496369027921,34.026636001726075,28.98124830684229
6,718,0.16,4.594381761349965,33.65257812828164,28.998508064452828
6,719,0.16,4.4610821370611236,32.91000125195737,28.38845514412493
6,720,0.16,4.607374374643388,32.03607448046275,27.865739714318646
6,721,0.16,4.5896970160579835,32.94107065514468,26.915182969581934
6,722,0.16,4.489349660057921,31.20906946102214,25.341944249185026
6,723,0.16,4.174302489989073,32.05960147552801,24.88449065092009
6,724,0.16,3.8623703677813825,31.187291381361096,26.27642071135861
6,725,0.16,3.8768464551759165,30.950136464931127,26.851552222891407
6,726,0.16,4.021191677559777,30.195453328645332,26.75531670342773
6,727,0.16,3.642913637310061,33.0572844896114,26.01621433718609
6,728,0.16,3.2510733640760763,31.68996538757476,26.008087960295622
6,729,0.16,3.266515220542025,32.62570039015999,28.448063511890833
6,730,0.16,3.254853410209888,31.625334517224957,27.72150640100463
6,731,0.16,3.3352692477390002,31.703609423129627,27.442111925744168
6,732,0.16,3.34102773466923,32.01903036944323,27.78219321323035
6,733,0.16,3.5709062543034875,33.51837818570424,27.685464910357503
6,734,0.16,3.9928199215123588,34.54134048149127,28.278885375665062
6,735,0.16,4.245252711175685,35.47331089945743,28.00734018812293
6,736,0.16,4.351945723348672,33.88592884306009,27.195578434688453
6,737,0.16,4.424056275461517,34.0599998598802,26.346418831596228
6,738,0.16,4.445242968637421,32.269868970470945,27.254102712513447
6,739,0.16,4.5382198062616625,31.296102379814045,26.22975995746004
6,740,0.16,4.521062220274975,31.041476522041357,27.719552499060786
6,741,0.16,4.433514359929278,30.816191799641352,27.30064269296397
6,742,0.16,4.382446125478867,31.274059960785102,28.051622275832262
6,743,0.16,4.369401092423388,33.03156335324842,26.994835629726378
6,744,0.16,4.384746613897324,32.70757365132359,28.698856972270224
6,745,0.16,4.444299103860213,33.52326217125846,28.872315678079516
6,746,0.16,4.3161441231816955,34.57445535267807,26.642326460996266
6,747,0.16,4.201083705887063,35.76135347966,26.37817430266145
6,748,0.16,4.199504843597254,33.40384601134947,24.914433619992284
6,749,0.16,4.347789832141222,33.771397562579246,25.28746145422568
6,750,0.16,4.398097476679276,34.82976818213963,24.675016947520636
6,751,0.16,4.309149838211922,34.384471656599096,25.49131409624105
6,752,0.16,4.347486169549547,36.443657463635475,26.02829521150518
6,753,0.16,4.243328901305773,34.74710217786999,26.965609818059963
6,754,0.16,4.0113251400693155,35.69316409437229,27.219402100469953
6,755,0.16,3.872419930682942,34.07155029093439,27.25568085245244
6,756,0.16,3.9535284237647494,32.88155520004883,27.84981275278711
6,757,0.16,4.307162950047996,33.61251450125335,27.27846692002256
6,758,0.16,4.783975818500895,33.0870133532942,27.248489054322697
6,759,0.16,4.760061877594374,32.64925304985527,26.932482670139088
6,760,0.16,4.711338930819356,33.99066233510153,26.682734954182077
6,761,0.16,4.702919212982013,32.364704158431316,26.414950734112168
6,762,0.16,4.8037378128165855,32.300617338524724,26.527954255410293
6,763,0.16,4.8295151097022675,32.63311291322432,26.664840559854753
6,764,0.16,4.858349468105465,31.58220053879676,27.599158350595243
6,765,0.16,4.6578726881991885,31.02860500245946,26.49230886985826
6,766,0.16,4.5561700197263395,31.404052157916585,27.336786506966753
6,767,0.16,4.452770545294427,32.47561935876342,25.283285745711932
6,768,0.16,4.373232094003408,31.91933960708403,25.37875480928936
6,769,0.16,4.412838259203268,30.40409283796754,25.656555879749124
6,770,0.16,4.1474173519007715,30.33049586775669,25.621714300801838
6,771,0.16,3.928132377674153,32.342887343421836,26.301732666824922
6,772,0.16,3.8482793056355695,32.265676892390296,27.70292917617175
6,773,0.16,3.673100134101682,31.30875116951792,26.78992408110848
6,774,0.16,3.331160742874051,31.606401105515758,26.305299951379713
6,775,0.16,2.7957068553897737,32.53785594308333,26.304450492359965
6,776,0.16,2.2202063933899305,32.88167471529806,26.39287971105346
6,777,0.16,2.407597816659799,32.190970695441294,28.48375406999111
6,778,0.16,2.8638053856547407,31.723936196174954,26.244556425229778
6,779,0.16,3.241730112033589,33.59484484599511,26.969510034103212
6,780,0.16,3.4902003091753446,33.35627105245374,28.369654654030747
6,781,0.16,3.9701817957528256,34.192557268903734,27.57255610950567
6,782,0.16,4.244312580265937,32.182275848361975,28.263146971026014
6,783,0.16,4.520210473080392,30.65540295782415,27.70654496774778
6,784,0.16,4.779959287439263,33.43447383076601,25.72231570629338
6,785,0.16,4.76746508501312,33.443618158429366,26.67307909559506
6,786,0.16,4.609964941470289,32.862483867170084,25.617230166037114
6,787,0.16,4.246247391028332,32.84658541488545,27.575415616892503
6,788,0.16,3.8082264852056595,33.432614594283486,26.358240740139156
6,789,0.16,3.8234358831075794,32.81530847708724,26.170795065939686
6,790,0.16,3.8500973514543535,30.69675345235098,26.33239776866239
6,791,0.16,3.463269005309343,32.57175721481782,26.852423556020796
6,792,0.16,3.293984594833115,31.582117082220325,27.228539739423695
6,793,0.16,3.1634914250268737,31.339844567682423,27.440924921280914
6,794,0.16,3.168294686286333,33.044995610823044,27.8128136866647
6,795,0.16,3.2718263258691933,32.9709390258074,27.22121150036913
6,796,0.16,3.613894342155842,33.59857566197054,27.504791916162457
6,797,0.16,4.023536363462591,35.39332303673455,27.387230396889567
6,798,0.16,4.2900222136818495,33.25930911530494,26.968101086737875
6,799,0.16,4.209013921292599,31.605109140760515,26.93463007705913
6,800,0.16,3.5719485347669897,34.06539986397918,26.313512755885633
6,801,0.16,3.1017306092456653,33.30569976170052,26.37437315582656
6,802,0.16,2.619186481161356,32.16113724668244,26.229011831131206
6,803,0.16,2.0777943423115275,31.35596079339598,26.8944829894266
6,804,0.16,2.0080156157041946,32.823535296506435,26.639949208725962
6,805,0.16,2.331594981431116,32.85988253477869,25.383743069368233
6,806,0.16,2.7103747485729603,31.17108768767153,24.722939617339204
6,807,0.16,3.0762951946104935,32.40286878353901,23.794885687636878
6,808,0.16,3.0855576571308325,33.29010518026855,24.543409917534092
6,809,0.16,3.171505197097427,34.02366006276834,24.9675717244533
6,810,0.16,3.460036030753963,31.92125027151698,24.77435456090136
6,811,0.16,3.9632571403877472,32.73474612830283,25.687476591549483
6,812,0.16,4.224753919863879,32.36622836974468,25.704138159553775
6,813,0.16,4.860034735272454,31.80810159930959,26.241009682361806
6,814,0.16,5.285178063847173,33.68170673279556,24.211280064163187
6,815,0.16,5.3247966556623885,33.22640396942017,24.79843641514601
6,816,0.16,5.251007263897857,31.669966895958556,25.028624438963142
6,817,0.16,5.296912571190983,32.03542039285495,25.392458096457908
6,818,0.16,5.0933003253850835,32.06837354629733,25.002187832895416
6,819,0.16,4.682407934417384,34.28491674175105,25.028650346532128
6,820,0.16,4.364662652240755,33.50822634493838,25.674919998912667
6,821,0.16,4.282832355650693,32.061237727087246,25.84473447583444
6,822,0.16,4.08591084815447,31.457400308563702,25.465405636448388
6,823,0.16,4.02282972320444,31.641978759125564,26.82972930559493
6,824,0.16,3.988026514086081,34.09152571925145,26.523017141974567
6,825,0.16,3.9677845681709054,36.21029362235697,27.1196708965335
6,826,0.16,3.8001847060899383,34.46764174748381,27.773448644511472
6,827,0.16,3.6833131443398575,34.035812469536324,26.98512544529255
6,828,0.16,3.7776263300892765,33.303081811988164,27.07698755711438
6,829,0.16,3.892089028229327,32.495228677064254,27.628422528163586
6,830,0.16,3.910010131613904,32.34389408199136,26.426062253995976
6,831,0.16,3.856291583148834,32.20105144960977,25.940812840186226
6,832,0.16,3.9786809955787565,33.53817639164261,26.883959565778657
6,833,0.16,3.958295124457605,32.65626198217452,27.309864643220386
6,834,0.16,3.8240619990882423,32.9705357024894,26.61078789765705
6,835,0.16,4.132131576620265,33.13913750594764,26.673128489742506
6,836,0.16,4.3135173379113185,31.95193610415387,26.82711099291903
6,837,0.16,4.409216654244788,32.70762551033158,25.80278101539677
6,838,0.16,4.789377342555866,30.87481369584982,27.411424489531726
6,839,0.16,5.249558878524116,31.275253218319424,27.94809922130831
6,840,0.16,5.808139572970825,32.36729201734489,27.174910275881004
6,841,0.16,5.713423185815968,32.312781827339535,27.25346111442885
6,842,0.16,5.301981630901692,32.05588170882066,26.914610820272678
6,843,0.16,4.8141633982684215,32.70629020670468,26.119394862107278
6,844,0.16,4.048960992534733,32.950226616809104,26.355700993652057
6,845,0.16,3.6764174703711285,31.54379913870702,26.640553688312703
6,846,0.16,3.6158917752817317,31.34452127228577,28.282372415746053
6,847,0.16,3.62626121678299,31.686031281410305,28.742894152709557
6,848,0.16,3.881128478612878,31.826076101634843,28.048263280317236
6,849,0.16,4.020495003823516,31.65615477378453,27.56767364061282
6,850,0.16,3.5748048858465613,32.043665683487355,26.984273799092936
6,851,0.16,3.5986058890879407,33.66071244228232,27.047307381450928
6,852,0.16,3.6626849679784,31.074976834015224,25.683341890753915
6,853,0.16,4.02755256515936,30.221322585326284,25.233571049163444
6,854,0.16,4.3065853908201035,28.463733417246562,25.48764327296209
6,855,0.16,4.634600188235739,28.892498416715902,24.991181159019767
6,856,0.16,4.622568230748926,29.316765051277734,25.091908528583453
6,857,0.16,4.706092234206059,30.653100333495082,25.425957898938236
6,858,0.16,4.658919988969018,31.526528214932142,26.753816015624498
6,859,0.16,4.156628905214896,32.39555233439739,27.69669090791044
6,860,0.16,3.5095803375167085,32.44008052329093,26.55936804181083
6,861,0.16,3.1602784087259916,31.882697838689506,25.192155289994485
6,862,0.16,2.9758058968800825,32.88134049326771,25.414699968596747
6,863,0.16,2.970644473706444,32.92516651904916,25.796840619839283
6,864,0.16,2.8708443873940643,33.66575605776722,28.102953838440097
6,865,0.16,3.02213815465046,32.8187958022511,26.67580585508841
6,866,0.16,3.061272796311643,31.68122152533151,25.902667765840967
6,867,0.16,3.1849895514067788,32.407780579808964,25.592244347199234
6,868,0.16,3.5817159924159148,34.405598095743045,27.60456499350605
6,869,0.16,3.911419755312292,33.38136677738092,26.812997766677846
6,870,0.16,3.8785365461876102,34.33624618335452,27.357720661114648
6,871,0.16,3.9619901679878993,33.23528352007512,27.65939464659973
6,872,0.16,3.773455842861375,32.30305781182715,28.575839334270377
6,873,0.16,3.4142657931383624,32.46899623633207,28.61470533284656
6,874,0.16,3.1710865511841417,33.22015721666351,27.66518470639109
6,875,0.16,2.688219219009347,33.44232052225819,27.468836418619745
6,876,0.16,2.705314764410976,31.536774292346927,28.072780033596196
6,877,0.16,3.1061485525398393,32.193320217112586,25.236595183422082
6,878,0.16,3.0845740009657185,31.830013163341437,25.712661869134376
6,879,0.16,3.378251121368316,33.16597308163131,27.187008275371102
6,880,0.16,3.5824655715841334,31.463294240914447,26.41049592481831
6,881,0.16,3.9078133994925444,33.50326828949034,27.101683493994546
6,882,0.16,4.12466893764825,33.04334286903277,28.265217671072833
6,883,0.16,4.183958668036178,32.59531297021137,27.45737777176488
6,884,0.16,4.15853420148276,32.67255512349326,28.203971805681668
6,885,0.16,3.878870746763502,32.64477404532514,26.772280975525852
6,886,0.16,3.441953272177895,32.7938844239652,25.66570440414366
6,887,0.16,3.029042069827693,32.640382530329724,27.035318163537408
6,888,0.16,2.772276124309761,32.97084875941958,26.66428176241337
6,889,0.16,2.667392624744256,33.568150862748254,27.06296780917579
6,890,0.16,2.634709003791189,34.209157219504895,26.5047570651473
6,891,0.16,2.799206374176415,34.05943193818515,26.805502054307553
6,892,0.16,2.965154719954706,35.76404549038768,26.409989869716266
6,893,0.16,3.321714751586072,34.538571772426614,26.061799572673355
6,894,0.16,3.580180412686162,34.668773916501394,25.179495951772722
6,895,0.16,3.9978205665966526,35.27139381141518,25.96076476774182
6,896,0.16,4.090807200619902,34.42032665258657,27.05942710313348
6,897,0.16,4.112317338978906,35.327140198927914,26.060886232254905
6,898,0.16,3.981686453194617,34.72595139860779,27.101862934270603
6,899,0.16,3.9117824684153457,35.141726771726894,25.88379016742853
6,900,0.16,3.59604847494163,36.613019725851665,26.405741403490627
6,901,0.16,3.7709444134209065,34.54250490121836,27.417649488173183
6,902,0.16,4.0056322852040855,33.851459220757604,27.99013735445406
6,903,0.16,4.05128883287516,33.54551749698513,27.44762656025182
6,904,0.16,4.151063191241253,35.156824188368,26.446618857108117
6,905,0.16,4.393821893548042,34.697844588007776,27.905106110274662
6,906,0.16,4.9899491106442575,33.92558232752971,27.953676264585305
6,907,0.16,5.244397749250838,32.29487132676353,28.137758142411162
6,908,0.16,5.240581387569618,33.075920175738666,27.034260538130415
6,909,0.16,5.078164600036323,34.49574573543816,26.81962716860245
6,910,0.16,4.7691666456986574,31.979110354558294,26.185115546159864
6,911,0.16,4.501392262526813,31.639093921142063,26.148617201271243
6,912,0.16,4.151940347567807,32.15865302395166,25.71866959955402
6,913,0.16,4.005259308698023,32.05957270146204,26.436178958962675
6,914,0.16,4.007814023761605,32.6112007368586,27.228261479997204
6,915,0.16,3.730964655852581,31.45523969027978,27.161133550747582
6,916,0.16,3.5433266986968643,31.956328701185306,26.346470259973117
6,917,0.16,3.371993452996481,33.50540897049673,25.16174195214418
6,918,0.16,3.227051296543196,32.761324368287,25.725156118740173
6,919,0.16,2.9859188944746107,32.651445135169986,25.811088942856617
6,920,0.16,2.78614093881454,33.218080604463786,25.99457513780142
6,921,0.16,2.73524672630254,31.430714465804922,26.313929981673297
6,922,0.16,2.8810502828937814,30.75448595654432,25.269337679078067
6,923,0.16,3.0015453685432325,32.671698653625974,24.46636354648659
6,924,0.16,3.400907795347777,30.162913015272327,25.116788762584857
6,925,0.16,3.8631216349748345,32.71456629200069,27.38658570409031
6,926,0.16,4.271268791948842,31.513396949617462,27.502348532907412
6,927,0.16,4.419010775929739,33.70849029340916,25.974445704346696
6,928,0.16,4.280045590773669,32.72128138479562,27.300214790448884
6,929,0.16,4.173275753375076,32.81692095489757,28.05401882833293
6,930,0.16,4.118014846407761,32.71493698867738,26.38023443068807
6,931,0.16,3.620021278168998,35.52771770211026,26.521614161099215
6,932,0.16,3.743637545380783,34.953360012816646,27.186812169026222
6,933,0.16,4.014342443939187,35.25364626789517,27.61293167727985
6,934,0.16,4.298674769289037,34.75078112462993,26.552478342480487
6,935,0.16,4.496123402773776,35.0273621689529,27.616584222482764
6,936,0.16,4.441571426149307,34.74158645996033,28.344859844107113
6,937,0.16,4.245416938663573,35.92627326208149,26.445576831319748
6,938,0.16,3.986311315517267,34.62674893351639,26.676111465279398
6,939,0.16,3.855216189033131,33.99508543099757,26.245843723328022
6,940,0.16,3.7397435417754465,33.3086619401793,25.132308180347046
6,941,0.16,3.7762492518727595,33.4962700529486,25.27229681228053
6,942,0.16,3.7398420980195253,35.922185549991795,26.743917986121208
6,943,0.16,3.536141780144133,34.2795536828267,26.70653725731596
6,944,0.16,3.2548958384330087,34.53773930975221,27.138719378406176
6,945,0.16,2.8164345285202046,33.77404440560762,28.018197143129548
6,946,0.16,2.651014169933564,32.99491087975591,26.853959861248093
6,947,0.16,2.7664344155112746,33.634103275818795,27.62213377456627
6,948,0.16,2.8942500918036558,33.37968177973781,26.893304538797626
6,949,0.16,3.434375974258746,34.59802727830175,27.004562763863653
6,950,0.16,3.596497396431939,35.936603868590254,26.2533948115107
6,951,0.16,3.4310889983175668,35.866220423677206,27.327013150903632
6,952,0.16,3.472939805856436,33.092329988763716,28.165585936269817
6,953,0.16,3.4754531795536567,32.29418145608268,26.715630665704946
6,954,0.16,3.3916035876859745,32.33705549003872,26.491010423452845
6,955,0.16,3.4924618789480095,31.936102285656645,26.79638482883133
6,956,0.16,3.7376419341092006,32.77742889759177,27.449546498805585
6,957,0.16,4.154328604995775,32.64931589314675,28.306489928102344
6,958,0.16,4.322991937508791,33.00142672648732,28.198640644058266
6,959,0.16,4.481686076448478,34.28642914729509,27.39857844099398
6,960,0.16,4.871957305815184,34.13548529799609,25.352776562151462
6,961,0.16,5.32968460195695,33.557164994698354,27.068092916478015
6,962,0.16,5.69410589337218,34.29815614410292,26.212248379554378
6,963,0.16,5.594422030307092,33.152867789326585,26.83852639801413
6,964,0.16,5.38410370931064,33.225528997615946,27.93097811754815
6,965,0.16,4.86917559410719,32.14473985394601,28.405360653856892
6,966,0.16,4.206419131503335,34.00632926086319,27.150049602488092
6,967,0.16,3.9965888536758882,32.37793065899772,26.50757644377123
6,968,0.16,4.006002534634247,32.1588357496062,26.693965941092696
6,969,0.16,4.248385506278916,33.559415950522514,26.185231255611768
6,970,0.16,4.401214916244303,32.38711635084826,26.445432548233438
6,971,0.16,4.458763329586773,31.11401808129839,26.309368580583428
6,972,0.16,4.299542991308454,32.92185773791385,27.350737365279056
6,973,0.16,4.4393546114282145,34.12192812119067,26.861291759674987
6,974,0.16,4.688770459222573,33.764092937323056,27.337749055032607
6,975,0.16,4.736989256982583,34.92125601432907,28.054378180350717
6,976,0.16,4.38963531963563,34.59213937533974,27.46868038955745
6,977,0.16,4.231234683224497,33.32272255683116,26.415611378545332
6,978,0.16,3.944589764704451,32.7370827403323,27.015472204650678
6,979,0.16,3.8592412872917308,34.14293032116637,26.356810191467186
6,980,0.16,4.003987143157755,33.336192888697695,26.749907237967424
6,981,0.16,3.9588087447529254,33.32476398912011,27.125962978273797
6,982,0.16,4.110756554116677,32.62997463095767,28.191249908527684
6,983,0.16,4.515512217685307,33.04181630635454,26.940525833319274
6,984,0.16,4.809521014878283,32.756192937008954,27.842565489263205
6,985,0.16,4.649242510136709,32.86671388271941,26.626171558309945
6,986,0.16,4.3988502027868845,34.347662191222575,26.134059440757845
6,987,0.16,4.410308152318458,32.535684670718936,27.05944699657211
6,988,0.16,4.473752106166079,30.876699069234007,28.415112986522985
6,989,0.16,4.405377620325688,33.56220223358397,27.535912206657322
6,990,0.16,4.223713078090151,32.99825188156883,26.88464426303611
6,991,0.16,4.283169471534597,34.72597701960083,25.938373683529267
6,992,0.16,3.897010287521041,31.23608970832646,26.919308225663432
6,993,0.16,3.7913192469868706,32.940158074700655,28.04543242644795
6,994,0.16,3.4602819157717777,32.28180043871982,26.722139226835317
6,995,0.16,3.6790432980569494,33.65514259773545,26.254965528485325
6,996,0.16,3.51140943918001,33.350138838413,25.588728842825308
6,997,0.16,3.4628005033023954,33.340400174248174,27.09520361383651
6,998,0.16,3.474623378056106,33.78951872769299,27.074794497182776
6,999,0.16,3.564481780241522,34.32390519493428,26.68058957677047
7,0,0.08,6.684457350644338,28.545286535078798,24.61964591732929
7,1,0.08,6.20211509845476,30.84074294297705,23.08321997698054
7,2,0.08,5.665096865291115,29.67651578759986,24.480778313721615
7,3,0.08,5.664205812524674,29.91193555180546,25.357156002775433
7,4,0.08,5.292764247775585,33.07430249386179,24.959863203115276
7,5,0.08,5.101810262554751,31.92837758017646,25.607153233772447
7,6,0.08,4.8071831044640545,30.057272004483686,24.303761265036247
7,7,0.08,4.6369932529628715,32.91844694157376,27.350853354300643
7,8,0.08,4.246648681378973,32.37752667778571,28.963344301209855
7,9,0.08,4.415065600356347,31.275278071088824,28.778744861909136
7,10,0.08,4.539792991463314,32.690865173224985,28.11192230534592
7,11,0.08,4.64872785498532,33.53349531925904,29.16541449513452
7,12,0.08,4.451850410714413,31.47116686538091,28.14340993227922
7,13,0.08,4.1796576372122045,29.958306173202715,26.923824755471678
7,14,0.08,3.8755301330287057,33.504252278842266,26.402755909894708
7,15,0.08,3.632745913086743,33.50033680355469,24.842769015984082
7,16,0.08,3.8732414840960034,31.375391250543185,24.710095701422023
7,17,0.08,4.377631934484131,31.775863071838803,22.979564694952064
7,18,0.08,4.6691555323305565,33.5642467628153,24.763742426828674
7,19,0.08,4.880966610814309,34.59741522736639,25.854432250331335
7,20,0.08,4.943578439970825,35.77206245048847,27.77543353366879
7,21,0.08,4.720431520777998,32.37105365183684,28.147789480067154
7,22,0.08,4.771598037524304,34.788203686856505,27.528412311877215
7,23,0.08,4.785158260764932,35.25125537075589,26.37831844001609
7,24,0.08,5.040196532393396,34.46290605993255,26.276097700446684
7,25,0.08,4.833362421023264,33.56243060232787,26.084435335005814
7,26,0.08,4.403548892519248,32.52265552756643,28.325242500094852
7,27,0.08,4.007138292920569,31.645746718204382,29.115176351123075
7,28,0.08,3.3883254953107653,31.308231435183615,28.81728167110848
7,29,0.08,2.803178580629008,32.378676005912475,27.298958547826825
7,30,0.08,2.494538815688947,32.20251027878378,25.34735966489805
7,31,0.08,2.550765475738574,32.9926142461626,25.378887865132985
7,32,0.08,2.4307563371206955,32.19622980385803,25.04016319898386
7,33,0.08,2.4536946178043175,33.560371053205884,26.700424042817435
7,34,0.08,2.857322284122768,33.15434099547898,27.599564048159465
7,35,0.08,3.3217650989575453,35.44812689109474,25.952624988146304
7,36,0.08,3.6215305723593305,34.46289484135559,26.371104706288026
7,37,0.08,4.160211695832269,33.31559138448372,26.51036572439976
7,38,0.08,4.687724533227596,35.0574100627928,26.564394531823478
7,39,0.08,4.802415547325487,31.80958059807867,26.309709725986828
7,40,0.08,4.62617580806778,30.70559851436603,26.815974306398157
7,41,0.08,4.36397852842388,30.296321562674386,26.879226495942724
7,42,0.08,4.111696704847935,29.52256416219252,24.880779531053616
7,43,0.08,4.076139943452605,30.027833993874676,25.022213089648282
7,44,0.08,3.9460184112693817,29.615158397064548,25.245190436766162
7,45,0.08,3.5724714211710022,27.409393628145864,27.050943685747775
7,46,0.08,3.706481632372774,30.558859270170434,26.800886643936696
7,47,0.08,3.9030493589369333,29.642564754943812,26.460497849340832
7,48,0.08,3.6652311565621396,29.70338747156142,26.98004235620926
7,49,0.08,3.5459276358703233,30.48847926236694,26.95948000402934
7,50,0.08,3.4192310990431984,29.435443899765506,26.190552053543158
7,51,0.08,3.7735414180515736,31.43841038543949,26.979189581874028
7,52,0.08,3.914847559901928,31.783031371732587,28.335534446337398
7,53,0.08,3.9730306439186904,32.58197535279059,27.122962974970605
7,54,0.08,3.5865643418342192,32.409705507052976,27.042310518623726
7,55,0.08,3.4702143533935876,38.45644941920267,27.138258286151068
7,56,0.08,4.039247483641964,38.089729201308174,28.323258031311408
7,57,0.08,4.80212630820715,34.17204537742702,29.26297397997767
7,58,0.08,5.1887428170881105,34.05499049129255,28.632761796859523
7,59,0.08,5.295511920148724,31.555194289038123,27.99076420351775
7,60,0.08,5.172210941882302,31.024787961542895,26.178508142175282
7,61,0.08,4.8520070865576725,28.962801097592752,26.0318942021104
7,62,0.08,4.806313703663161,30.138623397893717,25.25420706226588
7,63,0.08,4.930547875116892,29.157387548351707,26.51248965205289
7,64,0.08,4.587368666403539,30.301199676350794,26.697238491010886
7,65,0.08,4.413064165672617,31.21278514100255,25.46215607252783
7,66,0.08,4.054885862623846,32.27797808630873,23.569826757937914
7,67,0.08,3.2950028885705365,33.879734386375915,24.595972463272386
7,68,0.08,2.9195767630386893,31.032891319683326,26.218005761929472
7,69,0.08,2.9883207927954536,32.04007595704114,25.86482159641841
7,70,0.08,2.959658513629471,33.26154978449249,24.34560245029283
7,71,0.08,2.8949698366103696,32.85519501173001,25.85068474669655
7,72,0.08,2.7481330487833393,34.02369540399589,28.475153128092508
7,73,0.08,2.4829917911697876,35.86806229816184,28.959715736189473
7,74,0.08,2.505731782654683,33.652074254003715,29.31328561973766
7,75,0.08,3.0038204272358144,34.22256052432578,28.210581927454918
7,76,0.08,3.4183198503012475,35.42334565897624,29.74150200022023
7,77,0.08,3.541677656336592,34.63890949404296,28.515386114576337
7,78,0.08,3.245625466555294,34.67309359291187,27.55238081807792
7,79,0.08,2.842779171889513,34.604903176046996,28.477272631514214
7,80,0.08,3.1225194532476985,33.12651076124194,27.50009227562604
7,81,0.08,3.4615549304164013,32.24105497111444,27.00004960473948
7,82,0.08,3.605119412097769,29.395653357141377,27.46439556471274
7,83,0.08,3.479889615307426,31.959666191965248,25.784820946574968
7,84,0.08,3.553255867652247,32.99592404474791,28.059060576848484
7,85,0.08,4.080551312228658,31.149561079101648,27.403902423659503
7,86,0.08,4.191856034270772,32.009794167025646,26.019263221896086
7,87,0.08,4.349224942780388,29.579801736065708,24.873680437901836
7,88,0.08,4.379127273703379,30.42745953269454,24.99346678255087
7,89,0.08,4.1701621123504555,29.92768736315122,26.762895443793923
7,90,0.08,4.002997710235898,30.261868011726346,25.59548082831396
7,91,0.08,4.1291446577128506,30.600417066699343,26.197733169119587
7,92,0.08,4.065264731140336,31.82145873404002,24.554659987394878
7,93,0.08,3.4431196436720573,31.39528894686538,23.24031507076753
7,94,0.08,3.3027475250028973,31.084040617744858,24.06546386323916
7,95,0.08,3.42437178208106,31.886463541204304,24.546978367581378
7,96,0.08,3.8646751468728526,32.56223783753,24.60016387019645
7,97,0.08,4.1900914130447156,33.36302268719248,23.752736104574147
7,98,0.08,4.171686359065762,32.99517882030153,25.332439650449697
7,99,0.08,4.452242102661262,32.99612666361871,26.232120533465366
7,100,0.08,4.613122898689653,32.9753225201203,25.03880886463071
7,101,0.08,4.8624585694321185,32.232152198530855,25.244997383505666
7,102,0.08,4.691153392608666,31.249318469916716,22.401359811056242
7,103,0.08,4.129430810350731,28.480692176516897,26.336215167867046
7,104,0.08,3.6450523764245557,30.618457715694813,25.59030138216504
7,105,0.08,3.4448354240073336,32.20642173643781,25.68261234708962
7,106,0.08,3.2857739683519336,32.38857827604674,26.618104843159067
7,107,0.08,3.1253323820970977,33.95707261149565,27.669362477955065
7,108,0.08,3.182272027066675,36.48869033231357,28.780969267169375
7,109,0.08,4.1408248159711025,35.40203065955713,28.371664419839462
7,110,0.08,5.005289649175888,34.58777746717243,28.632622648500305
7,111,0.08,5.3940330793324005,31.80905590414896,29.055582446659805
7,112,0.08,5.161174562423705,33.11979528716337,28.063256810329136
7,113,0.08,5.201923535669931,34.217488097749154,27.547249305500447
7,114,0.08,5.511819489243337,35.803772680863716,28.791908265550255
7,115,0.08,5.475474197299212,35.05906482045159,28.116476714072594
7,116,0.08,5.331312253372939,36.546002381536695,28.020662834953512
7,117,0.08,5.452215300262652,35.81220359030358,27.307009596503363
7,118,0.08,5.670437527159048,31.268214584431362,27.369846631836587
7,119,0.08,5.419115597298102,34.951862346113295,23.601641075250765
7,120,0.08,5.086387001507488,34.40870419823434,26.497054033805387
7,121,0.08,4.622177306634427,35.1512510093842,27.7930922321436
7,122,0.08,4.015256563525278,37.53426074767759,28.92019327058447
7,123,0.08,4.094494296113127,34.562778281871395,27.47140674041871
7,124,0.08,3.9427553591623647,33.23820016905799,28.269935713950424
7,125,0.08,3.836996037944619,32.3540427194052,26.954933402315177
7,126,0.08,3.563905297389193,33.620620670431045,25.39085144599119
7,127,0.08,3.4003702923882373,32.12913623055732,27.745734203535
7,128,0.08,3.524603845915684,30.695705013947286,27.063364330623124
7,129,0.08,3.879535271352401,31.482020126414096,28.00813552324745
7,130,0.08,3.817950568007159,30.66084694760798,27.94029213673269
7,131,0.08,4.046453916160064,30.216957770591712,28.422836999678175
7,132,0.08,4.4585301534882245,31.329374169421357,27.765033412969416
7,133,0.08,4.386940980062458,30.534858303333994,25.44769364627588
7,134,0.08,4.250501274100749,29.791573893372103,26.243342301772138
7,135,0.08,4.615087236054836,30.232888503929228,26.883129369093748
7,136,0.08,4.656667171921221,31.865420795183496,28.13529618163139
7,137,0.08,4.503988967592691,30.602531156821687,26.7594146492057
7,138,0.08,3.992694264590779,32.13678298055798,26.517417555356243
7,139,0.08,3.3276396094580805,29.336264042139277,27.739442416446842
7,140,0.08,3.269282609518558,31.314085004757132,26.522705968768463
7,141,0.08,2.9254137327176215,36.65537025858666,25.830553341254053
7,142,0.08,3.008951531273496,34.182158267611676,27.641811044744124
7,143,0.08,3.0568751317038045,35.393127846401754,26.057149419802656
7,144,0.08,3.3240345541767176,30.532538499954864,26.13678577681329
7,145,0.08,3.0024659548049843,31.180489207097544,26.923717091948436
7,146,0.08,2.850683386314346,30.703153364695154,28.479150627778022
7,147,0.08,2.638615511206103,31.01940279777297,26.315574400643644
7,148,0.08,2.9450186058374097,30.64958379918895,23.646957669601417
7,149,0.08,3.023270297407275,31.311617659029007,22.044332800603787
7,150,0.08,3.0065595078627734,30.479940012824564,23.582551523947995
7,151,0.08,3.2913091767636824,32.96202103649305,24.660617468182192
7,152,0.08,3.656772788430622,31.602850118078035,26.049943331715617
7,153,0.08,4.336791021724299,34.31785808034958,26.334068113967145
7,154,0.08,4.291723526327603,32.015515389635524,25.902550872512627
7,155,0.08,4.213607057611256,33.840453674831394,26.832451564469814
7,156,0.08,4.1371816440079865,33.035986500582254,27.51684061519204
7,157,0.08,3.8443715677015304,31.613300869604647,27.408998075059262
7,158,0.08,3.9935762716758196,35.12011047724825,27.000990223633313
7,159,0.08,3.9682776468500944,33.11786055381541,28.129718882140796
7,160,0.08,4.303275149784571,33.117776483540474,28.829811370543258
7,161,0.08,4.374744105015232,33.084730378610246,27.419956784162295
7,162,0.08,4.126748502613297,30.117392912707324,27.970279159683674
7,163,0.08,3.8000718809519682,30.441787662049734,26.858074534254932
7,164,0.08,3.5075515988004917,32.47961842278131,26.08184807696905
7,165,0.08,2.956416223639499,35.52354175864553,26.673448205478394
7,166,0.08,2.7267305989533988,32.723588830840164,25.517217082276513
7,167,0.08,2.6822776690491996,30.430817391126578,26.453605538227734
7,168,0.08,3.0071133448625416,31.566978005447123,26.73075008507052
7,169,0.08,3.620238116111728,35.22731057491234,29.267669196939625
7,170,0.08,3.7869207206936286,36.42982940443973,28.175441592061027
7,171,0.08,4.173891389348063,37.15600534388274,28.544031691650282
7,172,0.08,4.479340758331465,38.128047754730204,26.343105948086432
7,173,0.08,4.164566546499174,35.91504223998329,28.022761602489954
7,174,0.08,3.829070886162437,34.184240360048484,28.96209376984049
7,175,0.08,4.179880422841471,34.12610477666583,25.743678045429963
7,176,0.08,4.861033432191455,33.9371098335639,27.270416754223838
7,177,0.08,5.354810564365964,31.993312024228956,26.21353276446178
7,178,0.08,5.486434886410439,30.78046053988736,26.728085644488008
7,179,0.08,5.1916937712787865,33.58900001190094,26.69601881150104
7,180,0.08,4.703137936840648,34.74705018982279,27.804433938125683
7,181,0.08,4.161584750352359,37.00355229997004,28.481406553232333
7,182,0.08,3.8996634775946712,32.70949005723926,27.315986219943493
7,183,0.08,3.560386310634447,31.574039246488017,25.143598470064013
7,184,0.08,3.515983233851045,31.64575591851283,25.150042487976354
7,185,0.08,3.6002254788603643,28.102518675465895,26.787098590428187
7,186,0.08,3.5952023060084355,30.693112590898217,24.931232777800233
7,187,0.08,4.139986383617075,32.886000535596594,24.762882854890627
7,188,0.08,5.089622998829061,30.880843026407423,25.95768093130352
7,189,0.08,5.690461834162551,31.03097295887094,26.65783634988443
7,190,0.08,5.801913025336504,30.757890884254635,27.501321418623494
7,191,0.08,5.3421347928140195,32.068987135398444,25.6301748662679
7,192,0.08,4.922561221988569,31.53507479355229,26.88551175306603
7,193,0.08,4.5477944866055156,31.476363913241496,26.94222037074775
7,194,0.08,4.696869505269045,31.735413645893004,27.249772855120355
7,195,0.08,4.819825335264548,32.3664605291573,26.646287364324028
7,196,0.08,4.220432012067089,33.12286820730048,27.22138853560995
7,197,0.08,4.410477646958158,32.10197322611371,26.906328471913703
7,198,0.08,4.365441405871178,31.86469379986521,26.352591545439772
7,199,0.08,4.38645577609621,29.69197783430144,26.331887253572535
7,200,0.08,4.181177823446079,29.96690046202865,27.23924153281907
7,201,0.08,4.3648654301292416,31.333075199982677,26.66907416481984
7,202,0.08,4.409448908267258,31.411711747450166,27.996214814383173
7,203,0.08,4.075033660111897,30.886057189400685,27.43370224836859
7,204,0.08,3.688795166339437,31.007049373478843,28.183109674846946
7,205,0.08,3.6624461458651467,33.45521374489318,25.59750615647939
7,206,0.08,3.9123688323671373,36.94167512204724,26.79986014481208
7,207,0.08,4.489935819710805,35.24475689150975,26.219670641375142
7,208,0.08,4.900433588056692,36.3264317912302,26.007702793046356
7,209,0.08,5.476955324507788,38.03496049500281,25.335618406795543
7,210,0.08,5.539739529882061,35.49718147098092,23.532578176376546
7,211,0.08,5.492231855425911,35.05286073913914,25.824261119830325
7,212,0.08,5.3064589519269765,33.525022308192256,25.561943260268585
7,213,0.08,5.068322774142303,35.08560779464897,24.53988172062873
7,214,0.08,4.779700333209418,34.75120365433854,26.68201077424584
7,215,0.08,4.381126022198576,28.93022699028895,28.0616082709456
7,216,0.08,3.859404531610334,28.114137788176965,26.519514725545303
7,217,0.08,3.3414030514484274,29.378842005619333,24.214119899586578
7,218,0.08,2.840756965878262,30.362071313942426,25.32216597652214
7,219,0.08,2.5896848459144,31.378551472571758,26.42445872044806
7,220,0.08,2.3890897325964353,32.32268642321094,25.69862617265635
7,221,0.08,2.2436506135584855,32.3734222540717,28.38554554351627
7,222,0.08,2.5629520200118665,31.57099533969162,28.636617689852773
7,223,0.08,2.8461203202824037,30.40245354246947,27.591649016814937
7,224,0.08,2.7388639691752346,32.933060002669144,27.94696346590733
7,225,0.08,2.582346632467086,34.21056618476561,26.660716314303293
7,226,0.08,2.778251244387177,32.11759629243571,27.682275504717815
7,227,0.08,3.0581583139026796,33.514899482941,27.55023282558517
7,228,0.08,4.106847188876192,32.89004124848762,26.431350851376504
7,229,0.08,4.13246005152156,30.99274341310421,26.82320966742477
7,230,0.08,4.4098968651793236,30.95777641131454,27.980661734837526
7,231,0.08,4.431721538690329,30.148136528656654,25.54756098135158
7,232,0.08,4.005310616648995,28.570266022600514,25.961979276838488
7,233,0.08,3.6356801077480654,28.968419503858257,27.20553884965684
7,234,0.08,3.138850192941146,30.324791441562397,29.18662260035542
7,235,0.08,3.103043401598087,31.11153401388959,27.562578879487813
7,236,0.08,3.3972697196717667,32.238995608046466,28.11775317876731
7,237,0.08,3.983766354316518,31.076807556322336,27.796845840104986
7,238,0.08,4.508325064232566,33.7381187007392,28.394512321967202
7,239,0.08,4.353447239629212,32.58568055395503,27.217490568297148
7,240,0.08,4.409409028763512,31.96815903587058,26.642645473550985
7,241,0.08,4.264567419806284,31.011427967893407,23.3544476486218
7,242,0.08,4.061334655753754,29.6527241213062,25.002571300230734
7,243,0.08,3.849294138523458,29.222291731792133,24.652385319837013
7,244,0.08,4.258765290173257,29.809988839076816,24.142613876083452
7,245,0.08,4.126620419961948,30.985727213257483,24.434497752508978
7,246,0.08,3.81028355017371,30.787888821844714,26.169035057561587
7,247,0.08,3.618936910203953,28.826305459590003,24.87962346327502
7,248,0.08,3.590677646708042,29.455376984413114,25.13633438106732
7,249,0.08,3.5254100966574184,31.596075002828627,25.343112820456327
7,250,0.08,3.556131533500763,30.754692610872137,26.094898386703363
7,251,0.08,3.7283203501524413,33.43438347707148,28.618028960377604
7,252,0.08,3.806064419712099,32.45975459916727,28.49350830028377
7,253,0.08,4.099818067871279,34.35252015149772,26.02771024461572
7,254,0.08,4.465236505973725,31.607962337126462,25.911758849145563
7,255,0.08,4.684210801289015,30.68875799172449,26.98536069961887
7,256,0.08,4.641284827931059,30.986682369063068,25.528317040237372
7,257,0.08,5.001805655345137,29.50289945916289,25.249826193536688
7,258,0.08,5.186101329804299,30.055939863248078,26.719670914227372
7,259,0.08,5.345293380900586,33.99965021005451,26.07716317434884
7,260,0.08,5.577013668726923,36.58287142733987,24.151625726939393
7,261,0.08,5.840730097566883,35.98723118806347,25.417727866473285
7,262,0.08,5.58560005317676,35.33906225737292,26.590945397415034
7,263,0.08,5.337940917670432,32.650559547851415,25.88275220705615
7,264,0.08,5.269775715523427,34.96534308186705,26.154169042979333
7,265,0.08,5.168701751018704,32.5946758778426,27.642909295904307
7,266,0.08,5.329447031599928,31.90969897748009,28.414551503679505
7,267,0.08,5.091125117377915,32.183911430163235,27.04539795789329
7,268,0.08,5.209862286769749,30.753416241371713,25.616763980789017
7,269,0.08,5.2811963361381045,29.022261848692523,24.133436766166113
7,270,0.08,5.30410600969829,28.371803464793448,24.957172951721244
7,271,0.08,5.414502355936969,27.325051413506518,24.9416774567342
7,272,0.08,5.372234859445077,30.63755422825733,27.747274234600845
7,273,0.08,5.337258318144303,32.1377007625006,26.61371108717166
7,274,0.08,5.462990777166921,33.347556519569,26.12460971159225
7,275,0.08,5.468440673898987,33.06204166618762,27.282717889130804
7,276,0.08,5.874888616146637,34.99051699748155,27.312161750797838
7,277,0.08,5.6072751592247965,35.05449132302917,26.791601859029864
7,278,0.08,5.111380832821906,34.46463955804444,27.319464593766806
7,279,0.08,3.880877473148497,32.58604616472327,27.71309887439058
7,280,0.08,3.003630174546556,34.307490590628326,26.763449454773976
7,281,0.08,2.2513454502631793,34.35214460525504,26.685412327619296
7,282,0.08,1.874839070629588,32.80663349400934,28.092449540455576
7,283,0.08,1.6733164488107475,31.283475524014875,28.425764298550437
7,284,0.08,2.120414191738482,32.90326609166193,28.51614090054275
7,285,0.08,2.0178592853730635,34.69224562963248,28.245747002426302
7,286,0.08,2.0185544111745934,35.34685068765153,27.81626815248417
7,287,0.08,2.2948329540459937,34.02754213589366,29.035328730349967
7,288,0.08,3.043639870256558,33.94699299187733,27.52720394336525
7,289,0.08,3.3519226601180723,32.26383416256268,26.977023058850648
7,290,0.08,3.5060537129484577,33.79160766450736,27.32546575507507
7,291,0.08,3.5742396582214733,32.15712606718083,27.5886580032672
7,292,0.08,3.4479323939171227,37.763283738555096,25.06433937002597
7,293,0.08,3.5221658013048427,37.40831835891557,25.07219471518522
7,294,0.08,3.8281746339238194,37.775373087392,25.742313845927562
7,295,0.08,4.051013374359498,37.28230905619476,27.719213700521635
7,296,0.08,4.135192186481488,37.357889238950555,28.20590781410092
7,297,0.08,4.023428623015155,34.77120106188304,27.03456214022332
7,298,0.08,3.7068917527100136,33.50307288005744,27.81211495456424
7,299,0.08,2.9471606840455165,34.928802974966636,27.204060401501035
7,300,0.08,2.3751407049828654,33.6602362076072,27.639346637408156
7,301,0.08,2.135759907465224,36.25648956204266,27.855661815037376
7,302,0.08,2.6778154637592584,34.65992830903085,28.95596395833401
7,303,0.08,3.0498461492569127,34.00623605441079,30.0
7,304,0.08,3.557582610053094,33.06476859433728,27.09970431034486
7,305,0.08,4.047696860325543,31.487524208082135,25.01531319497101
7,306,0.08,4.03283160411138,32.85228087576496,24.844109425872112
7,307,0.08,4.263919541819065,29.906042023857744,26.144355401539887
7,308,0.08,4.479523016125502,31.57195647607142,27.18233300899232
7,309,0.08,4.499595088262022,31.077936642354036,28.02165642049287
7,310,0.08,4.451417889208163,31.52713618299072,29.23863961437756
7,311,0.08,4.49700277752028,31.227225455272126,28.72161714022244
7,312,0.08,4.816769437260142,30.02871556212132,28.736778673087468
7,313,0.08,4.734722916281081,30.411619237550504,28.476410474627695
7,314,0.08,4.384340748568132,32.75830681530683,28.078614281196565
7,315,0.08,4.113235126677889,32.99505534256615,26.279987282707992
7,316,0.08,4.006819613962696,33.07814119951074,26.473138830157758
7,317,0.08,3.928168651760693,31.40094616390917,27.799384955845973
7,318,0.08,4.116057323078306,31.057903416938622,28.54643721843601
7,319,0.08,4.197954912702414,30.34726734986769,27.29739364627939
7,320,0.08,4.4126141141738024,31.224763504026278,26.372167568614966
7,321,0.08,4.481466617492891,32.46648002556327,24.967431323187252
7,322,0.08,4.49692779481855,29.250646586124738,27.457166676419213
7,323,0.08,4.432126513606442,30.0400926139071,28.074793805385163
7,324,0.08,4.232610434575369,33.283894471994856,27.99997594543895
7,325,0.08,3.6747699651502654,35.63535549169413,28.80581788277085
7,326,0.08,3.283803446921069,33.503011516853185,29.07274399119664
7,327,0.08,3.2588498200158456,34.53153142092709,27.96733051009625
7,328,0.08,3.299347412558152,36.20297178821054,28.202448668190417
7,329,0.08,3.764784141314545,36.34958201165243,27.33183326168502
7,330,0.08,4.321764555933251,34.18082508586805,27.806883979750445
7,331,0.08,4.646215464386028,34.52058863238225,27.89607433199945
7,332,0.08,4.742032596674468,33.97874296989335,27.81024748682822
7,333,0.08,4.661518418015641,33.04920509692378,26.036398608127588
7,334,0.08,4.267872114754192,32.034933704529315,27.093951777701577
7,335,0.08,4.033764594754402,30.607968604856367,26.50066808086855
7,336,0.08,3.8413558261170477,31.65194571796534,26.452033042831786
7,337,0.08,3.686833143169671,34.25839511038423,26.69070730645468
7,338,0.08,3.2904674309820705,31.562220771679332,27.571867741272754
7,339,0.08,3.412299069573051,31.676771931063314,25.788697846866928
7,340,0.08,3.7303547963223016,31.74872341360982,24.19725847009386
7,341,0.08,4.095774218133877,33.71035887308413,24.99138891195487
7,342,0.08,4.065295048812238,32.4738002266688,25.85261843436127
7,343,0.08,3.725308518712816,31.84671720145923,26.137148966977033
7,344,0.08,3.4540068954571215,33.75975235172621,22.66269567941739
7,345,0.08,3.4240568129017754,31.40363382448489,25.67880557062046
7,346,0.08,3.7409820124262545,31.758067116397328,27.492852104041535
7,347,0.08,4.27502293080388,32.52214699689071,24.924509906596214
7,348,0.08,4.798411495453659,33.46588001371924,24.709835229461817
7,349,0.08,4.48690348469859,32.46201747644724,27.964457351208686
7,350,0.08,4.026400666555796,34.05802462374687,27.186520744414885
7,351,0.08,3.60470701661524,31.104469166692077,25.71681900824844
7,352,0.08,3.241079456093173,32.38202961058138,27.641133083970477
7,353,0.08,2.853363590898941,34.49688203469126,27.243163299869227
7,354,0.08,2.570651049481272,33.5982321489092,27.686915298387078
7,355,0.08,3.1409462673634634,32.030691174269414,28.060654273353332
7,356,0.08,3.2365274059921196,33.65383379880486,26.628835344633632
7,357,0.08,3.5647492452716487,37.28803844578026,26.938103537819597
7,358,0.08,3.7732440089852997,35.566384791968034,27.18113773178629
7,359,0.08,4.062981929019897,36.89721661975993,26.596512727423324
7,360,0.08,4.442915435256062,33.46252094627092,28.82887990167639
7,361,0.08,4.833611109343616,32.465625557277164,27.90632146314556
7,362,0.08,5.393656077930135,31.607793522839483,26.751233641371766
7,363,0.08,5.4756752776925754,31.19022570296969,27.917877601456844
7,364,0.08,5.078420166954413,32.23882904712169,26.26410579722466
7,365,0.08,4.7026169745068,32.83442296814532,25.202942194608397
7,366,0.08,4.1766913698020565,32.60158874424981,25.571776624309326
7,367,0.08,3.8244968049792307,29.537526052758594,25.91786031395052
7,368,0.08,3.416903774270993,28.390447729757234,25.696570162973725
7,369,0.08,3.063121399123192,29.19123783798723,25.028275907991258
7,370,0.08,2.90446667558945,29.51406910829883,25.849566744054133
7,371,0.08,3.249368270676695,31.43044199183229,25.549336782857978
7,372,0.08,3.7010412191849142,31.531364648072813,25.51139546747565
7,373,0.08,4.258082448888662,30.92703568798141,24.940559645256563
7,374,0.08,4.4199583632948976,33.39354748660529,24.815263211825002
7,375,0.08,4.659360373815389,31.90116622667533,25.70934682272547
7,376,0.08,4.7376419161840815,31.445934316177276,28.521802374648562
7,377,0.08,4.615970343532867,34.44255196498904,28.35935542845717
7,378,0.08,3.801001830346164,32.90079066681884,27.778925170856773
7,379,0.08,3.006903645056421,31.150835356991205,26.012600660586262
7,380,0.08,2.4572721977260072,29.752091938672326,22.538667011549528
7,381,0.08,2.2520097911357384,30.861473800787497,23.858319290885213
7,382,0.08,2.726600330201259,28.99817549988082,24.40649801042384
7,383,0.08,2.64144877414311,30.5331133859058,25.869097911390845
7,384,0.08,2.806132113880224,29.340552038031902,25.750677241295104
7,385,0.08,3.272058705551672,31.183917225614938,25.303244820378833
7,386,0.08,3.5779600427653717,30.4552828023277,26.50537883043979
7,387,0.08,3.695073859438799,32.24572397262965,25.928768896165852
7,388,0.08,4.045230922734767,33.62365124852967,26.573334787560743
7,389,0.08,4.395610494109016,33.610817159522206,26.94848111848946
7,390,0.08,4.105242007948414,32.578984336069176,28.644018574912053
7,391,0.08,3.8881345832977465,35.63805506993231,27.425636451572416
7,392,0.08,3.4499819968086602,35.4013650091537,27.332256623789043
7,393,0.08,3.5421048000740205,35.750156798727666,28.59660822763184
7,394,0.08,3.8786738060304846,33.82582034964419,29.493164620177545
7,395,0.08,4.392841868354577,32.1064069105615,29.10725852390943
7,396,0.08,4.5079349433184595,31.335404172413106,27.7770390332955
7,397,0.08,4.6346861989368415,30.359217850445578,28.499544617078605
7,398,0.08,4.486394997944709,31.61935554814141,27.17663635027811
7,399,0.08,4.449834801937917,29.934332839269608,25.813656220228854
7,400,0.08,4.323062587243098,28.543239570456432,26.109700103056312
7,401,0.08,4.104879289343609,27.466432290517847,26.578201230895026
7,402,0.08,4.098751408795216,28.89976534300961,26.291121402094078
7,403,0.08,4.213578861882271,29.86545210938622,26.475246329765895
7,404,0.08,4.0686005223260535,32.06601334479237,27.039970281136448
7,405,0.08,3.5480234659447447,33.11411919249993,27.484899585840513
7,406,0.08,3.241713960749359,32.1655878890863,23.557564888694326
7,407,0.08,3.0480805888015072,32.622414115256056,24.813104783689393
7,408,0.08,3.5262139684039635,33.530819678212964,26.094777873232445
7,409,0.08,4.151406190769824,33.64546513943186,24.03299948547631
7,410,0.08,4.391850299166418,30.421341147754923,24.15283747945945
7,411,0.08,4.172777648870121,27.820504784160363,25.05245046984148
7,412,0.08,3.7957727077616448,29.47028769182267,24.54292730424257
7,413,0.08,3.5213717214521982,32.31605506285257,24.4030182245226
7,414,0.08,3.199619105629568,32.069205545333006,26.086314570252554
7,415,0.08,3.2961789682918763,32.361508956472036,25.224263775299356
7,416,0.08,3.2344448573242643,29.880241053226946,25.55809557128756
7,417,0.08,3.3719307039240314,32.84023898232632,26.886988215451726
7,418,0.08,3.1190637953260456,33.66420449582313,26.891521898734702
7,419,0.08,3.059000403144186,35.21297838314174,27.771641557119914
7,420,0.08,2.8295510141969267,28.592596866430558,28.613666389470975
7,421,0.08,2.4585466628242703,29.759025863849857,29.35828828958478
7,422,0.08,2.3360719264571648,30.13182149604542,28.705644806687346
7,423,0.08,2.652122825942321,30.179228645077885,27.041124537065254
7,424,0.08,2.946998724374254,33.78388055499735,27.313288693909055
7,425,0.08,3.199699426262277,31.96105564574874,26.71905780901182
7,426,0.08,3.4771788861566355,33.770219045736255,25.801170162682435
7,427,0.08,3.4369744872011743,35.794490567918956,26.49122938975215
7,428,0.08,3.0621159503739697,34.27415511991861,25.89613873681326
7,429,0.08,2.9700214129230087,34.81284948350064,27.003773507975104
7,430,0.08,3.2607184014126394,34.434226654771834,27.315219455916733
7,431,0.08,3.663075970922087,33.59033691796097,28.643515917181503
7,432,0.08,4.198074780569697,33.33470855911968,27.550563897057906
7,433,0.08,4.367103026968707,32.47921519761578,27.252004690087986
7,434,0.08,4.2139315869428975,33.92239523677004,28.5749323733536
7,435,0.08,3.88911377646676,33.61245800308323,27.792032027288855
7,436,0.08,3.711063469715487,35.12102297480534,26.895774646350525
7,437,0.08,3.6388928913453706,32.627945329228695,25.560681709806648
7,438,0.08,3.6900577244702046,34.204602793714905,26.53995480014706
7,439,0.08,3.492998685211819,34.884900141942026,26.272171571409093
7,440,0.08,3.265426693335508,31.97276599901175,27.46097454864716
7,441,0.08,3.207853604899382,32.251813795997144,26.667356342952242
7,442,0.08,3.0291900200454447,32.91217316011361,25.51068235798166
7,443,0.08,3.018421590711015,32.26142827744393,26.579406575989825
7,444,0.08,3.1551928666387905,32.22392993445412,25.023180175038558
7,445,0.08,3.2805036684650917,33.26643710435074,27.973747303954813
7,446,0.08,3.1635782610864474,31.497074114528683,26.55841302434524
7,447,0.08,3.24324516469176,33.08817608431725,25.71162549993419
7,448,0.08,3.3308293059474305,33.78713533122398,25.539229131099074
7,449,0.08,3.6848584954717323,32.093136377291216,25.983483355727497
7,450,0.08,4.079079039475296,32.53922688245881,28.271001574786418
7,451,0.08,4.437148222230919,30.46014458785876,27.334486620652267
7,452,0.08,4.097824179302814,30.53946302293428,29.054919882580393
7,453,0.08,3.783439983031819,33.277013794461006,26.556161911608985
7,454,0.08,3.5213486963235834,35.11225622560859,22.17937326807041
7,455,0.08,3.8503547558757263,32.9435339564391,23.952571000674908
7,456,0.08,4.516438167758482,33.94830021629803,24.22865618086634
7,457,0.08,4.714548605717435,36.05259515955653,24.41306218047404
7,458,0.08,4.510839664657759,34.73689899882092,25.88011631830735
7,459,0.08,4.137523114236996,35.830212897626495,23.604760267022183
7,460,0.08,3.8109627393247423,33.48382403218828,25.061070255495846
7,461,0.08,3.887000078319194,31.412296330219963,23.589398114671354
7,462,0.08,4.263542540206661,31.97911489042607,26.482549740672862
7,463,0.08,4.469623018361498,31.476573826988584,25.730401475938248
7,464,0.08,4.74231553776239,30.881672512891942,25.3601040121439
7,465,0.08,4.926226326355391,31.735357294128164,27.004114027332566
7,466,0.08,4.821067505323458,32.28685734121365,26.625992886083626
7,467,0.08,4.337555518172442,32.82986841349621,25.529746133681417
7,468,0.08,4.299693838973754,31.457235905210233,26.124898223224605
7,469,0.08,4.215955089244659,31.019627862192728,25.91948862109685
7,470,0.08,4.215642271297494,30.603884709703657,26.127646170751643
7,471,0.08,4.374116346330654,31.358725433227665,25.58334203350478
7,472,0.08,4.545252868863237,29.914863873971623,26.006641471031582
7,473,0.08,5.094006564831327,32.230753898800344,25.73482826094456
7,474,0.08,5.250872426635518,33.82112262523156,25.164467750425125
7,475,0.08,5.266534806778487,32.59706735055891,26.290277750651097
7,476,0.08,5.015073520401496,30.686734548347772,26.704101006844603
7,477,0.08,4.658679825507974,29.441621518524048,26.292445006060852
7,478,0.08,3.8833431658917714,31.421689671371492,28.09419754721798
7,479,0.08,3.4627832761950983,32.660593560761114,27.336952376703564
7,480,0.08,3.3018660622175515,33.16738786512227,26.743357359013483
7,481,0.08,3.2094638721998505,32.32467866859931,28.576731573734524
7,482,0.08,3.2582445373299596,34.63674920609888,27.961893399598793
7,483,0.08,3.0126342416083802,35.24219024735337,27.232089241240303
7,484,0.08,2.6651330903414316,34.336520966253765,28.27861157389188
7,485,0.08,2.7670867284026857,36.130233441481764,27.791237254436663
7,486,0.08,3.0970207153046343,36.463972786604344,26.127491352223746
7,487,0.08,3.2242997158342073,34.539748476558,26.194687588412513
7,488,0.08,3.279804754798748,33.691643155953656,28.431015646644457
7,489,0.08,3.4462317128552216,35.712103552817695,28.99520334028728
7,490,0.08,3.3211371300702313,34.92868855967148,28.43997957754886
7,491,0.08,3.1742237162003977,34.569186779131186,28.07367593106592
7,492,0.08,3.351055604952817,35.793838419619604,27.615989788316632
7,493,0.08,3.2839111025155985,33.61130686625095,28.026152982627494
7,494,0.08,3.204707696197244,33.424005211469954,28.958367559668474
7,495,0.08,2.8430610127211136,36.58751809337191,26.890672057795328
7,496,0.08,2.630184008370577,35.21810625815218,29.28873097413139
7,497,0.08,2.8198702213555578,37.06218116241018,28.19457500909467
7,498,0.08,2.8266735138242565,33.82575742504935,28.992421745999025
7,499,0.08,3.1495678341041895,31.390615453102296,26.34948493823726
7,500,0.08,3.4846406349017727,31.282984812741464,25.874717342001368
7,501,0.08,4.045956861059823,30.67492607233478,26.49006874967217
7,502,0.08,4.668571885723891,28.90097689002108,28.149726612939425
7,503,0.08,4.7122924108659685,33.14990040102818,27.544016174798013
7,504,0.08,5.173854904468954,32.772323975430375,27.263585602064797
7,505,0.08,5.310022050390302,30.08308391476662,26.851156254722248
7,506,0.08,5.38275935437612,30.41806665732903,27.038482503142685
7,507,0.08,5.234075447421686,30.87355559191492,25.542196624930444
7,508,0.08,5.103195299003541,32.00422752920482,27.610259050826613
7,509,0.08,5.319748908739528,32.28910203789237,26.344587299796387
7,510,0.08,5.071795825247328,31.37930111015076,25.893837309730106
7,511,0.08,4.871736502581802,31.693187130838865,26.400847033979172
7,512,0.08,4.766862187318812,33.40096935720062,28.739939435933636
7,513,0.08,4.589220170375354,33.72601000525208,28.208951674004734
7,514,0.08,4.550673483642619,33.03300785643781,26.696743849171447
7,515,0.08,4.21261598684638,33.181450184542264,25.335669957442455
7,516,0.08,3.627808814771776,32.02156765417448,23.73624668727351
7,517,0.08,3.55937349916047,31.49881395059014,25.489332439986413
7,518,0.08,3.827708388436836,30.46638714856189,26.74434464558984
7,519,0.08,3.998017957879451,32.77627298470541,23.633038733957207
7,520,0.08,4.127476014550079,33.01169342151033,24.24311367817692
7,521,0.08,4.370053860595388,33.572661963883405,24.755952142251264
7,522,0.08,4.144400402226224,31.701679504595315,26.892742175927555
7,523,0.08,4.014534563860442,32.52215379472819,26.513986649058932
7,524,0.08,4.112261503973726,33.57547994614335,27.188544230350605
7,525,0.08,4.368943595026442,31.103763431081838,25.739145827541623
7,526,0.08,4.496049027578408,31.50817375924986,25.824878445178232
7,527,0.08,4.582927358194698,35.35761959874987,27.793729983400663
7,528,0.08,4.588408167105781,32.51605344508759,26.392252985009677
7,529,0.08,3.928367774349306,33.305729593992865,26.191207416817633
7,530,0.08,3.0887346118160264,30.723175422219988,26.087418389085236
7,531,0.08,2.714322007972269,30.7418902867761,25.85950855900622
7,532,0.08,2.5232474376080134,32.85448919058404,26.336841212299035
7,533,0.08,2.3782016601812224,33.22768008129632,23.879899802480555
7,534,0.08,2.3050658089072718,31.996352123431308,23.007548857159897
7,535,0.08,2.7152477937594464,33.078121792782326,25.073045473345974
7,536,0.08,2.75299001773044,33.97469251552311,25.964280422740778
7,537,0.08,2.5531648961221425,33.95853342973977,24.604837844612007
7,538,0.08,2.466632550083117,32.72582780364904,24.656912878321037
7,539,0.08,2.5284337558239622,31.80424283657363,26.84336487468005
7,540,0.08,2.77022195204519,31.73740592160784,24.234406072095577
7,541,0.08,2.553341253658136,31.7065104109336,25.321980635276272
7,542,0.08,2.5642832074444115,29.32238189118019,26.199874244661288
7,543,0.08,2.6249681427760527,30.728100574641264,26.071826771473322
7,544,0.08,2.3993035908931737,33.97300348811507,24.993508261850632
7,545,0.08,1.9957995227894638,30.403203648284435,25.555768378689145
7,546,0.08,2.2612624140952686,30.832431165167144,24.571890638060257
7,547,0.08,2.60219319663502,28.989996583922867,22.96591126194589
7,548,0.08,2.8507816305145166,27.651324701613625,24.76050593605675
7,549,0.08,3.3784635775071354,27.25891157098335,24.96827148782681
7,550,0.08,4.09680565602818,27.803034108434893,24.636375354509564
7,551,0.08,4.631167353963572,29.248191422006617,25.363305996965124
7,552,0.08,4.923450728439197,27.498063415977906,26.230446150916286
7,553,0.08,4.901770762373188,31.694086827466187,24.415756716738148
7,554,0.08,4.4891681335658635,32.7565721347421,24.976884065640014
7,555,0.08,4.599445332094761,32.832321672638834,24.4701820591581
7,556,0.08,4.698917315041076,33.99150128616191,25.840960299617084
7,557,0.08,4.930828998766366,33.0857466862571,26.853177219321662
7,558,0.08,5.068820241066842,35.09116598033841,28.184113261389243
7,559,0.08,4.924847948747332,34.61908119666887,26.970481064155056
7,560,0.08,4.904607134008469,35.86145787034703,27.41295634293492
7,561,0.08,5.097637313681737,34.02118409050377,28.47935480187239
7,562,0.08,4.74967799461306,33.31012131793248,28.86333902269658
7,563,0.08,4.617548003192024,33.33292428880203,29.707586900459596
7,564,0.08,4.290245570207713,31.505634182815076,27.627374107961522
7,565,0.08,3.9277367339151303,33.778624570679646,28.67197175364902
7,566,0.08,3.7786506726192903,33.57883238545144,25.4859630687069
7,567,0.08,3.6303169151571706,34.082367678789225,24.74097969335329
7,568,0.08,3.391819028003342,32.90604663683209,25.62196441866259
7,569,0.08,3.606178543298706,35.462211901598415,26.588676713321867
7,570,0.08,3.8498274940067625,36.91175467903537,27.874049186440267
7,571,0.08,3.5093329113097695,34.46848695502794,27.446215038435867
7,572,0.08,2.631560485797161,33.776637905515734,29.246425198733654
7,573,0.08,2.1578083939527994,34.24334776710062,28.055659615141582
7,574,0.08,2.077680477574172,35.21464114352829,28.89911561740638
7,575,0.08,2.613178743880377,34.59648533247829,27.78344239456989
7,576,0.08,3.088924237160022,34.801193050226466,28.095881757606968
7,577,0.08,3.637310027491733,32.48512384608725,26.583299573573814
7,578,0.08,3.560144041443139,31.445447120650076,27.308836940511107
7,579,0.08,3.8041292453161324,32.407682685559344,25.494082439306524
7,580,0.08,4.138726847372425,36.82071300008503,25.389458528009012
7,581,0.08,4.594706714550561,37.40620153516527,25.868248317923303
7,582,0.08,5.230339193800854,36.50177246025591,25.852258087444277
7,583,0.08,5.914506199575331,36.224723159068155,24.364103205720394
7,584,0.08,6.309481209758467,36.43252136204689,25.225569118264723
7,585,0.08,6.390132329315922,34.93498181657091,25.75876948626681
7,586,0.08,6.352280999076079,31.159509131217593,26.77617962556898
7,587,0.08,6.008908801072017,33.69939667502638,26.443357507692205
7,588,0.08,5.096692801408461,31.71086586175236,27.509973244739598
7,589,0.08,4.401460221100567,28.885856840102882,29.25905193279401
7,590,0.08,3.6659632922974863,30.605121821784884,27.78674535393
7,591,0.08,3.285160956853347,32.25744872420787,28.3787822197313
7,592,0.08,2.6840037572485596,32.901849700523016,28.301088599224517
7,593,0.08,2.333214933787793,33.696133950543505,28.222279374445762
7,594,0.08,1.9918124938472448,33.4800864039254,28.36983499851958
7,595,0.08,1.4670248911170383,32.79956622249472,27.72590707924672
7,596,0.08,1.6621092982218943,32.538946182175096,27.273489845209163
7,597,0.08,2.1620963424628945,32.129632070534484,25.505157974531908
7,598,0.08,2.8933974845157193,31.60603102515355,25.200242056577007
7,599,0.08,3.2298099755243026,28.695065874080676,25.434677745704043
7,600,0.08,3.4960726251402523,28.8463185769022,25.131078188654556
7,601,0.08,3.5093641331020162,28.8100554678148,27.010637223542066
7,602,0.08,4.117610112588258,31.424869790825994,27.537412168017458
7,603,0.08,4.66743589256621,31.321995280187807,28.236684682388617
7,604,0.08,4.822291851420834,33.76693550857344,27.78503103136143
7,605,0.08,4.9518957041870095,32.24463528879351,27.12133968350097
7,606,0.08,5.209368668370295,33.874476676818205,27.2585110136515
7,607,0.08,5.549183775496756,34.99943062297772,28.48333201546235
7,608,0.08,6.2928611712634215,34.87341215370924,27.014864339733876
7,609,0.08,6.459899562016805,38.74440192088464,25.319093218628694
7,610,0.08,6.414743137736302,36.23034809952257,27.451708557852275
7,611,0.08,6.427057747872357,35.2861782931672,27.728753919266524
7,612,0.08,6.481409714346018,33.593788429880995,26.00546998981027
7,613,0.08,6.3373861408957985,33.21291767393803,27.694611267156752
7,614,0.08,5.31857204049248,32.46293071854353,28.514082481645143
7,615,0.08,4.3585117773360595,35.371389583153515,27.98507258907716
7,616,0.08,3.6997644685536026,34.97495576799907,28.44316685893291
7,617,0.08,3.14668442525711,34.06909136136086,26.1002202558443
7,618,0.08,2.9161327856937755,33.47780213990701,27.130925999054273
7,619,0.08,2.929661060182681,33.46656467533571,27.73783407067159
7,620,0.08,3.2602433988915065,34.90261648032024,27.2543914383666
7,621,0.08,3.609383784909534,34.51775624849686,28.107058892236818
7,622,0.08,4.416399679711174,35.25070303741033,27.54762646456315
7,623,0.08,4.927681943171921,34.396705255105395,26.173666215371245
7,624,0.08,4.872930056312751,35.62554295939838,25.965762330100933
7,625,0.08,4.74707526249349,37.320359050030234,26.703866075522757
7,626,0.08,4.523922970269,35.3429457847992,26.612961721289196
7,627,0.08,4.433548125913605,36.07427564534119,25.535657847452633
7,628,0.08,4.787584918754136,34.10573680828636,26.015641023993968
7,629,0.08,5.094285218812798,36.61590890259695,26.630196945324087
7,630,0.08,5.320925775413815,37.57009683965844,26.565530409131547
7,631,0.08,5.436913841743456,35.77011306916439,26.095000101215554
7,632,0.08,5.247882208012708,34.40984114150816,27.31576545038171
7,633,0.08,5.185226523487679,33.17927625779605,28.625688320837412
7,634,0.08,4.892587560178493,34.09175788655044,27.173660959652643
7,635,0.08,4.802020247088627,34.79231435690024,27.615196388043515
7,636,0.08,4.810362292708852,32.35957201816728,28.33935540697096
7,637,0.08,4.746690499691166,29.535066229173246,28.102174914544015
7,638,0.08,4.458117160911447,28.43679756709138,28.37943199826925
7,639,0.08,4.252245576010997,28.82882054485468,28.582358149179555
7,640,0.08,3.666502296284041,30.13223847772801,26.884843686311545
7,641,0.08,3.4824627036662124,31.916914725442577,25.023345805550182
7,642,0.08,2.88784434034089,32.84983138489413,27.277875198473783
7,643,0.08,2.6761789519802286,33.78509155056732,27.710785464131114
7,644,0.08,2.6757112436565276,35.224243151395285,27.5835031689983
7,645,0.08,2.9484419627978204,34.500289643398645,27.69216698776453
7,646,0.08,3.2449744121058406,34.29959414752625,27.88431907761492
7,647,0.08,3.2927230730142223,35.42089944017063,26.649902886316532
7,648,0.08,3.0978834833536864,33.78972804147949,26.828690454429992
7,649,0.08,2.9100364715112104,34.17841347043542,28.023739641102658
7,650,0.08,3.098159187188786,34.56941693895452,26.921913381467803
7,651,0.08,3.3648955113457726,33.3835850821973,25.93977746347084
7,652,0.08,3.7747577364373925,32.03486958538696,27.05796767449018
7,653,0.08,3.8794639366225474,34.271144584268,24.457882315411947
7,654,0.08,3.8477146222040854,33.830817910986916,27.514495420645737
7,655,0.08,3.7260838823139664,31.393833248523816,26.902729747242397
7,656,0.08,3.456750030590347,32.56978794355284,23.290239690842277
7,657,0.08,3.446034021211238,33.764074435872566,23.25914274713122
7,658,0.08,3.7681656777296286,34.68116299878085,21.974312532160674
7,659,0.08,4.045317783592045,33.66790660194397,22.171423911415385
7,660,0.08,4.18703479612593,34.850688771986434,24.230635344777216
7,661,0.08,4.269307947031319,35.72074384801481,25.16040329475397
7,662,0.08,4.414381405211015,35.216867994146654,25.425392886222053
7,663,0.08,4.357113889989099,34.98127479586616,25.707686369095647
7,664,0.08,4.129573628929692,34.92170242741789,26.139960773091865
7,665,0.08,3.9611803112750477,34.45536271673099,28.29848685350674
7,666,0.08,3.70853926160047,32.63731669626132,27.31247943285335
7,667,0.08,3.507185725397477,31.59756872841319,26.460675081595028
7,668,0.08,3.40838867422804,31.8590846258584,26.81746226435994
7,669,0.08,3.5926378289595156,33.909126088962346,27.541299808592466
7,670,0.08,4.173865468097928,33.54253067714077,27.30096160867108
7,671,0.08,4.950320319581746,32.78189439235944,26.91555009895167
7,672,0.08,5.160023232523695,33.06710478760002,27.735944838499247
7,673,0.08,5.1294959122981885,32.9762058905776,27.079611136462862
7,674,0.08,4.766534335612489,30.95471928431895,27.153573475806954
7,675,0.08,4.503308822361389,32.35540180361083,23.944374870604516
7,676,0.08,4.0264768407909495,31.21571004210267,27.3238308798978
7,677,0.08,3.4808415378254463,32.43279463837384,27.368352335732432
7,678,0.08,3.4249385163548727,31.323836531199472,26.44006834426541
7,679,0.08,3.27467844584948,31.483272967152583,26.629790558444956
7,680,0.08,3.330343168776991,31.36873987847877,27.47645599352256
7,681,0.08,3.6266660602533336,30.601349489616656,28.988615745548696
7,682,0.08,3.735032795937086,30.521535929062676,26.202358750030054
7,683,0.08,3.9215105065031635,32.189821006930806,25.699231237815972
7,684,0.08,4.303321498576572,32.49655246891275,26.583409575963625
7,685,0.08,4.5126326646295585,34.32010563676934,24.227538448986152
7,686,0.08,4.644342658665349,33.388154168402515,24.993979461086113
7,687,0.08,4.7079181885603685,31.88053732206362,25.889919739141074
7,688,0.08,4.628355085770105,31.400969492877095,26.842632632625982
7,689,0.08,4.685979779425666,31.530525603585584,25.88293370912734
7,690,0.08,4.852785075352846,32.468443774178525,26.930573696120096
7,691,0.08,5.144876598061371,33.63989894783782,27.35499968742834
7,692,0.08,5.419020968467464,32.83513237184395,28.72325106263009
7,693,0.08,5.680259038281374,34.04607894854912,29.786615157486025
7,694,0.08,5.242960195084934,34.48247046062462,28.1817031490061
7,695,0.08,4.435150938200645,32.68935784398468,28.4973812653792
7,696,0.08,3.6946841124926317,34.47680229312647,28.635644591630488
7,697,0.08,3.5859878897975297,33.328949695493144,27.93786491781319
7,698,0.08,3.7702139961459595,33.29318030815116,27.941540707638502
7,699,0.08,3.505233937084685,33.27284205976755,27.13858504111799
7,700,0.08,3.290399924297661,33.99063891096461,28.576996591121485
7,701,0.08,3.501336861733653,32.52934746960057,26.975340605917438
7,702,0.08,3.5264255950884067,31.55067757397699,26.613888506265877
7,703,0.08,3.512542155469207,32.74695490276815,26.329879541268614
7,704,0.08,3.665409418497708,32.84895032072578,28.13120712093862
7,705,0.08,3.4203172711522507,31.098477959491785,27.74461652711716
7,706,0.08,3.493861098983135,32.41742734884358,25.868660945652948
7,707,0.08,3.9644722285074523,32.68022674852681,27.691161370010718
7,708,0.08,4.60162965237633,33.681464583756096,28.795480285308802
7,709,0.08,4.897768762677725,36.01203989449527,28.93108632922601
7,710,0.08,5.082207778530615,34.53405972550862,28.073566692461863
7,711,0.08,4.716043633521306,34.11479823228707,28.91892604367398
7,712,0.08,3.9342311998977966,31.439536730765937,28.948790966060713
7,713,0.08,3.378822014736878,31.775468241734085,26.760763696867397
7,714,0.08,3.216815897220945,32.121768059972226,25.929924554623547
7,715,0.08,3.1780683845419495,30.689789270702892,27.79074464204381
7,716,0.08,2.955726638608847,33.78917214728841,26.46919448458157
7,717,0.08,3.0465515970741355,32.7942209611157,27.098065512488088
7,718,0.08,2.688780452813639,32.13706770544033,27.011345056400813
7,719,0.08,2.9588512007591286,32.68329809087074,27.00550855469594
7,720,0.08,2.705018392150079,30.567639630593415,26.641997510157626
7,721,0.08,2.6128973064252676,32.20807966777471,28.487937635118065
7,722,0.08,2.818526040877493,31.266483305618145,27.34031583382248
7,723,0.08,3.5733806054421318,31.425180599960214,26.13799373147328
7,724,0.08,3.7854414208706495,32.40347504408461,26.85509191598896
7,725,0.08,3.853041154349765,33.781953781317135,28.217031168522496
7,726,0.08,3.9288961866870427,33.08263249509601,27.992635141870274
7,727,0.08,3.6894851099777046,35.79576463697942,28.587022785894973
7,728,0.08,4.14085205242221,38.035393814385486,27.771156321553477
7,729,0.08,3.683861538106699,37.159108812570565,28.411787562223235
7,730,0.08,3.837436501635836,36.14919705210033,27.289092942357847
7,731,0.08,3.594416494265984,34.18067453032519,25.20994217493641
7,732,0.08,3.6755293814888184,33.986105101124274,26.13888879095622
7,733,0.08,3.5029959949855547,32.973815233470624,24.97503924322473
7,734,0.08,2.8223140609070736,32.05889772021383,26.1616048430098
7,735,0.08,2.3617457308504113,31.83874268705453,26.103996387792584
7,736,0.08,2.2607938105699406,32.971129206931586,27.001826754739046
7,737,0.08,2.393126585476703,33.34994890659987,25.427968784831677
7,738,0.08,2.589344114844436,33.82962063825022,27.572410369185633
7,739,0.08,2.7538913494636788,34.51118059058466,23.908992682588195
7,740,0.08,3.1612986750577132,35.22105536331128,23.928183234646966
7,741,0.08,3.8194994139028666,35.55037763798354,24.417880061714897
7,742,0.08,4.195025828062913,32.841223514553675,26.176552650908636
7,743,0.08,4.662342998320785,36.164477597181765,26.780084518248845
7,744,0.08,5.084257322878996,34.33669981712092,26.818799187366263
7,745,0.08,5.734913732322708,33.96206397746958,25.87280623451171
7,746,0.08,5.717634111752977,32.031058405169865,26.79686178949349
7,747,0.08,5.2523172741376385,33.55257556808393,27.945259171393758
7,748,0.08,4.835628625981367,31.80830282013287,27.687278150236825
7,749,0.08,4.690488156757773,33.86406861815201,26.00544176793917
7,750,0.08,4.424332230704152,33.79260273982411,26.103646294567458
7,751,0.08,4.132012863664887,33.9461715133412,27.25739700157713
7,752,0.08,4.090954761653359,34.970702568904294,29.40065409459623
7,753,0.08,4.307960918793423,36.361122675176325,29.428100296298673
7,754,0.08,4.175118820234593,36.38840034064965,27.875237157620358
7,755,0.08,4.745932097363262,35.47636954201562,27.184647516146384
7,756,0.08,5.1569220658381365,37.06701508729192,27.16809156573903
7,757,0.08,4.981087143374049,34.90950236490448,27.923119861825217
7,758,0.08,5.18170676405684,34.908783823660016,28.196067767482262
7,759,0.08,4.955769762867848,32.78098541598158,29.461326387270983
7,760,0.08,5.086159008009988,31.718268636087057,26.490080020027726
7,761,0.08,4.66262682197673,31.953249943002508,27.174253852483364
7,762,0.08,4.226693111950818,32.546624698922244,26.801192634531784
7,763,0.08,4.331593548928178,31.06230499233192,27.0072157118186
7,764,0.08,4.541581646990246,31.011973028439417,26.708942509550916
7,765,0.08,4.394901470707974,30.393974908990256,26.529327595544054
7,766,0.08,4.482181673520941,32.15440784358415,24.91190353052603
7,767,0.08,4.417796380816718,31.13657930901957,25.925242767694098
7,768,0.08,4.230459429302333,31.511270183689025,25.864444725400745
7,769,0.08,3.96789187384019,30.58201510081085,24.550156783310427
7,770,0.08,3.78819884556145,32.79775402359737,26.077794525555515
7,771,0.08,3.810645033674246,34.43231500880017,27.48347824783457
7,772,0.08,4.0728403152131465,33.057842130623136,27.686269237505094
7,773,0.08,4.052016314502273,33.107776884019394,26.32516041835658
7,774,0.08,3.7996615329613945,30.48844148828068,27.09910891542495
7,775,0.08,3.7683122252029513,28.944074565067964,25.856643973700212
7,776,0.08,3.7970785609031528,29.902233523639293,24.394065410770843
7,777,0.08,3.3579388636020653,29.111143431601295,26.287688671909546
7,778,0.08,3.254091786216664,30.438717247928714,26.835120300547555
7,779,0.08,3.2870025702722097,30.32435495274419,27.584932447999687
7,780,0.08,3.577523623988325,31.50897435201858,25.328688655290183
7,781,0.08,4.153205531214842,31.855844385199187,25.910672637201014
7,782,0.08,4.656509554063329,31.813493025759186,23.075944408276214
7,783,0.08,4.8310984592428134,31.690880189235877,23.824105173534583
7,784,0.08,4.429825709525612,30.455185206915612,26.37515240544434
7,785,0.08,4.313977453092041,33.32676771354335,26.622111545439502
7,786,0.08,4.564752478912539,34.076964696906366,24.778340503148815
7,787,0.08,4.570756780586729,32.20765974484669,25.960425017017123
7,788,0.08,4.671638983762523,33.14287115175202,25.443304992700675
7,789,0.08,4.8675166835549435,31.60194399881553,24.681671199259572
7,790,0.08,4.764361024135708,29.847128034474313,24.742710784209198
7,791,0.08,4.526938571418923,29.384365221610786,25.812721438250417
7,792,0.08,4.092281366621569,31.00741800033026,24.692118034992106
7,793,0.08,3.7183545680485794,30.502247082100567,25.564031807240855
7,794,0.08,4.101639909483196,27.943912162184592,25.64696860417237
7,795,0.08,4.429813289877547,28.876318447277967,24.53586013493816
7,796,0.08,4.556709196501693,29.975740279087066,26.77055565839226
7,797,0.08,4.948114354231529,30.121008107198634,27.140358488794455
7,798,0.08,4.673985389831366,32.24734084487509,27.257972110107538
7,799,0.08,4.288650851930135,28.695868367853596,25.179601717953435
7,800,0.08,4.552412023270084,30.275366856426253,25.99622871078778
7,801,0.08,5.391825161371984,31.871982215228915,27.1757536180262
7,802,0.08,5.720734371771786,33.4038262271241,26.13581487504533
7,803,0.08,5.850195495386243,36.61562991269325,26.38296922472736
7,804,0.08,5.232294890585911,32.56469128178838,26.150412775496097
7,805,0.08,4.539856212353779,32.87913742300191,27.151856252686816
7,806,0.08,3.917672846450465,33.48145241647975,26.587359925974162
7,807,0.08,3.7801572301952624,34.597758305130455,26.797559040752486
7,808,0.08,3.444157500788427,34.42146649617184,26.709953993353203
7,809,0.08,3.0847381096835296,34.14711225385138,25.897827839816863
7,810,0.08,3.036500327926785,34.716897678461876,26.054448612595927
7,811,0.08,3.609444744374658,33.65176420828082,27.574218692408145
7,812,0.08,3.897534299510224,33.03436252350776,27.716319061730054
7,813,0.08,4.397175033823149,32.84789335250706,26.1435894477182
7,814,0.08,4.444775557900533,31.047457880678063,27.949828622906654
7,815,0.08,3.6075726310497136,30.27230597590699,26.041648583484715
7,816,0.08,3.4936189488407168,30.455302851259326,26.039684506302148
7,817,0.08,3.4403165729666036,30.699896873646683,27.473435263749874
7,818,0.08,3.7049871081253403,29.548128855259744,26.12746052468729
7,819,0.08,3.9311211533645425,30.18435120114553,25.243203125141648
7,820,0.08,4.443085926147531,29.781651066268868,22.221117925740387
7,821,0.08,4.72448642862621,34.409297659151264,24.325445374289185
7,822,0.08,4.734576471158994,33.295351896336626,25.949783880474893
7,823,0.08,4.985084232433432,34.09021944768871,26.56183381643501
7,824,0.08,4.747991870284881,31.047391641740653,28.083868552538313
7,825,0.08,4.7454867191485866,32.55180341674343,27.182145295652937
7,826,0.08,4.729977876003256,33.48149362027816,25.069665266774297
7,827,0.08,4.480810897494928,32.928054348565624,25.470852618171627
7,828,0.08,4.540552033903914,32.199865246012195,24.99408926834318
7,829,0.08,4.658743708075599,32.919802180045764,25.882776606052882
7,830,0.08,4.456008261534697,30.911437336833004,27.897491215004543
7,831,0.08,4.134411802520268,31.439661811408996,27.518244456613665
7,832,0.08,4.117202434771224,29.989422369318415,27.84855031344207
7,833,0.08,4.086969093374389,31.01355012889112,26.802787979487785
7,834,0.08,4.075687440052128,28.9420010263345,26.752023903707606
7,835,0.08,4.258236784100184,30.575096714558047,25.55644932008543
7,836,0.08,4.2396890473462525,30.92736500089418,26.719166380552664
7,837,0.08,4.241603491276808,28.463930975557616,25.085179036973987
7,838,0.08,3.865338397703232,26.80766032632467,24.35634183114086
7,839,0.08,3.27943954067542,27.071408341195273,27.151886418652605
7,840,0.08,2.891456036913276,26.748096187219286,27.43842936045715
7,841,0.08,2.674120383715656,29.123616687661766,26.098236771523883
7,842,0.08,2.4996494112743495,31.107672872810298,23.2574655890348
7,843,0.08,2.6122096736895797,28.244001305659545,24.602724991316702
7,844,0.08,2.9574407845701076,26.21092856790416,25.122283227581416
7,845,0.08,3.596685236362929,29.925925567398608,22.605567290934154
7,846,0.08,4.248595497708062,29.03163167439775,25.339103881274923
7,847,0.08,4.277116339111091,30.460097019782985,26.846201038563976
7,848,0.08,4.328930908791123,29.11226128419166,23.33186686342479
7,849,0.08,4.293091937100292,31.535295423494947,23.562471267430706
7,850,0.08,4.335429168000383,30.794137559197218,22.926731962292358
7,851,0.08,4.025576512264019,35.226881851645565,24.776855694909784
7,852,0.08,3.8868698366270213,33.571495121746835,24.405213791429908
7,853,0.08,3.7720765765740283,31.850861803025836,24.538976571130625
7,854,0.08,3.9470013593761535,33.58290968302478,26.48322151907762
7,855,0.08,4.326230587133179,32.28037291956265,26.43389942176997
7,856,0.08,4.979363192064031,32.530022714068394,26.853588452194035
7,857,0.08,5.4524756758809705,32.706864647555086,28.52137468872923
7,858,0.08,5.872367560167326,31.733934990937257,28.159852846605155
7,859,0.08,5.886438976190129,30.38336435448479,26.001893130528902
7,860,0.08,5.898338977758687,30.93482996996101,28.072628835601584
7,861,0.08,5.321062980534716,32.27311691905805,27.247301260969
7,862,0.08,4.750391928087537,33.122779155655124,27.698172652332644
7,863,0.08,4.0323639744349755,32.58884358824407,26.763765882156324
7,864,0.08,3.5590761371428905,31.920332161795272,27.92058463463294
7,865,0.08,3.4740331857890854,35.45205551567299,26.27538067808281
7,866,0.08,3.5857795249815583,34.37351405426979,27.597009122696473
7,867,0.08,3.3281843169460688,34.66646129871133,26.880125333185426
7,868,0.08,3.362517845835673,35.83611784736158,27.707206740539753
7,869,0.08,3.2307765042623333,35.344982863833756,28.286635066842813
7,870,0.08,3.266074509749169,34.045214224543756,28.715942075523948
7,871,0.08,3.316984618390467,32.80314279018683,27.145641115984166
7,872,0.08,3.898665854934535,33.40825039141363,28.432880327157637
7,873,0.08,4.29534647715857,32.4812973707662,29.02874776011293
7,874,0.08,4.410571787744609,30.38023087951466,27.81691438826126
7,875,0.08,4.674343054234917,32.2214239549677,27.397642205057288
7,876,0.08,4.995938539398397,32.99636367745853,27.933909094084196
7,877,0.08,5.310263733422726,32.168340366703454,26.963317968680883
7,878,0.08,5.510553463045685,31.387425959948125,25.092147414950922
7,879,0.08,5.545348320007609,29.10696090900997,25.14955691133411
7,880,0.08,5.691416325706287,30.586831155555608,23.3924905320505
7,881,0.08,5.566272633505594,30.40152262331257,23.842558396165987
7,882,0.08,5.528972313088869,32.05269926594133,27.789924515566263
7,883,0.08,5.4885174434111015,31.95759270376169,28.29626925521055
7,884,0.08,5.465736393777897,30.05408489806993,27.735610903934344
7,885,0.08,5.272894335397213,30.685140087698688,26.025570150621462
7,886,0.08,4.99826902016501,33.475156464341616,27.694285994429144
7,887,0.08,4.462423329191976,32.12860308976121,27.894444967945127
7,888,0.08,3.6959194761752077,31.94620802796324,28.922297387768303
7,889,0.08,3.1592781364382865,33.48030920030912,27.44947616345751
7,890,0.08,2.918489164309988,32.19140625747269,28.18589450533215
7,891,0.08,3.01438247521205,33.6595224934354,27.282913974043634
7,892,0.08,3.208253319417089,34.60395774747303,26.709402294010687
7,893,0.08,3.3879428669172786,36.71315585464959,27.235887485544954
7,894,0.08,3.6738268914045578,34.81701992045279,26.20363515340747
7,895,0.08,4.348411981941799,33.43335352995074,24.00504132610798
7,896,0.08,4.680103730489633,34.92749540247476,25.397979428804664
7,897,0.08,4.831821458976398,33.014685807999825,25.145196769739957
7,898,0.08,4.845763165757346,34.09663771553845,22.671426358994196
7,899,0.08,4.915975085627664,34.1584742002316,26.067033326394693
7,900,0.08,5.00375790645879,34.53365172532139,27.721158500877937
7,901,0.08,5.253696990880201,33.2237098795107,27.162600511588185
7,902,0.08,5.495506796815734,32.030641792706305,28.494731905391095
7,903,0.08,5.611270706520005,32.151688230059534,27.96495459928843
7,904,0.08,5.396014823272015,31.787381425841655,27.510409490136432
7,905,0.08,4.794754677424023,31.442260417264166,28.841578960492186
7,906,0.08,4.2454450976277,32.660749855423106,26.332237701871477
7,907,0.08,3.948785708578071,34.27849435496092,23.65077154841655
7,908,0.08,3.5432251500507728,34.58891823664926,26.987702509980394
7,909,0.08,3.0036199377228474,34.181359323861955,27.084546938570305
7,910,0.08,2.668668477840515,34.064739882232985,26.699493892683165
7,911,0.08,2.391289239639616,33.56943634463248,26.65847450637515
7,912,0.08,2.4024814697013555,31.648260155970995,26.849821648561893
7,913,0.08,2.0541698340505614,31.325524557478115,27.869783228198237
7,914,0.08,2.3376209585888224,30.547988705290805,27.389987232513054
7,915,0.08,2.492715660124832,32.57435125774509,24.091082412346772
7,916,0.08,2.821613710116228,34.00646348318611,26.90379807748609
7,917,0.08,3.4923028518936365,32.047447011947824,25.812155711413347
7,918,0.08,3.643023511588287,30.965843767711924,27.782954353318523
7,919,0.08,3.815086327112144,33.13163484407564,28.1477330956083
7,920,0.08,3.8798347792447023,33.08372134145831,28.36386884559634
7,921,0.08,3.9495848026016103,33.32149721736894,27.934492514835526
7,922,0.08,4.130090029401814,32.22901093563374,27.255250563710298
7,923,0.08,4.211204986988396,33.64954000488898,25.913808003268308
7,924,0.08,4.40902988394218,33.89122895159521,27.018286559497042
7,925,0.08,4.285322207256734,31.1929081630864,26.216534863538797
7,926,0.08,3.9749968252783825,33.72013400459544,26.893796835491294
7,927,0.08,4.4040529189264985,30.83524069366169,26.853671921712447
7,928,0.08,4.557277936859685,32.873715912718886,25.66363055518551
7,929,0.08,4.9214848150283075,33.000151843194395,25.290334824284294
7,930,0.08,4.96405305509392,32.53445183138487,26.049828398583227
7,931,0.08,4.791562644353815,32.149640470380376,28.42542468602784
7,932,0.08,4.823034567614079,29.892540234652113,26.99871192156749
7,933,0.08,5.054771447505296,30.827553170042016,26.879681108941035
7,934,0.08,4.647175770254029,29.828653691891716,28.64874144109825
7,935,0.08,4.59763489424027,29.788113173565954,27.66371116488106
7,936,0.08,4.340802406853984,29.582583530709293,27.60960193182183
7,937,0.08,3.9228250568560568,30.419322228833714,28.083052664807177
7,938,0.08,3.6874087373405224,30.867326048046326,26.751548498575215
7,939,0.08,3.7820393214914083,31.12258211605735,26.278300820927317
7,940,0.08,3.9288515562632496,34.758021514405094,24.978623495769824
7,941,0.08,4.086978734089533,33.09247002017204,25.12696161797538
7,942,0.08,4.114055692317819,30.560701902257414,27.408763506294036
7,943,0.08,4.115146917419862,33.417608217565615,26.845369353145642
7,944,0.08,4.278742863294219,30.98941474015805,24.635213486824522
7,945,0.08,4.569135015871606,30.7364304664739,26.66012355709132
7,946,0.08,4.533574224992499,32.58153459719995,28.148272005792602
7,947,0.08,4.6937456097357995,33.19382931459351,27.759586742517765
7,948,0.08,4.852626796578879,32.3972428992399,27.983775700795093
7,949,0.08,5.020956185233845,33.080893221400835,26.401051511834012
7,950,0.08,5.2346400920836205,33.50477970531131,26.362156641081903
7,951,0.08,5.02426255468066,32.49955243888463,27.638103781338984
7,952,0.08,5.092860618304062,31.089094367567643,27.748418629802437
7,953,0.08,4.817814899483452,29.983223409748433,27.59468312234962
7,954,0.08,4.494096601151847,28.620060981104,27.383196008007868
7,955,0.08,4.056052091642239,30.26117340692079,23.63742386943973
7,956,0.08,3.7393757560322043,30.612670241392905,25.856244868688552
7,957,0.08,3.8541363756245257,30.190202733753573,23.94870534739085
7,958,0.08,4.205363793260059,29.124739508747073,24.09341862632356
7,959,0.08,4.310916687162474,28.73343579131853,25.45331988102353
7,960,0.08,4.535539439336174,28.353353440597616,25.018893100442924
7,961,0.08,4.249779891619797,27.547912175581928,23.932402682446295
7,962,0.08,3.8597598688557433,30.473453162880837,25.05084667895214
7,963,0.08,3.738499321777854,32.2666200831991,26.599939863144176
7,964,0.08,3.2997888950412038,31.86670369602949,25.848417259341396
7,965,0.08,2.9737990515189887,32.09967380143051,26.110493044987482
7,966,0.08,2.7616628469069147,33.467418915474155,25.828485355354566
7,967,0.08,2.742258587965169,32.23701677433476,27.813222087765133
7,968,0.08,2.9656142224727557,33.72273038985189,27.33939800414387
7,969,0.08,2.600154466169803,32.98037176794971,24.828578888649766
7,970,0.08,2.5262745573386813,29.866706993921838,24.592071668030027
7,971,0.08,2.236598984599241,29.389788966496358,22.50632024294487
7,972,0.08,2.3228710296331467,29.02013306895024,22.764498730617404
7,973,0.08,2.586014651481506,30.34344062968778,21.944959576634236
7,974,0.08,2.150321503720623,30.53617915931475,22.95199340754825
7,975,0.08,2.0824266228516386,30.192720396410756,23.955155829355515
7,976,0.08,2.2120926014233397,31.612905057027955,23.917736006724652
7,977,0.08,2.401953268014563,34.46482004953452,22.2355341265394
7,978,0.08,2.54206063906726,32.18392605273185,23.459001045140006
7,979,0.08,3.2707846509231207,28.844062302535765,24.764190563655642
7,980,0.08,4.0307204374271945,31.44535910366296,25.659049284851537
7,981,0.08,4.76060915681281,32.80394102597717,26.750580110439003
7,982,0.08,5.34180761059506,34.43871708622993,24.216535333856726
7,983,0.08,5.639463644460852,33.54758009963612,25.71377667920051
7,984,0.08,5.537753732108347,36.23347818909711,25.876195145310117
7,985,0.08,5.158092500523737,33.34811439358863,26.994815152797173
7,986,0.08,4.596540504078921,33.4860116940846,26.968243663631547
7,987,0.08,4.275765676393906,30.679656928859757,29.664754954296725
7,988,0.08,3.741669207072788,30.91747685613423,26.905911378764753
7,989,0.08,3.750718913153665,29.69929765887737,27.869747239485726
7,990,0.08,4.074548731916893,33.24702407483232,27.01728740721213
7,991,0.08,4.504651196229821,33.878885320402276,27.911545877763913
7,992,0.08,5.051089513540369,33.25161819681962,28.2603182980697
7,993,0.08,5.623539698666727,32.92818472082352,29.158336408006022
7,994,0.08,5.99930974270567,32.487162348476375,28.0727762492332
7,995,0.08,6.110401534187218,31.86666146139139,26.20097318294424
7,996,0.08,5.789300279534398,34.04665857092344,27.278860043763544
7,997,0.08,5.591179361145944,33.486977062613676,26.93997908898449
7,998,0.08,5.2052986649415045,35.07240891200181,28.153575684180307
7,999,0.08,5.191890381645804,33.533360975376155,28.264306409092832
8,0,0.1,6.398983808415961,28.74950646635839,22.722004167193713
8,1,0.1,6.084076918694525,29.81801167008993,24.857778526446396
8,2,0.1,5.46650929729649,30.5911562966824,25.11963358209977
8,3,0.1,4.696454781792133,31.483370634423466,25.71139958060624
8,4,0.1,4.391593631868173,28.857542851313365,27.189048232204872
8,5,0.1,4.4646903859721165,30.63602892503894,26.276789199306148
8,6,0.1,4.507406928412511,32.156835973302584,26.05632212480172
8,7,0.1,4.698559758458804,32.41830793994487,26.810245675450663
8,8,0.1,4.623741306610928,34.523505336842405,27.703752634226113
8,9,0.1,4.6455878505447785,35.74487974706918,27.295693966982697
8,10,0.1,4.570644367743573,34.74006459325016,27.76596585451828
8,11,0.1,4.354343336261524,36.07549281364661,27.326643093944476
8,12,0.1,4.357014791266998,36.07411302282729,26.23885157447358
8,13,0.1,4.183361742139466,35.76917482048921,27.76133422540045
8,14,0.1,4.2844498852722115,36.68187280299864,26.538051467134103
8,15,0.1,4.343524480912065,35.58040129959887,27.527273808349758
8,16,0.1,4.417305419148968,33.90757379384704,27.51639664608992
8,17,0.1,4.380847742540678,31.972978814371373,28.362112868093725
8,18,0.1,4.094825075303625,30.424570002256548,27.034719257014924
8,19,0.1,3.8188210798937385,32.80648160054233,26.593043252473883
8,20,0.1,3.765401774118012,33.43301061320438,27.38297669582339
8,21,0.1,3.8035615047186293,32.526786614548804,26.75105248126281
8,22,0.1,4.287707341070239,31.113803375794557,26.22619576807578
8,23,0.1,4.204779824285571,31.58289632872083,27.885690957152065
8,24,0.1,4.091121589212085,33.58589298915758,27.07362190642535
8,25,0.1,3.8525565265754533,32.496150614028366,25.277764941790892
8,26,0.1,3.5510682319048654,35.64115905910164,25.446949668105084
8,27,0.1,3.127706681989718,33.48135114492612,26.709936186835073
8,28,0.1,2.802207268050241,33.00834324583634,27.206983829056863
8,29,0.1,2.853392105342651,34.51271140052161,26.65418213257072
8,30,0.1,3.0382464576241386,34.31529482752998,28.039778817189994
8,31,0.1,3.4673044722837063,34.002152768479164,28.61125541707851
8,32,0.1,3.668414689408219,33.00506790040319,28.09203474047723
8,33,0.1,4.168734255325564,34.21815435777772,26.88514586776813
8,34,0.1,4.30759537088982,35.28081570680395,26.58944342547221
8,35,0.1,4.460479350762696,33.68310701593708,26.98712961110316
8,36,0.1,4.329609302619119,34.94660948865702,28.42210865008575
8,37,0.1,4.304103016537843,34.18262063403321,27.614960161348165
8,38,0.1,4.543161402346575,32.569781205565796,27.36310041303197
8,39,0.1,4.837050074736116,33.341954600200374,27.936512094681774
8,40,0.1,4.953741456591801,33.2129204315795,26.73475876045625
8,41,0.1,5.099916410532152,33.38045782490192,26.827130513013483
8,42,0.1,5.2391119501854115,33.10444244782479,28.273860495991535
8,43,0.1,5.105054580621534,33.69030814058272,27.257580627597896
8,44,0.1,4.7872600137590515,34.76781825172124,26.62857502133803
8,45,0.1,4.548032284171145,33.369112603770795,26.790129801721093
8,46,0.1,4.9236401154861635,33.326701913482864,26.80595198005918
8,47,0.1,4.944879256119914,32.2521448046483,26.752565508873907
8,48,0.1,4.465096642395905,31.538284341271492,28.76598867576864
8,49,0.1,4.319300542627564,31.272389994995297,28.391282494816025
8,50,0.1,4.1609411273361925,33.00536702910831,27.212156516547907
8,51,0.1,4.270672328291713,31.590022989514786,26.424051255082908
8,52,0.1,3.8931435902186244,32.46408398734676,25.467809950451684
8,53,0.1,3.7582868494274995,32.16838519078099,25.165746968036473
8,54,0.1,3.659988092152583,34.220628259986896,23.777359542121417
8,55,0.1,3.6445887207040397,32.182277435460534,21.90798320338259
8,56,0.1,3.6346672589020237,33.21112509900796,24.529840450041007
8,57,0.1,3.843916972852524,31.02267169249082,25.748786388701742
8,58,0.1,3.982041570479264,31.97424857234651,25.325460814951363
8,59,0.1,3.767355013283382,32.47165601145387,26.180105908378042
8,60,0.1,3.6974346607656288,31.997151074939087,25.45951123941243
8,61,0.1,3.6119777829971844,32.91685142499186,24.443105316635084
8,62,0.1,3.6048174181913852,31.737788544617416,26.5673618387836
8,63,0.1,3.5905771489675273,33.24890724035988,28.839688787074106
8,64,0.1,3.505504264382517,32.03445597489234,26.976596416443535
8,65,0.1,3.4426396037245106,33.62095671812723,27.950343059934646
8,66,0.1,3.342360863251418,31.521931718426732,26.442228659123447
8,67,0.1,3.4855498941983427,32.99383952208365,27.00766750657081
8,68,0.1,3.806944844681949,32.507811075657315,27.64503876129856
8,69,0.1,4.239092793911957,33.23354577339846,28.070812480318178
8,70,0.1,4.395908235363766,33.93133303119632,26.924376710755975
8,71,0.1,4.026177859124412,32.825499021635416,27.09826271532254
8,72,0.1,3.546677439143045,31.220923881572755,26.735654111074897
8,73,0.1,3.41494840425694,31.344789762342145,26.610966959691705
8,74,0.1,3.2983257940408466,31.561337456217107,27.23750813755541
8,75,0.1,3.2288230204305974,31.63653177941865,27.151360923243995
8,76,0.1,3.3457918332500065,30.456253505941564,27.220149606933216
8,77,0.1,3.685034088629284,31.13757503967768,26.45586675755262
8,78,0.1,4.10440369028664,31.686919919058234,27.393607360422607
8,79,0.1,4.189404544547368,30.920938912194295,26.676876145234065
8,80,0.1,4.421962720069836,33.040376337719366,26.132450624124523
8,81,0.1,4.229838604892919,34.52588878813607,28.074535553261576
8,82,0.1,4.134449998093869,35.517950813344406,27.817206272786407
8,83,0.1,4.263448003869665,35.543510621340744,26.800890453767256
8,84,0.1,4.04735431152262,36.74558600055411,25.89882981788881
8,85,0.1,4.120908368602329,32.3333874786847,26.353498738332878
8,86,0.1,4.481213437133726,32.98703540708334,27.740151701356275
8,87,0.1,4.586681695816621,32.828015278512645,25.913931695379794
8,88,0.1,4.378868687493519,30.62995117883921,26.937736630826144
8,89,0.1,4.280260151175211,32.37301353124834,26.441246405643927
8,90,0.1,4.1647577838887,32.48571787590099,26.098570527028343
8,91,0.1,3.9876451957768375,30.418434983519724,26.627007493336034
8,92,0.1,3.837502449775423,31.523510071952963,25.073172112640442
8,93,0.1,3.7028391007096984,30.078163342829043,24.104342091163122
8,94,0.1,3.614597729698657,28.732886103999544,24.211706853104033
8,95,0.1,3.762499283311466,26.852103764743305,24.74692326988268
8,96,0.1,3.5501870340077732,31.576716493561474,24.850861390641214
8,97,0.1,3.1403880656884393,32.99977410656068,26.29116994728782
8,98,0.1,3.1155917788440095,33.3417403310537,28.300158608027385
8,99,0.1,3.1910575792702662,33.25825322999044,27.639952215944128
8,100,0.1,3.3994490138048348,31.31519879546292,27.978004339788843
8,101,0.1,3.6044536612780442,30.71229831318738,27.004204478964652
8,102,0.1,3.7610146254293295,30.908128196565034,27.2228800439069
8,103,0.1,3.8021528367220467,30.46963665309843,26.562481718038942
8,104,0.1,4.27722197296107,30.307310207136048,27.529887133690796
8,105,0.1,4.882666228309451,31.572673521154535,26.131468870701614
8,106,0.1,5.16439812845612,32.46362236103371,27.33249332782022
8,107,0.1,5.13596699931372,32.680701267685286,27.207385290772898
8,108,0.1,4.7773723821937,31.852227290832715,29.044863907362668
8,109,0.1,4.198710583827922,29.35384395650642,28.189934419198288
8,110,0.1,3.714927578005833,30.2414369121109,24.94911737854051
8,111,0.1,3.194326173540095,31.370069278389412,24.282862646584114
8,112,0.1,3.114657996272198,34.53985107114951,21.46644721649671
8,113,0.1,3.1319361100815715,33.22153653989185,22.852253605984856
8,114,0.1,3.2444178465191915,33.5594819220878,25.517314247101503
8,115,0.1,3.26270992458555,34.967310661294604,26.383957638013094
8,116,0.1,3.171191242855792,35.43642803156761,27.055929732981973
8,117,0.1,3.1248951577516992,33.146150386198954,27.62481243061531
8,118,0.1,2.986926163636551,34.248522691310185,28.775498832546738
8,119,0.1,2.861260962300715,31.50637422732193,28.111054865353076
8,120,0.1,2.839898250722233,29.24162236481452,28.655405139916965
8,121,0.1,2.6011276430753796,27.675788414798426,27.036973730906325
8,122,0.1,2.185445186622343,29.366520454893173,26.867610263488192
8,123,0.1,2.121937039576176,31.73167000942196,27.234347088559733
8,124,0.1,2.468512491678882,31.7841785646541,28.051587254758743
8,125,0.1,2.950972752989888,31.701076718865423,28.139078326224695
8,126,0.1,3.375891039002458,32.429643433660104,27.21228342403574
8,127,0.1,3.647946262845521,31.75086756730489,28.27478696749301
8,128,0.1,3.6202920117916437,32.223506723909495,26.942596536698893
8,129,0.1,3.994214942802203,32.388880244023724,27.821997863870735
8,130,0.1,4.35274199694131,33.13003182262336,26.943065167701498
8,131,0.1,4.487835376700494,33.484351277372554,28.31195022713344
8,132,0.1,4.4857964070270215,31.951899931756014,27.870863858335774
8,133,0.1,4.329190695894143,32.91655900098368,27.967072079931825
8,134,0.1,4.47518739319746,32.0392071161223,28.871318555039526
8,135,0.1,4.281301939669463,33.63725635501729,28.670035186939657
8,136,0.1,3.742649153497928,33.50522289809892,28.222437284040197
8,137,0.1,3.635270494958789,33.52090870563952,28.738221913988596
8,138,0.1,3.807235641663192,35.87856147018877,27.98568606714539
8,139,0.1,3.859439701059565,34.87332920242772,29.052568043055274
8,140,0.1,3.658682527738945,35.438853544292066,27.840587479910788
8,141,0.1,3.8950364194153932,34.19019228142289,27.558914687191415
8,142,0.1,4.821114117843376,35.355443952512175,25.999256758436662
8,143,0.1,5.554403003169402,35.25812480569333,25.83433817254368
8,144,0.1,5.850794696694205,31.484690480922016,27.289673052597283
8,145,0.1,5.917616132793015,30.354043307209647,26.76829171776106
8,146,0.1,5.763350266724476,31.74323992197369,26.34230210301443
8,147,0.1,5.609644535441673,33.03417936754007,27.46445781020385
8,148,0.1,5.254752416609413,31.890352178611693,26.6720753322671
8,149,0.1,4.746310608672307,33.24591588361629,25.922974626312264
8,150,0.1,4.6772097458422515,35.61314885094479,25.977828756018624
8,151,0.1,4.297998636482551,35.82419994809449,26.539378042705465
8,152,0.1,4.156863781417572,33.05857115482626,24.8572038806302
8,153,0.1,3.8748206978641564,33.94686478450729,26.24671201856716
8,154,0.1,3.698072729194266,31.988191342412982,24.601476025488044
8,155,0.1,3.745666882748291,30.42805468378468,24.546117923973323
8,156,0.1,3.732809846819262,32.07425454177135,26.8633842776429
8,157,0.1,4.153124022003466,30.71434072082674,27.634308172154395
8,158,0.1,4.834643405816881,31.74052193259437,26.81760417917815
8,159,0.1,5.436307005706281,32.94857354324127,26.19025196832894
8,160,0.1,5.5499835400131055,33.02698626512549,28.82638908060009
8,161,0.1,5.041208728357619,32.59773131865266,29.441668297886157
8,162,0.1,4.612742159482983,32.48047476374796,27.78087806643774
8,163,0.1,4.450453035708202,35.064546067674385,28.37880188915678
8,164,0.1,3.844955154492128,34.71554024115753,27.46613009625256
8,165,0.1,3.3247622098378313,33.486999677623324,27.650153319814613
8,166,0.1,3.1409528499362125,34.88018660877665,26.027780647260997
8,167,0.1,3.0408107359756893,32.70973097889432,27.00201704489612
8,168,0.1,2.850860577908618,28.60565981299905,25.80047760778089
8,169,0.1,2.726523437736245,29.454504462097123,26.65956880033983
8,170,0.1,2.7873679486388077,29.891285456138775,27.358500608323048
8,171,0.1,2.8474789085371857,29.43094106115141,27.87888334598612
8,172,0.1,3.0100375884988653,29.38214573086636,27.00520646445507
8,173,0.1,3.320374319522338,29.82717257653945,26.214054020443093
8,174,0.1,3.9348899583324912,31.679295423956873,25.786485127046614
8,175,0.1,4.580272584676937,31.530316535868014,27.354899991363713
8,176,0.1,4.778387717286804,31.800190990209966,25.535541423719476
8,177,0.1,5.024150683084546,31.105336538307846,24.7766569045009
8,178,0.1,5.07831799866716,32.223422196569175,24.486598111508602
8,179,0.1,4.8679274922387386,30.304951718190495,25.600180145327798
8,180,0.1,4.8977541999453384,30.367377526500682,26.0104355539408
8,181,0.1,4.626144387417873,31.3254352119639,27.004582974456028
8,182,0.1,4.563797858866305,33.07739852898458,26.912117982651953
8,183,0.1,4.897586838346075,32.295140746968585,27.044613631109197
8,184,0.1,5.25799432417386,31.689275538560043,25.90508990009206
8,185,0.1,5.115151902866035,32.41905806763345,26.4495904716609
8,186,0.1,5.120008369464547,32.90189695628675,27.7076743114808
8,187,0.1,4.81419642727044,33.13172507590785,27.821303044454375
8,188,0.1,4.166927528116868,32.09706021373975,28.379306362176145
8,189,0.1,3.8425607927296768,33.3738923636181,26.91292662352546
8,190,0.1,3.2057636714131053,33.431286837133385,26.01273138563603
8,191,0.1,3.002330264429501,32.52301966847635,27.445798722593473
8,192,0.1,3.1335500552895197,33.64477053534384,26.865718799647315
8,193,0.1,3.2872109529990245,33.70319288385032,28.307810777695735
8,194,0.1,3.4624744435435812,32.45288196912711,27.763855583835696
8,195,0.1,3.5148163549248457,32.063939745182495,27.487762988216797
8,196,0.1,3.4346396700968316,32.720174929354,28.83106355791276
8,197,0.1,3.760649535322876,32.4032204219635,28.258939003521558
8,198,0.1,3.9741070286270417,30.289070252247814,25.581894083301925
8,199,0.1,4.224479114718843,29.827223740044726,23.90870372512197
8,200,0.1,4.741676580285346,30.49833927949364,24.956474796528227
8,201,0.1,5.071408036665053,28.736328355280136,26.512013164054327
8,202,0.1,5.170225779929753,30.15014768372668,26.217052738760557
8,203,0.1,5.0897767277300865,31.972415272531254,25.632597523387716
8,204,0.1,4.866403436184922,33.31665233085314,24.539015525156152
8,205,0.1,4.720346404599888,32.66861067210749,26.557014881394398
8,206,0.1,4.611723028049143,33.186835067740674,27.240973558377572
8,207,0.1,4.311750010691438,32.30450465784102,27.58277672565023
8,208,0.1,4.214590395148362,31.856683175230877,27.194203510502
8,209,0.1,3.7585665080628257,30.77699391699882,28.05986171211869
8,210,0.1,3.422804646150773,31.982240962214647,27.404255369543513
8,211,0.1,3.109710147675205,33.56960462022876,27.170591757251138
8,212,0.1,2.965671324996703,33.42234759118563,27.682533448717304
8,213,0.1,2.7217457944186654,33.25470614688579,28.33783176971861
8,214,0.1,2.869567036054818,36.092478191588384,24.957750341382315
8,215,0.1,3.626287635819624,33.42754836307499,26.295071635180015
8,216,0.1,4.424245276348641,33.34486984043004,27.53573593451943
8,217,0.1,4.7456607342111,33.38281716428892,26.92447907795938
8,218,0.1,4.589659082371479,30.866356118725594,25.26190629377689
8,219,0.1,4.204135528751002,31.380584734597196,26.325068631043006
8,220,0.1,4.034783860494235,30.326681433695644,28.255134139355548
8,221,0.1,3.596187591590704,32.06427022055286,26.691837914165045
8,222,0.1,3.37379101047507,32.31529078217633,26.50025331881379
8,223,0.1,3.641501464428017,33.023314900247605,25.65076638683031
8,224,0.1,3.8207016653044614,31.531625727123462,26.123730678630682
8,225,0.1,3.8821224009241377,29.764891682627354,25.916667250013944
8,226,0.1,4.332540482924876,31.720985070803685,24.216514416104072
8,227,0.1,4.511131422690974,32.61854400303837,26.870017587030883
8,228,0.1,4.445576573950178,33.15562066784163,27.736211094760538
8,229,0.1,4.335780690499389,33.460648978410525,27.39983242344902
8,230,0.1,4.249644828839523,33.34262486679493,28.05066034251972
8,231,0.1,4.3641422124794325,31.909998749840046,25.293635745666318
8,232,0.1,4.523486018718449,32.09058659100885,26.407096213931798
8,233,0.1,4.376826644887484,34.58744687292884,26.795613937040088
8,234,0.1,4.769206803823446,36.55331751437432,26.99494757208694
8,235,0.1,5.078453237154473,35.818410405750846,27.519844511641434
8,236,0.1,5.099362039710533,32.50990557377347,28.048781707041396
8,237,0.1,4.640170940201541,30.541666615495465,28.779244843056027
8,238,0.1,4.325398840217646,32.88178125557636,27.518470494634244
8,239,0.1,3.936033232950736,33.125120893871035,26.281550075512786
8,240,0.1,4.093479920657323,31.449385322981236,26.164235204944827
8,241,0.1,4.337560112768363,31.667248295759094,27.93955110814793
8,242,0.1,4.8659179157544985,32.61843950140968,27.32522179598734
8,243,0.1,5.078807005744654,32.69821344269996,24.8372491254843
8,244,0.1,5.123808064687141,32.72174822748953,24.228737546168702
8,245,0.1,4.935844423911413,32.93953984653462,26.00516875151573
8,246,0.1,4.607735349026733,31.88203156355471,26.634063243555875
8,247,0.1,4.32739391670984,33.041905867435204,27.149740531340935
8,248,0.1,3.9270609878028098,33.61466400010951,25.74799403094355
8,249,0.1,3.6080302386165446,33.85899889159286,26.969637031337037
8,250,0.1,3.471524113900537,34.066431496565365,26.93634580159063
8,251,0.1,3.007166136994564,32.46745965966061,26.207738196396246
8,252,0.1,2.686424200045414,32.85236090286944,25.933227290777303
8,253,0.1,2.9444600585491747,31.9405394217218,26.542897829287966
8,254,0.1,3.4794626168216825,32.81069770820843,26.65784821956029
8,255,0.1,3.872826594194024,32.92642857135674,28.856729630575046
8,256,0.1,3.9403484189728397,31.141016077267565,26.265251714286038
8,257,0.1,4.053712285699607,33.89708970383349,26.338551818956145
8,258,0.1,4.007757625162298,32.71707201348683,24.956893722890644
8,259,0.1,4.1685233436547655,31.34521400830855,26.409663048141745
8,260,0.1,4.592784383256595,34.469484825357,25.40398333349721
8,261,0.1,4.4734618958417895,33.61909591539362,25.778822744663053
8,262,0.1,4.1099026576060265,32.01641955684358,26.201368452721784
8,263,0.1,3.9964573540371813,31.575301382412075,26.421802372500355
8,264,0.1,4.028083378680026,31.953899914428323,27.45882000783242
8,265,0.1,3.7728564097041764,31.17726127239629,27.21966774910532
8,266,0.1,3.5755688933916234,31.420581399785675,25.498983407703477
8,267,0.1,3.289855230390677,31.37844327861446,25.773393616391637
8,268,0.1,3.3403260642589965,31.917212832553663,26.797346285478323
8,269,0.1,3.458568948038825,33.43346438013582,28.257894937701003
8,270,0.1,3.8746785377909636,34.1111093290968,27.424720140503773
8,271,0.1,3.9618848848034216,33.25450197793528,28.89994624399307
8,272,0.1,3.82861646545218,31.852809058598528,27.581200231341636
8,273,0.1,3.602570156455736,33.890152586088035,25.74652094675442
8,274,0.1,3.393605233628567,32.34577717583819,27.497627994641114
8,275,0.1,3.281521553536507,32.85662981704821,27.08068855952043
8,276,0.1,3.6234770898885156,30.845748101897946,27.85243339040889
8,277,0.1,3.9570806382203956,31.48980939420349,29.022908975497888
8,278,0.1,4.250955209673575,32.706933954781675,29.594542031189704
8,279,0.1,4.589927053316407,31.604461313991667,27.41233686202563
8,280,0.1,4.4911775399491,30.280795402991945,25.846362607996273
8,281,0.1,4.295456794410256,29.310603871316427,26.58860808291078
8,282,0.1,4.202631056477944,27.199775301192872,27.648668338762743
8,283,0.1,4.511449443843869,28.440137753748747,27.120338319955078
8,284,0.1,4.850876188231479,31.081346754232676,26.54182545398758
8,285,0.1,4.584243063917537,31.49034603815083,25.283776217059458
8,286,0.1,4.226525840684897,30.213323631692006,25.11150651955471
8,287,0.1,3.8734142467740433,30.826778526495684,25.82210339403074
8,288,0.1,3.8359905498135163,32.34219298674729,26.320687771315466
8,289,0.1,4.004987950619879,31.41228866259898,26.518307076525016
8,290,0.1,3.747888625704222,31.560612734509615,27.211249294155568
8,291,0.1,3.6834076728244662,33.98461872568403,28.536512184527226
8,292,0.1,3.6983040692030653,34.67599003655938,28.14457089900261
8,293,0.1,3.4835992578548494,33.242899777140615,26.772406576058497
8,294,0.1,3.076681337719494,32.727455246774625,27.56726379652597
8,295,0.1,3.0090712175410355,32.96080677963178,28.3448112353133
8,296,0.1,3.0729998999290453,34.43625433041805,29.154870284142266
8,297,0.1,3.3669204421513648,34.867779966626,28.829906075221064
8,298,0.1,3.748455625891723,32.94905405348257,28.864016851774423
8,299,0.1,4.18458961654611,32.26693705741432,26.877928526196175
8,300,0.1,4.582331233166866,31.952028668198402,25.106929983117674
8,301,0.1,4.213286110263008,32.158107098151625,25.20782733823837
8,302,0.1,4.003483406775006,34.2211679993675,23.232730546147415
8,303,0.1,3.736144849998261,32.822719342852366,25.453402643078505
8,304,0.1,3.797555058968374,33.88583246828075,25.613188990705055
8,305,0.1,3.921495503458984,32.163235200198166,26.59899342511843
8,306,0.1,3.872764737658443,31.794655898713486,25.226056932957345
8,307,0.1,3.674534629056552,34.82768864684907,25.863626292119346
8,308,0.1,3.610006027936241,33.712642709220766,26.13004648121466
8,309,0.1,3.8500195593028264,33.55970783760817,26.793784879440363
8,310,0.1,3.8657020735908008,32.24515506995553,26.498834586570986
8,311,0.1,3.6852099951701365,30.679927765190914,27.034780509435535
8,312,0.1,3.5761557353462172,31.64635130136132,26.73942399306371
8,313,0.1,3.543980742192604,33.70471520633375,27.589538029591335
8,314,0.1,3.396432510000363,32.314755521380775,27.356652785655946
8,315,0.1,3.3623065092507067,31.598427867424988,27.847953911662803
8,316,0.1,3.048826732928439,31.74410163723336,27.68154626986516
8,317,0.1,2.8956739510849028,32.524160642274374,25.70964364299833
8,318,0.1,3.028404966678494,30.277220699061065,26.88490327290995
8,319,0.1,3.568077305333857,29.589089209876832,26.91232775107628
8,320,0.1,4.115943694640652,29.225910658551733,28.33000245202279
8,321,0.1,4.55186746792887,31.187275580773367,28.250029108894427
8,322,0.1,4.675157089124284,30.163230303426904,28.055880814762652
8,323,0.1,5.001186054445259,28.60158973357221,28.482672854441205
8,324,0.1,5.0266022787532005,29.510385949348816,26.545960606589674
8,325,0.1,4.8679760896451985,30.012787494425922,26.84116589419074
8,326,0.1,4.486616985432891,30.355388587458023,27.949235774504633
8,327,0.1,4.08470118215542,30.9364280201753,26.665531335399965
8,328,0.1,4.073510369669212,30.250355931770173,26.19392761629085
8,329,0.1,4.249568406906843,30.260841837005806,25.775122021044144
8,330,0.1,3.972784867016222,33.87301694676664,25.87164485332191
8,331,0.1,3.980057361216759,31.811481606591265,25.01011170644289
8,332,0.1,4.110332888470691,31.50076516597768,26.465871064498398
8,333,0.1,4.734741818698144,31.398621978770965,27.173375436392075
8,334,0.1,5.310926675252589,32.45753280565026,25.801729103891695
8,335,0.1,5.500008272229113,32.81299769956594,26.924352158743716
8,336,0.1,5.479454633141401,30.262911379799217,26.70683124163893
8,337,0.1,4.965344925135855,27.400235391764607,27.746038867399534
8,338,0.1,4.790076914831814,28.6650788577031,26.38643335836598
8,339,0.1,4.818451459410166,32.67852681158833,25.957191067303008
8,340,0.1,4.96832399666301,34.8875985852371,26.258430007035003
8,341,0.1,4.8678358847291605,33.58724358338716,26.488484850328867
8,342,0.1,4.542533375427587,34.92622897714913,26.1997349071865
8,343,0.1,4.457555826519748,34.33169399104198,26.98305168104517
8,344,0.1,4.1844927230225535,35.24717909936464,26.817011440533708
8,345,0.1,3.7273323857487286,32.91527276635527,26.62845416856206
8,346,0.1,3.551121611595701,32.606061439228846,28.195491408194837
8,347,0.1,3.3224522238837597,32.87205466061116,27.35435471149447
8,348,0.1,3.420399780056388,32.60562183873231,27.334272725847477
8,349,0.1,3.8015380097917504,32.57401628020844,27.19776520136591
8,350,0.1,4.0448002273915025,31.913503083142288,25.18301509841698
8,351,0.1,4.462787945748961,29.690674889109406,25.29193939222392
8,352,0.1,4.506805467950237,31.20264237035269,25.458210954943162
8,353,0.1,4.574836791588641,31.208617480365696,25.361360141658867
8,354,0.1,4.7152874305234285,32.56530127140538,26.684444907004643
8,355,0.1,4.499591625031774,34.066573458526456,25.716365817514166
8,356,0.1,4.209415066174535,34.75292245261158,27.88510138079191
8,357,0.1,4.045769920831861,34.04426958943436,27.819785085710034
8,358,0.1,4.549584650158436,32.412116408052526,25.27766859674837
8,359,0.1,4.942261822079663,31.873036932914868,25.383103192674707
8,360,0.1,4.704244215493903,33.145642654783565,25.92626519165581
8,361,0.1,4.2890058815538605,33.10722125084427,27.707713438080813
8,362,0.1,3.772815970117503,37.46910450663938,27.99226878107118
8,363,0.1,3.3998068056600483,36.14080281177931,25.45659924416907
8,364,0.1,3.418788313030989,37.11007382034293,27.66160733691675
8,365,0.1,3.7873375001591665,35.32550591607932,27.521937607338362
8,366,0.1,4.07945059344188,34.998966691047286,28.296324294271678
8,367,0.1,4.273681766548013,33.561005635271115,28.930740482385552
8,368,0.1,4.038371922348855,34.55618837273403,27.11279668964935
8,369,0.1,4.044593551732687,35.686989843775116,26.16799557792732
8,370,0.1,4.132170210822551,32.168491175587576,28.886387611231
8,371,0.1,4.188634992114062,32.64618296323641,28.146229085195817
8,372,0.1,4.116792223118463,33.33739324326688,27.62731417976668
8,373,0.1,4.001262305962548,32.039908569034345,27.987485237221804
8,374,0.1,3.990695005144826,33.15929543814959,27.603977081746294
8,375,0.1,3.932590424363107,30.850239224562063,28.161663509669093
8,376,0.1,4.1340582471153295,32.11495395931972,26.93900989347257
8,377,0.1,4.431131079856313,33.96190430731036,26.57688910232033
8,378,0.1,4.745121029072488,33.083248213203476,25.64232559553394
8,379,0.1,5.11234944911201,32.05077034913583,24.868297815134156
8,380,0.1,5.307412943184364,30.26132750392644,26.268042171599774
8,381,0.1,5.571303939234522,33.82376974741639,27.28586810519233
8,382,0.1,5.862842766366358,34.167366315338526,27.97100888168285
8,383,0.1,5.968242791476955,35.08507161236287,28.07863675383748
8,384,0.1,5.415565593058437,35.01671023045419,27.737843608151312
8,385,0.1,4.702557825208921,34.695522722781966,29.07504175340957
8,386,0.1,4.4655163655294565,36.45356501455373,27.527314710015343
8,387,0.1,4.620288989212769,36.482159803652166,28.936699989148764
8,388,0.1,4.747485101994238,35.40420116106185,28.95733321686695
8,389,0.1,4.769115099331542,36.60576447662268,28.95926696387269
8,390,0.1,4.4168268051419,35.964139534778575,27.91583813708709
8,391,0.1,3.6000188649614957,34.58580230601419,27.800938237515584
8,392,0.1,3.3795218956838564,35.60016384116394,27.47357731810976
8,393,0.1,3.3257016706181615,34.63467925048452,27.983058254016623
8,394,0.1,3.4234573626145943,32.7240643936556,28.113415810694736
8,395,0.1,3.451894525307928,32.82721058489229,25.93823243264645
8,396,0.1,3.214438255859915,32.16813504023058,27.325663392773887
8,397,0.1,3.608278513119846,32.04087550549684,26.46774014933905
8,398,0.1,4.2046526726723,34.739094786013304,28.686545535286747
8,399,0.1,4.467577797573675,35.94700892568519,29.009776862175535
8,400,0.1,4.362326107607136,36.59300235958893,28.931070972888143
8,401,0.1,4.086508326324413,37.60804180851649,28.234515840538965
8,402,0.1,4.169039010790633,38.00794652368099,28.446160660242125
8,403,0.1,3.979838305133504,37.76462701089328,28.968254944650745
8,404,0.1,3.7350963386708074,37.5987482051711,27.396014607564542
8,405,0.1,3.571016085046172,36.43184674306925,28.753863936401128
8,406,0.1,3.5763010513196205,34.356991476345506,27.700605636957274
8,407,0.1,3.5696564815415384,32.939762576136694,27.749884506661285
8,408,0.1,3.4746398858895637,34.32576013004316,27.113964139475534
8,409,0.1,3.9480281635801715,35.428026327097534,26.670548519400523
8,410,0.1,4.275666754353886,36.078782860577476,26.088251755219254
8,411,0.1,4.456659398365129,35.899119884118356,24.17017457258067
8,412,0.1,4.933089405212009,35.164010567392296,26.39202378357995
8,413,0.1,5.222824630150809,33.433500300817904,26.55685392755116
8,414,0.1,5.1072858046451115,33.73819815269035,26.63473952228506
8,415,0.1,4.768927833255937,33.689346208987295,28.062548912198334
8,416,0.1,4.684801075235478,35.564041248672254,27.684893784970594
8,417,0.1,4.5525581688781775,35.75384663541179,27.01133179258602
8,418,0.1,4.3084525394993705,34.663245830469734,27.213231500337205
8,419,0.1,4.1949004003158645,34.27199916819508,28.048294335885878
8,420,0.1,4.053713878231834,35.17971397755765,27.95245345845571
8,421,0.1,3.934126824857375,36.071717203397014,26.870261888808596
8,422,0.1,3.703112639710099,35.79643774045649,26.707075493667507
8,423,0.1,3.3141278165038495,32.77371829486509,26.95615448576922
8,424,0.1,3.1969537385240274,33.16569001121319,26.621967087253925
8,425,0.1,3.401467465783129,31.498482539480506,27.037662161646637
8,426,0.1,3.1982053386396085,30.316114220560532,25.705860466835507
8,427,0.1,2.776384646856913,33.008161872180594,25.802526287955985
8,428,0.1,2.7008620158654835,31.25084007328644,28.068734364775416
8,429,0.1,2.587307240587384,33.78418104906392,28.092466527299884
8,430,0.1,2.7616950880973823,34.77521370984289,27.25524767907931
8,431,0.1,3.003903748925361,33.36976083347311,27.26983091016449
8,432,0.1,3.03245859555617,34.7228310440158,26.86221691884507
8,433,0.1,3.5109815776644164,33.75100565902616,25.590624006051385
8,434,0.1,3.6125604137762126,31.342172219394314,25.790199424444406
8,435,0.1,3.492938323549871,32.82060095234164,26.318745392208218
8,436,0.1,3.490062627846278,32.548883550424996,25.999947847212685
8,437,0.1,3.7201646646971906,30.823176063602,24.449040709174533
8,438,0.1,4.268133761355847,30.637527418424643,26.613666151697874
8,439,0.1,4.408173887632444,30.512060971226454,24.371941673886
8,440,0.1,4.438924089136522,32.081582606228395,25.77003678617525
8,441,0.1,4.621966118052936,30.725430601930583,27.751970213185608
8,442,0.1,4.625794260555404,30.740216585853485,26.991179954737397
8,443,0.1,4.847750940074589,31.847883377440088,26.957128063630236
8,444,0.1,5.438736079576769,32.89619188267321,26.91656068808581
8,445,0.1,5.704674071697931,31.45353027032976,26.61451198235898
8,446,0.1,5.772877347408042,30.24160556930013,27.239632216087024
8,447,0.1,5.772879221837041,32.018402256765114,25.970701719220816
8,448,0.1,5.774451362079918,34.94172202780386,27.813099912641825
8,449,0.1,5.70615437182046,34.73222897567887,28.025831832101357
8,450,0.1,5.401370232001602,34.66217001049372,27.06796646620249
8,451,0.1,5.203726416552059,32.34911674992423,27.243111493288975
8,452,0.1,4.907631848162933,29.73130948831047,27.919483688608782
8,453,0.1,4.744541633505938,30.712276833430444,25.9900283652723
8,454,0.1,4.960087482307074,31.99910201809415,26.14138220136793
8,455,0.1,4.773701390173644,33.98078177023511,27.998998230340383
8,456,0.1,4.196000667921458,34.38186800330414,28.331237117249387
8,457,0.1,3.6777068305532583,35.15684816378146,27.688901810156658
8,458,0.1,3.5813575391139496,34.92944672812497,28.37064732257574
8,459,0.1,3.6049182230645584,36.177807706104346,28.101659774215012
8,460,0.1,3.160100378358726,36.27273254114302,27.274320199127278
8,461,0.1,3.0148666859478093,37.10846645219608,27.712274300083365
8,462,0.1,2.7912266908399657,38.08289019319857,28.158930642129235
8,463,0.1,2.5520134331465663,37.23988400459507,27.485824227224093
8,464,0.1,3.023195732790397,35.80424967283639,28.57692486669899
8,465,0.1,3.5447258199778178,36.58252053703542,28.462021456423372
8,466,0.1,3.6866677833294057,33.80884059465028,27.520076063236544
8,467,0.1,4.051645658349164,34.265912144908015,27.4896583778379
8,468,0.1,4.266265403933374,33.78980861745445,27.55826749623521
8,469,0.1,4.2380493006786075,33.993447564568285,28.276216244759105
8,470,0.1,4.135520801436939,33.58278681526542,27.212351271987085
8,471,0.1,4.02611816651343,31.122760427381763,27.396113892377674
8,472,0.1,4.03967808535884,31.145055822056708,28.202133629677938
8,473,0.1,3.7826180912895273,32.20632612958738,27.71075220014683
8,474,0.1,3.578573388437956,31.764153400251068,27.65450502404536
8,475,0.1,3.9129495206448635,30.915497604665237,27.132344636595562
8,476,0.1,4.2303405775588425,32.02232648638902,25.639493961526544
8,477,0.1,3.9588360127314233,32.54945390682609,25.73716785425874
8,478,0.1,3.638248554172839,31.915112722227523,25.62941991461433
8,479,0.1,3.428173007933486,33.11275682231236,25.91065967762046
8,480,0.1,3.4783023842376224,33.8026318367485,28.154985289211822
8,481,0.1,3.426347013572027,32.41942068862613,26.63897550219307
8,482,0.1,3.955734529817368,35.700779773211785,27.682648702828462
8,483,0.1,3.846885883609688,36.52055982702093,27.561334775918297
8,484,0.1,3.84098360433341,36.591361453422444,26.54370554601574
8,485,0.1,3.743133214594794,33.612812393564774,26.417584251513247
8,486,0.1,3.351364097632758,31.694189758290296,25.504149779541915
8,487,0.1,3.4009338804785525,30.35783529416964,25.939555035189382
8,488,0.1,3.3303497467962133,31.256510040200947,25.561662760820354
8,489,0.1,3.1504341320381264,30.426820490885973,26.772408668097352
8,490,0.1,3.2486947662733723,31.705891037947623,27.034023824402464
8,491,0.1,3.5756278317930623,31.045747605906378,24.612029741007007
8,492,0.1,3.8911588221844218,30.059170605818576,25.372386119499957
8,493,0.1,3.8887626328092337,28.759267875711796,25.73234866112502
8,494,0.1,3.714902676058709,30.39294274607429,27.591648749265822
8,495,0.1,3.490963062150273,31.361404471272298,27.020397174534207
8,496,0.1,3.5105318958134966,31.598450679204138,25.615427081961695
8,497,0.1,3.4573703958998196,34.34365150301181,26.466806065124675
8,498,0.1,3.1928263256866485,33.66002321547454,26.800829671372885
8,499,0.1,2.9736034869774346,30.266188056654027,27.601152904332388
8,500,0.1,3.1406228918807146,32.4779710296105,26.369433986138603
8,501,0.1,3.054472802948304,31.372101855234217,25.968290438198125
8,502,0.1,3.36755022884443,31.030618168879883,25.172239412303067
8,503,0.1,3.396304122898028,31.90570106556072,25.936862968972388
8,504,0.1,3.3243078929765413,31.91152449053343,26.98275895074297
8,505,0.1,3.1248377362305892,32.956250070592624,27.408363811315525
8,506,0.1,3.1633658507978675,34.6117469531064,27.439397806454497
8,507,0.1,2.9135119793989563,34.670563634604456,27.123979936408297
8,508,0.1,2.932614875237885,31.913651104549558,28.29735338304865
8,509,0.1,3.1008321994581105,29.980309415210858,28.337005441571858
8,510,0.1,2.9667459139257017,30.80912890715611,26.882162230170515
8,511,0.1,2.7956562766058815,29.81442214345324,26.561678366348307
8,512,0.1,2.7306763502440994,30.951380552961062,27.527822611306078
8,513,0.1,2.4109727335912527,30.895790337246684,26.173514052881114
8,514,0.1,2.142829201473371,29.357862802408853,26.244726868147737
8,515,0.1,2.4698795383184713,31.00213770298395,26.083716854876364
8,516,0.1,2.4585341220355543,31.918167715038553,25.68935043656111
8,517,0.1,3.0308866885614294,34.53499661653028,24.85336053586661
8,518,0.1,3.4844708964395146,32.161044813277286,25.822063857537064
8,519,0.1,4.038656530620535,32.53174001586823,26.320830726762562
8,520,0.1,4.409493690113126,34.377519151735505,26.198486528716522
8,521,0.1,4.447651937442231,31.575367296719158,27.50290903606109
8,522,0.1,4.447409519207596,28.230635131747146,27.279866166677177
8,523,0.1,4.695502714699099,30.608976711948387,27.331293407985292
8,524,0.1,4.578167033392458,30.022163890768645,26.25603473348702
8,525,0.1,4.592915090627613,32.62701303421948,25.137236266833945
8,526,0.1,4.5128615971056,33.393182645305366,26.74328282857443
8,527,0.1,4.357034954396059,34.68124660683324,28.76120991110948
8,528,0.1,4.0027110811068685,32.932711630184286,29.108631434430553
8,529,0.1,3.7069025485208567,33.21041579276816,28.326677987778528
8,530,0.1,3.5202289118056687,32.96095157465634,27.241066089193183
8,531,0.1,3.2251188761328518,32.94125108936987,27.212096455588856
8,532,0.1,2.762660268758626,35.07155817161549,26.224516335528556
8,533,0.1,3.000327873083343,35.16447283289962,25.157180701801963
8,534,0.1,3.434528950517408,34.59804626348053,24.073322699758997
8,535,0.1,3.565368478143716,34.050146518244226,27.22406724642589
8,536,0.1,3.743660236968854,33.853898711842454,26.07668922051454
8,537,0.1,3.838649794709275,32.99317724278987,26.115333690801073
8,538,0.1,4.060289356608241,32.35489598184852,27.71827870537065
8,539,0.1,4.318594915939313,32.891049094989604,27.7851244580595
8,540,0.1,4.742331809040253,34.26587344407604,27.068018534932186
8,541,0.1,4.587868767697745,34.471571641638164,26.13985178714341
8,542,0.1,4.75528922052966,31.83516454772555,26.277438872959436
8,543,0.1,4.930724156536861,29.6103494361771,27.513309653705008
8,544,0.1,4.923164991077576,31.236899215374883,27.529866298865784
8,545,0.1,4.746271675569134,30.174496593287206,26.114730479825006
8,546,0.1,4.449236741014231,32.923941609130004,25.82233601472612
8,547,0.1,4.473006411116988,32.79265555243298,25.787315958668493
8,548,0.1,4.501096976440672,33.91876951419105,28.033825162608835
8,549,0.1,4.981919099775798,34.229710884797555,26.93148262698897
8,550,0.1,5.388728003181955,33.91717343021198,27.11399987401164
8,551,0.1,5.133792477184336,34.41614121481097,26.489543864364435
8,552,0.1,4.932805838024418,32.98984509977479,25.11905756022608
8,553,0.1,4.74942197946902,32.423274969141424,25.095038355786308
8,554,0.1,4.281562690110795,32.13063945636569,24.561768939898037
8,555,0.1,3.783347228746325,34.5327750038118,25.515500096480142
8,556,0.1,3.2451616147326083,35.06751240978777,27.162461415064257
8,557,0.1,2.79272952607992,34.20978763155413,28.099234454032516
8,558,0.1,2.857660744792777,31.974175193685515,27.732156968932586
8,559,0.1,3.341331065663641,32.7809845675542,26.065518153338477
8,560,0.1,3.627240021142981,31.308222387618073,24.499405025431134
8,561,0.1,4.1560171923068,31.246658244266822,23.918937698341388
8,562,0.1,4.272595872311585,32.94729499096883,26.234434934284963
8,563,0.1,4.140731446364904,32.590707405289585,24.762210907266784
8,564,0.1,3.9785482007947985,32.26012443175399,25.09650397218891
8,565,0.1,3.5866025552227003,31.169705232599682,25.424539266248733
8,566,0.1,2.910520702947712,31.12436393572819,24.897199745431664
8,567,0.1,2.3668227128972488,31.351189863554254,23.147792634009427
8,568,0.1,2.3571644616221525,31.421448189051173,25.55291624279179
8,569,0.1,2.3066866418624015,31.91482085546073,24.90566711844596
8,570,0.1,2.558523417182613,33.066852379209,25.80638258591136
8,571,0.1,2.648163762094824,32.891889014420556,24.94987336713647
8,572,0.1,2.928094692352776,33.46532937582874,23.205080033666384
8,573,0.1,3.377150928924186,33.07327185641691,23.47604248700398
8,574,0.1,3.5813336401963896,33.97861032308068,24.085381729357994
8,575,0.1,3.7613191102265144,33.76806011162694,26.172524151549272
8,576,0.1,3.5012450651110356,33.243081506872144,24.56368702601115
8,577,0.1,3.4406412177219288,32.909192189076045,24.902933685241702
8,578,0.1,3.6608294570224853,32.13005273966694,26.16649953822523
8,579,0.1,3.5993212085367587,30.825543231662678,24.988553433947217
8,580,0.1,3.2775938978270602,32.183468645784416,25.576237988257187
8,581,0.1,3.442601768113952,32.19401582222412,26.5697276968193
8,582,0.1,3.350640986007616,34.74145977920944,25.237106462580293
8,583,0.1,3.5301857097534968,34.9709418383909,26.07854610926419
8,584,0.1,3.4047983185502693,33.831867244967974,26.160421007534453
8,585,0.1,3.2194207530845853,32.29223655236295,26.029525648177923
8,586,0.1,3.068381318733092,33.501818685581846,27.095297850598023
8,587,0.1,2.915978587315675,31.672340952476596,26.413290800850852
8,588,0.1,2.8231548417268773,33.275676311184014,27.015650717022748
8,589,0.1,2.7696449933406697,31.788652859126504,26.55362484515717
8,590,0.1,3.3092070455455755,33.24183336601448,25.950004109307446
8,591,0.1,3.9389263278947673,31.75104889830701,27.481859454062203
8,592,0.1,4.358045866374039,31.86562504877451,26.827556097276826
8,593,0.1,4.547449039279956,32.3190203524935,27.684648467722695
8,594,0.1,4.8169455960749925,31.045852456641256,27.19292808973388
8,595,0.1,4.600103951928066,31.755103990586694,25.4870773182581
8,596,0.1,4.344388434809186,32.49238475178023,26.46235906411952
8,597,0.1,4.442402442460571,34.59278108275435,26.715559336427944
8,598,0.1,4.412073817224651,33.03662465616827,28.74719687690765
8,599,0.1,4.492169666822151,35.36098955069117,28.73278120284939
8,600,0.1,4.3596305929520796,36.98268314346163,28.44216380819187
8,601,0.1,3.774615126324812,36.99758503850937,28.43406396752914
8,602,0.1,3.191620545942436,35.827906991953576,27.315350460687032
8,603,0.1,2.939435422201387,34.607314938992104,24.021380099085302
8,604,0.1,2.648547979717881,34.39615547018732,23.787857698363602
8,605,0.1,3.058960736445207,32.6162986055243,24.067694370729694
8,606,0.1,3.4573122293530902,32.80307390095867,25.709642189583573
8,607,0.1,3.6054099981929464,32.68583597105386,25.088104994179844
8,608,0.1,3.5337636044791636,31.61057829769358,25.92459856254176
8,609,0.1,3.9041869184406988,31.04522363673731,23.65083086928163
8,610,0.1,4.269620296852778,28.5889330389256,25.517467613592544
8,611,0.1,4.875721502252002,26.664302639798812,26.059185448145328
8,612,0.1,5.52804829643215,30.521110489761885,25.89512890350035
8,613,0.1,6.265036210054057,33.33361927778817,24.74873251003645
8,614,0.1,6.435964549044834,34.64051437579988,24.698380715928923
8,615,0.1,6.218216230737121,34.382550024934076,23.977386939412487
8,616,0.1,5.559781461947718,31.265517043988737,25.33627281307854
8,617,0.1,5.140597524064637,32.96453185553744,25.112341316782206
8,618,0.1,4.77395822867374,33.65797756392217,25.849667183597823
8,619,0.1,4.449511351065151,30.42666558772389,25.583226952494478
8,620,0.1,4.626675076467467,31.82860368248527,24.776515077865806
8,621,0.1,4.734793655598375,30.364204946992746,24.94335234870555
8,622,0.1,4.247285648167574,33.00293774518926,25.171528405691355
8,623,0.1,3.3244128683915797,31.33467606760504,24.57350326552648
8,624,0.1,3.0545895200278506,29.93391597910855,25.52047507140929
8,625,0.1,3.074048181348864,31.45710572263026,25.678748137205325
8,626,0.1,3.3045105509558628,32.81299761767866,26.00478213566137
8,627,0.1,3.474057755082375,31.22554814076785,26.256176427461735
8,628,0.1,3.5630347101412214,31.73810237287396,25.75725451999017
8,629,0.1,3.4435619897767094,32.08411356461008,23.561922844850958
8,630,0.1,3.436715419560696,31.987746413195886,25.61644809696119
8,631,0.1,3.373630543873869,32.50926256867174,26.50523016043405
8,632,0.1,3.4551245309669576,32.19674820908483,25.772653162597205
8,633,0.1,3.434516571513766,32.25827573951168,27.81769869307337
8,634,0.1,3.682497494861559,33.511345905859045,28.244250273831923
8,635,0.1,3.5751209221619726,34.744996923243164,27.87771654126175
8,636,0.1,3.7897792589505523,33.79244880823089,28.583768345365876
8,637,0.1,4.075969269303068,35.14180737892403,28.408349765044495
8,638,0.1,4.195217856749266,33.33736928623519,26.547513782775244
8,639,0.1,4.457553686334228,34.30701866439303,27.314277570018913
8,640,0.1,4.703856040515892,34.68102522724121,27.235001202266805
8,641,0.1,4.522562545574117,34.84526388528217,27.82892603859807
8,642,0.1,4.535846384387756,33.00802312442902,26.954620156812364
8,643,0.1,4.344150251946953,33.45159726915284,27.31118865467336
8,644,0.1,4.186436484370229,32.71873151909143,27.33014308225376
8,645,0.1,4.291732910105475,30.29557149538547,26.70922830303798
8,646,0.1,4.379937207070723,31.3459336224474,25.95663886641992
8,647,0.1,3.920716458822673,32.93357159038769,25.664802483492934
8,648,0.1,3.5433129901943845,33.18693797005902,28.006132859817725
8,649,0.1,3.1474244378616465,33.9510332819316,27.140449774933895
8,650,0.1,3.2581067100240295,31.71807600679989,27.78822277770774
8,651,0.1,3.121904270592439,29.746170109092567,27.403762840505312
8,652,0.1,3.1463513547662254,31.199594428405675,25.61360988112357
8,653,0.1,2.6525168343042482,30.66552563010427,26.272876459619827
8,654,0.1,2.4995945090762133,32.373954478358755,24.84811785966948
8,655,0.1,2.8406294637029275,31.71485931138079,26.72746278192665
8,656,0.1,3.1081900855340234,33.968201509287624,26.808498723146055
8,657,0.1,3.2880530407536828,32.56355250956739,26.38772018967173
8,658,0.1,3.5557432118571404,32.27860869579554,25.705954561375826
8,659,0.1,3.850813398051315,30.427008060907603,25.930472293252365
8,660,0.1,4.0085612433458575,28.824604216502106,24.386518712203568
8,661,0.1,3.796021347092102,29.771127701458287,26.451967052522345
8,662,0.1,3.730968735594183,31.532765663480514,26.57942839293883
8,663,0.1,3.7154513646916807,31.34839803156915,26.758539926004605
8,664,0.1,3.657393554752081,31.09973387125781,26.833601535429196
8,665,0.1,3.6898504937668117,32.77952396081541,27.330296624188573
8,666,0.1,3.881110391797131,30.24268637766524,26.72131058533424
8,667,0.1,4.177703584886903,34.162752509566495,28.116465139252057
8,668,0.1,4.057653325079998,32.710986422744845,28.51241483879323
8,669,0.1,4.087139552376237,30.20424927167251,28.837735530251024
8,670,0.1,3.9358148339702153,32.100770742560044,27.909255466391677
8,671,0.1,4.150987002040065,31.59919568174727,27.525050041490065
8,672,0.1,3.803502005324121,34.19580896318551,27.406202488669273
8,673,0.1,3.5775200479299367,32.77365399324531,26.109233453749855
8,674,0.1,3.552681890137269,31.253433303480172,28.406437500970636
8,675,0.1,3.26156495380323,30.699488267603865,28.369262365127746
8,676,0.1,3.440562458569442,31.42206254020971,25.50525683945911
8,677,0.1,3.5150931892969526,32.39351427130255,24.941155373812137
8,678,0.1,3.783986294312828,30.958469148999868,24.239843325247442
8,679,0.1,3.90295558070635,30.73762977817771,24.2439740089679
8,680,0.1,3.9613248376971413,31.600880523026962,26.269494635086833
8,681,0.1,3.7739062189354,30.265755869463316,24.4159094373474
8,682,0.1,3.2882877412929585,29.911052133648262,26.462587626083238
8,683,0.1,3.169657793340032,30.264736652904453,27.130319272232544
8,684,0.1,3.394265629201776,31.345328875811976,27.48811413250568
8,685,0.1,3.791789395591954,32.58891341976492,28.01188926512236
8,686,0.1,4.094733415570773,32.78399210718958,26.94590939299741
8,687,0.1,4.444397026914644,30.99328269515664,27.057566302579414
8,688,0.1,4.724757228732683,29.81039372345361,24.992497959789905
8,689,0.1,5.0090030551155085,28.823141115047285,25.157335492333203
8,690,0.1,4.707607008043011,29.957368700860897,25.20065036330623
8,691,0.1,4.211964277450708,29.483330587288147,24.58887417586016
8,692,0.1,3.96474495751473,33.24122722870144,25.866144876314035
8,693,0.1,3.7957348398972917,32.050572278955826,25.034975485467026
8,694,0.1,3.67321668292962,32.168820756678265,26.519245706964657
8,695,0.1,3.5883571892351758,32.45238978511032,26.331211687858236
8,696,0.1,3.0805880184424,33.395686838245936,27.18117797884012
8,697,0.1,3.083362477003324,33.228987770674784,27.818693395632383
8,698,0.1,3.1001237231004652,31.71308212416495,24.487897940992717
8,699,0.1,3.1515136390059784,32.31221886945329,24.833456130475547
8,700,0.1,3.2523858444611067,31.423231781359192,24.719975570106616
8,701,0.1,3.3151434753649323,32.68683769166402,27.286217465480238
8,702,0.1,3.522367879240787,32.319393077788064,28.05018551083728
8,703,0.1,3.4685950297813966,32.28794493725289,26.91428356085086
8,704,0.1,3.5309878933164836,32.05471764103847,24.85898084891798
8,705,0.1,3.538678964405607,33.11572265511031,25.042283504006782
8,706,0.1,3.8884192451082615,34.04024133589759,24.362466381062823
8,707,0.1,4.138784792357347,33.484264884023496,24.769979891410593
8,708,0.1,4.268572122668381,30.933428973938412,25.328712634132813
8,709,0.1,4.518013094863853,30.62038452534977,24.066331186402554
8,710,0.1,4.637156030913422,30.572439846433983,25.561937140131818
8,711,0.1,4.750931336195177,33.79717022400759,25.375194344552206
8,712,0.1,5.104009375339782,35.39282222679122,25.495252605873297
8,713,0.1,5.358546175310148,37.667015928190516,24.127407660567155
8,714,0.1,5.258684321457874,35.50932426930894,26.355988304323795
8,715,0.1,4.957723381423154,34.7728108164983,26.712609356030736
8,716,0.1,4.253664366771955,35.50389681937287,26.346729811239168
8,717,0.1,3.4008708001868495,35.63020838893157,25.5785790840848
8,718,0.1,2.697734042442496,35.150168116637325,27.265387455211034
8,719,0.1,2.1826261198366477,34.80024725236034,28.85017894987038
8,720,0.1,2.373890461945436,31.647441432290908,28.505988542251853
8,721,0.1,2.5990328046063604,31.072163150578838,27.7070885969979
8,722,0.1,2.8705242722928026,31.41002062402677,27.334229103857805
8,723,0.1,3.213439820439656,33.49978326788233,26.13659300775094
8,724,0.1,3.233135580726233,32.97681089373895,25.018232759674223
8,725,0.1,3.4231197949065155,33.282435725564525,26.92116784703228
8,726,0.1,3.660552486993948,31.41340694916814,24.86147941241785
8,727,0.1,4.049350027542849,29.62847103218808,25.882753620183955
8,728,0.1,4.373711214175212,29.023818113626067,26.13138459993055
8,729,0.1,4.124456475782971,32.01278637065944,26.46649317258893
8,730,0.1,3.7875136122789725,30.384209584826415,28.392093726905607
8,731,0.1,3.8133231042232305,31.682931618168364,29.22759922922726
8,732,0.1,3.856037457025584,33.21976169286151,28.477893009400685
8,733,0.1,3.7878821600814288,32.561658863599604,27.945067339107116
8,734,0.1,3.116993010409451,33.761644168146994,27.556790105507098
8,735,0.1,2.9472003392585586,33.77364777709403,27.240809683033913
8,736,0.1,3.053244216582142,33.08862570878567,27.12080902113453
8,737,0.1,3.273705479244241,35.49786031946961,26.93399336131094
8,738,0.1,3.4227983404782707,34.619037027507886,25.74621055410724
8,739,0.1,3.408039732901667,35.65750113665275,26.828561994855104
8,740,0.1,3.2975637024533513,37.452819406374616,28.917669963041593
8,741,0.1,3.526654625888232,35.76403288910212,28.436954614917738
8,742,0.1,4.143126458481698,34.67997177555617,27.705375041660886
8,743,0.1,4.8776851408034165,33.98247897400915,29.175384186479377
8,744,0.1,5.424757502527941,30.7378976315874,28.98865569424339
8,745,0.1,5.88385475456779,32.433173264905,28.33783249848708
8,746,0.1,6.302080417274341,32.35606899383947,26.813318749869314
8,747,0.1,6.0114006866934595,33.199738467128284,25.967715880766118
8,748,0.1,5.878556175025519,31.358473869371135,25.449925432202882
8,749,0.1,5.640250562916837,31.75364619369181,26.0061675706566
8,750,0.1,4.966683762819255,30.361873170850473,25.656603317929985
8,751,0.1,4.562727549523803,31.077119292590105,23.212589011455712
8,752,0.1,3.787066632193218,31.20027511551306,25.466057356141732
8,753,0.1,3.120126805450936,31.725685018192202,25.05766284218803
8,754,0.1,2.877069842011628,33.396661374019416,26.52903028866128
8,755,0.1,2.963622182992755,32.7822767632426,24.78262603976268
8,756,0.1,3.264038206493856,30.99495467778897,25.823623300091672
8,757,0.1,3.468479186261131,30.84028959615617,23.921295816794213
8,758,0.1,3.7430260997354914,29.639400591135015,25.53560668056997
8,759,0.1,3.7326074407120284,31.40041892814952,25.94099690863918
8,760,0.1,3.9208257265876707,33.20335824587006,26.489205333014823
8,761,0.1,3.925186349386594,31.531656024041986,25.386321818394567
8,762,0.1,4.402630608094652,31.796845548764413,26.643247310210022
8,763,0.1,4.407259341915041,32.951238449197305,26.476173853138537
8,764,0.1,4.8642407783605766,34.819259541879816,25.955290172921323
8,765,0.1,5.237471591762548,34.2165823402849,25.780983204430665
8,766,0.1,5.613424272041142,31.595453248466487,27.244767565686903
8,767,0.1,5.699676782585745,31.632819850908664,25.73224572391035
8,768,0.1,5.326351586676862,31.925554381021964,25.923732675341814
8,769,0.1,4.7990328698794835,31.82089894880805,24.714324283169734
8,770,0.1,4.898824706418392,33.26154056754324,24.715393358733973
8,771,0.1,4.6836623746623465,34.408677878875054,24.767432735772264
8,772,0.1,4.315353824289597,33.09273546238199,23.278760065752568
8,773,0.1,3.894040947033491,31.792097486899035,25.25294536763225
8,774,0.1,3.515952402930065,35.77110021689706,26.913294970924817
8,775,0.1,3.149752319400313,30.833016213038636,25.9483603816936
8,776,0.1,2.9200431073424373,30.387227336199075,24.472901071882266
8,777,0.1,2.767062255821592,31.43234019652334,24.318653714717865
8,778,0.1,2.800725568844066,31.41637152740855,24.91405560270047
8,779,0.1,3.1718223024406065,30.48128148608273,25.87174695608761
8,780,0.1,3.777761826266995,32.11292829484566,28.116117269634113
8,781,0.1,4.115806749253998,31.49310510861265,26.540473492646942
8,782,0.1,4.442328373033629,34.12757331604164,27.919423908188662
8,783,0.1,4.232520995145456,33.42334812852203,26.377016272268815
8,784,0.1,3.795582597405258,34.46029667078051,26.441199016037086
8,785,0.1,3.8330326935011807,32.79173074403696,26.251773053139257
8,786,0.1,4.201559507818255,32.553859684494384,27.234073280191357
8,787,0.1,4.623489180171572,32.561132611946576,28.56638498840872
8,788,0.1,4.863952104347423,31.799785237399107,29.247645836788152
8,789,0.1,4.690158839640601,31.99223954880128,26.88480672776789
8,790,0.1,4.626483520853155,32.005967356052054,26.823658860657666
8,791,0.1,4.705554981415659,31.593760539167924,27.43545116789614
8,792,0.1,4.329393740202682,31.71867837902707,27.03759625285811
8,793,0.1,4.140627937862435,32.841204282755434,23.365956343755943
8,794,0.1,4.3979951655564005,34.41180042164853,23.81224170552422
8,795,0.1,4.639834392440289,31.341883711532358,24.75602987451433
8,796,0.1,4.804499734823326,30.873733155789825,25.46953274867768
8,797,0.1,4.703531826452382,33.551540275282164,23.96149783361262
8,798,0.1,4.5716150472605825,34.4971610652444,27.81625844402526
8,799,0.1,4.266499862091942,33.76458205322385,27.140928388661745
8,800,0.1,4.074080162545531,32.214969402097125,27.7743096087105
8,801,0.1,3.5043651136465206,32.63073786449335,27.443629742679708
8,802,0.1,3.5062292931847736,33.94348922445458,28.22595037706788
8,803,0.1,3.2861268561623733,31.933577033749923,26.87617461976995
8,804,0.1,3.4379144259469916,34.97677584371445,26.001021640670377
8,805,0.1,3.549609709459845,32.97056754091461,27.77433324178882
8,806,0.1,3.939137590805371,33.52795384043981,27.228451954830824
8,807,0.1,4.29052261541808,31.822121532902393,26.113492132491995
8,808,0.1,4.391609489609411,30.086190280033065,26.985982444442666
8,809,0.1,4.509317977796232,31.344330945443655,27.724841238277694
8,810,0.1,4.218595937650152,32.22983331422496,26.47868232052744
8,811,0.1,3.619128282288428,31.59298744700964,27.05035491835455
8,812,0.1,3.3890158122007086,28.62103294439474,25.790239423750428
8,813,0.1,3.5988511845876747,30.072731369205854,24.97619248322504
8,814,0.1,3.7903506051354787,31.755173428625568,23.770154248095082
8,815,0.1,3.6812221043592395,35.11982553386014,24.125835051078916
8,816,0.1,3.7266485292399842,34.297633670771845,24.264924449092238
8,817,0.1,3.942994418475729,34.14076123628126,23.070578646631535
8,818,0.1,4.041938290209823,30.210297017082098,25.395214245777332
8,819,0.1,4.2248550921173385,32.15644792197257,24.284364769571315
8,820,0.1,4.423655230063877,31.95374108466053,26.019920742622087
8,821,0.1,4.386611354676435,33.26340863390981,26.697613436903172
8,822,0.1,4.090430640659547,32.590087653011814,25.791364895610823
8,823,0.1,3.39338745970118,31.68121166761356,25.55520220801607
8,824,0.1,3.036823324268251,30.305851531858107,26.495963487589954
8,825,0.1,2.761843632710252,33.97367783465865,26.492102666013547
8,826,0.1,2.604921973506986,33.77901355608223,25.447487052473925
8,827,0.1,2.6551208738606062,32.64133296055439,25.415481804159107
8,828,0.1,2.898602448520399,31.82167102864225,26.24341545497375
8,829,0.1,3.2842413836226227,29.998102796083582,25.586623457498746
8,830,0.1,4.0021138022127625,31.163936506134117,24.34268667985166
8,831,0.1,4.40205974809516,30.244356441189666,25.460873195337303
8,832,0.1,4.848102742454045,31.17386700520173,26.201110650573405
8,833,0.1,4.964912968710764,34.08390551685382,28.136947173948236
8,834,0.1,5.008352227882699,34.79330135700477,26.108516333378684
8,835,0.1,4.984230695495954,33.63479653144213,26.3321059553237
8,836,0.1,5.121357129187103,34.79963932289465,27.763035150798526
8,837,0.1,4.671686533713327,32.44040943645243,28.163931945417165
8,838,0.1,3.9806923731507293,30.79854132470933,28.92190253821523
8,839,0.1,3.5657168520616347,30.72478692035742,28.728642224892784
8,840,0.1,3.3243652934438925,30.408967081168605,27.475941768141904
8,841,0.1,3.3011232570971414,32.0156082407387,28.236039685934063
8,842,0.1,3.593919646026449,33.70525980796139,28.475757432248237
8,843,0.1,3.6424835140700496,32.10925387845801,27.06782128179274
8,844,0.1,3.800019100336056,33.692475053485744,26.154247361538204
8,845,0.1,4.317504251568234,36.458157621851754,26.72986890120007
8,846,0.1,4.824771103792922,35.87620641108354,26.21351879899787
8,847,0.1,5.346146861368497,32.56055745357379,25.28348891933723
8,848,0.1,5.575191763849952,29.09798984920505,25.28385449286352
8,849,0.1,5.361266158282533,29.54689021641922,23.633241118930915
8,850,0.1,5.032255966203945,29.19346836293554,23.70660302592092
8,851,0.1,4.876210012650436,32.25180705270324,24.214471477802107
8,852,0.1,4.789299302824602,29.819847525331838,27.018653516075993
8,853,0.1,4.570829290866233,30.992007057956332,26.272785811914275
8,854,0.1,4.3485285241234815,34.290810446943595,26.154632066060053
8,855,0.1,3.8121349504956767,33.010990664347034,24.598048562145568
8,856,0.1,3.6869804119920895,33.169563945694996,24.1430759973498
8,857,0.1,3.541643316678151,30.943301717059803,23.643760691935114
8,858,0.1,3.5249679301503103,31.55077825823665,26.440187763199635
8,859,0.1,3.479620163162057,29.343976785706534,26.78311140611125
8,860,0.1,3.537730411610699,30.150763919897106,27.769844236807284
8,861,0.1,3.43835235555082,31.516442767930815,27.777881167243898
8,862,0.1,3.1755046265922164,31.55427270359641,24.690553513040133
8,863,0.1,2.894124146857467,31.99922611863809,27.239955160934223
8,864,0.1,2.876534876574236,31.859019080345732,26.322264324539955
8,865,0.1,3.3605117965956692,35.04888706939578,25.122545855672392
8,866,0.1,3.678262103099992,33.89608986178118,26.74461428227497
8,867,0.1,3.8018633551638947,32.79197863018825,26.866495689261892
8,868,0.1,4.1495026541347775,32.224291107516585,26.93197036699304
8,869,0.1,4.462513450854017,32.93712250592099,26.269684956213037
8,870,0.1,4.604524790192535,32.93784961072781,27.926796300728455
8,871,0.1,5.094847252430497,31.381645892668747,27.0924983334016
8,872,0.1,4.8846780568292765,31.042410627619056,25.53381775650053
8,873,0.1,4.593108144706188,30.637750087981797,26.56238757361487
8,874,0.1,4.229070925804655,31.88611955662783,26.947651412381486
8,875,0.1,3.7152508420693726,33.63654681590457,26.696848901049492
8,876,0.1,3.753578102885939,30.43758504364997,26.185869600378314
8,877,0.1,4.071631849275751,31.198138859447788,26.580688922456645
8,878,0.1,4.4729629469457715,32.284619388848945,29.2438952514478
8,879,0.1,4.373252567430854,33.92613302478392,27.401255380908182
8,880,0.1,4.187700981523625,33.35068979394066,26.530779592091765
8,881,0.1,4.011687482905643,33.19116261960397,25.827434028112968
8,882,0.1,3.7483133940240894,30.961037702379972,26.980952478771854
8,883,0.1,3.8675736515286747,32.24127780146234,27.54847202536185
8,884,0.1,3.8027949342911187,32.44177989337526,26.094715414978353
8,885,0.1,3.721011430812047,30.788438595482127,26.372675846861746
8,886,0.1,3.2304933916725456,29.54221747429004,27.714134374273982
8,887,0.1,3.0930586623300727,31.133451309883284,27.330560568274382
8,888,0.1,2.9528132272123657,31.40841734192205,27.3941606570275
8,889,0.1,3.49406172388391,35.15618345061019,26.2866087091201
8,890,0.1,3.827641193296216,32.500270343391065,28.960403119861834
8,891,0.1,4.279317096198372,31.261380824597445,26.278666035316512
8,892,0.1,4.3476578925173595,32.72122202934747,25.070179335409527
8,893,0.1,4.3293342019396315,33.754937945083995,26.859369761220574
8,894,0.1,4.272050417704343,35.08875356332547,26.313447516056193
8,895,0.1,4.345814790280812,35.17469195377027,26.353782354514955
8,896,0.1,4.556535821404505,32.95203767902861,27.33029992443049
8,897,0.1,4.5995700937032415,32.00299988024132,28.425767043276355
8,898,0.1,4.315097978280912,31.780563755124238,27.758828306635824
8,899,0.1,4.36118458880239,31.73581086508264,27.331592398358335
8,900,0.1,4.094351041277084,32.24520867593537,26.74135953793169
8,901,0.1,3.8223355358322904,31.085287958021947,25.574412278778382
8,902,0.1,3.693179174089695,30.530325985695328,26.886863724190636
8,903,0.1,3.8323177162259707,31.325111186016542,27.08147903801988
8,904,0.1,3.707344842288518,30.87678677775658,26.010566976581526
8,905,0.1,3.684144023485396,29.68376435953512,25.35654109489852
8,906,0.1,3.8986919666751274,30.647199845242355,25.972552241753622
8,907,0.1,4.644551659544984,29.701311547702407,24.168107269122423
8,908,0.1,5.307902257509333,28.57812869410774,24.830564398366747
8,909,0.1,5.653963617412903,31.002202219072363,24.760689124884202
8,910,0.1,5.784506655072041,32.59085012882818,26.314730216372634
8,911,0.1,5.296121917353348,33.16974757944368,26.32087624884299
8,912,0.1,5.130532206394418,33.36181856636027,26.23396431318635
8,913,0.1,4.8082304861065985,32.99528525322623,26.33110301125035
8,914,0.1,4.010493775678232,33.483286280545244,28.04670489246034
8,915,0.1,3.376982120769828,31.422169765536573,27.038632333734224
8,916,0.1,3.0094087771790132,31.976937971471095,26.095297659600146
8,917,0.1,2.8635814083013558,32.930656256854164,25.567873779718603
8,918,0.1,2.8627118345062925,34.80127368797528,26.940128028599503
8,919,0.1,2.8349849533748737,33.172760107664914,26.362454624243288
8,920,0.1,2.9878603740177967,31.095604234290075,26.293115426383466
8,921,0.1,3.189518933312167,29.871106378292485,26.17904420896825
8,922,0.1,3.165814712899098,32.74620294151057,28.40609130542769
8,923,0.1,3.3682528965224563,31.43814812142485,28.722244311403966
8,924,0.1,3.622559346712963,35.15169866511982,27.414919145065713
8,925,0.1,4.126682965024226,33.493766587408935,26.811705222926726
8,926,0.1,4.3576681368437145,33.84510814201604,26.164786338288817
8,927,0.1,4.43611214690879,32.99261824615535,27.90475269975954
8,928,0.1,4.012117842791964,31.789458463529854,28.28217875421931
8,929,0.1,3.472213722665546,33.619646441553115,29.16126316661541
8,930,0.1,3.0158564501636187,32.7061582575666,27.29467081180306
8,931,0.1,2.8306124233906376,33.807259295200176,28.243007743206597
8,932,0.1,2.842868494804961,35.8920813600506,27.493860450752873
8,933,0.1,3.1094194938127853,36.88180089232654,27.745253380400857
8,934,0.1,3.0979531319854448,35.496558341380236,26.09334162476238
8,935,0.1,3.173501419879237,34.79773430602972,26.049700452470695
8,936,0.1,3.5997616595687014,35.3216790523632,25.969107800821096
8,937,0.1,3.8769811041244857,34.103842744106196,25.983236710086832
8,938,0.1,3.8234429064682263,34.16965631491147,26.372450983679297
8,939,0.1,4.236139126100858,34.72472419681936,27.797244899084074
8,940,0.1,4.236113798817724,36.89770177765822,26.37605155442415
8,941,0.1,4.438493173081207,35.89340288112291,26.786025016103405
8,942,0.1,4.482466387522775,36.50967679073983,25.823286880052642
8,943,0.1,4.524571382542172,34.831205420435,25.98440713026824
8,944,0.1,4.6312235308779135,33.48593409688763,26.853661203204904
8,945,0.1,4.682624823835212,35.41397102157355,26.964393068738833
8,946,0.1,4.688761079791854,35.05478400930149,27.0700589582852
8,947,0.1,4.569752437847066,35.09611002287024,24.914306179952533
8,948,0.1,4.577170595957162,35.66111638620435,27.207374619815027
8,949,0.1,4.554171826521235,37.52363905325854,25.664576356095818
8,950,0.1,4.407368029641345,39.87114896642712,27.348071675816577
8,951,0.1,4.6337221787445655,36.661567010567445,27.28365782252602
8,952,0.1,4.378861546161618,35.513486821761376,28.239872422034292
8,953,0.1,4.223447522949354,34.60243270282229,27.243592027662793
8,954,0.1,4.335579137269082,33.81899333465332,25.695170788974
8,955,0.1,4.143043635968118,32.21832196074287,26.456877986207914
8,956,0.1,3.9488482625925534,32.49904744258431,26.527165800951458
8,957,0.1,3.607701250315714,32.47274481054501,27.743683204219582
8,958,0.1,3.896663053364684,31.62373942818438,28.308580232915542
8,959,0.1,4.2520680015597385,32.88737545399087,28.060323457669934
8,960,0.1,4.30796863896528,33.708933991314474,28.983919477560903
8,961,0.1,4.1780258497293135,34.784400704047286,27.65534038660254
8,962,0.1,4.0134766802708794,35.96220302944357,28.18943460384754
8,963,0.1,3.9529451622449914,34.22623067363698,27.782348934979606
8,964,0.1,4.071394231526706,32.28516025391953,28.944873774420397
8,965,0.1,4.550408143765662,30.209133327221295,28.2436819477246
8,966,0.1,4.565603636299496,33.338072159446874,27.88023707987994
8,967,0.1,4.3371297835319735,34.68892846630737,27.091305909357583
8,968,0.1,4.048209164972977,34.31892847373061,26.81046938792234
8,969,0.1,4.12914258852693,33.30745366530151,28.381507363758736
8,970,0.1,4.686123987195688,35.34631146349161,27.873898784123075
8,971,0.1,4.897067284002153,33.01791322360538,28.45692663375435
8,972,0.1,5.214053045667773,35.35932019051734,27.523027251640944
8,973,0.1,5.088996040903489,31.79694365441462,29.182544875521643
8,974,0.1,4.787168709572771,33.43163724539472,27.181650605405913
8,975,0.1,4.866439772765487,34.82090117173963,28.54645852826267
8,976,0.1,4.79492931975668,34.924370854346684,28.317782226371776
8,977,0.1,4.382082943817565,32.02686616903206,28.561843942782364
8,978,0.1,4.149997679249879,31.714148823147536,26.997903292003144
8,979,0.1,4.062122578100917,31.098173182743416,27.266729130500334
8,980,0.1,4.105058905160641,31.141157315761777,27.772932629601637
8,981,0.1,3.7988481573325936,33.48347930637643,26.540859090312583
8,982,0.1,3.674753998929858,34.58350704674632,26.989366882162084
8,983,0.1,3.856557358626313,32.26528021436656,27.05836208631594
8,984,0.1,3.755786478422141,32.861783592951696,29.508539044358333
8,985,0.1,3.555870041664504,35.48536608414112,27.3262196706538
8,986,0.1,3.765062736376301,34.94375853161234,27.149148277577428
8,987,0.1,4.212838880435441,34.17707666862746,26.101260263045823
8,988,0.1,4.246000932805842,33.434120677993846,27.113272929328872
8,989,0.1,4.1729743996732065,34.4077612163461,25.08398220841813
8,990,0.1,4.508452795551204,35.278961326704724,26.240323875923572
8,991,0.1,4.460299594262369,36.269452262352864,25.0441483240972
8,992,0.1,4.5627435738301205,33.43030367667589,26.140228356017204
8,993,0.1,4.694753074527226,33.72673017346359,26.84043760041995
8,994,0.1,4.526288969823355,31.460890171931684,26.282224691553715
8,995,0.1,4.221044572236198,32.013210483488166,27.837992284890962
8,996,0.1,3.880796845647708,32.922563597113665,27.848084061075866
8,997,0.1,3.831497438117777,35.27056890457264,28.196881025847
8,998,0.1,3.6907415403915653,34.12972649514431,28.53394889072473
8,999,0.1,3.238930095315057,33.444287147606715,26.848495850095734
9,0,0.02,7.2264737426771335,32.80670406407467,22.772819005931044
9,1,0.02,7.225438696962147,35.33874480892318,23.167046606526846
9,2,0.02,6.206916640170633,40.53329168492377,27.366366913510237
9,3,0.02,5.601366786868777,38.897247138598466,29.61768681195338
9,4,0.02,4.986670094714917,36.46812628568695,29.58207032448409
9,5,0.02,4.988874629244602,35.06465133057643,29.964301271485176
9,6,0.02,5.026830865324207,34.31738707688657,28.41501255146349
9,7,0.02,4.918445577820824,39.0113113609655,29.004496092613874
9,8,0.02,5.789667176794476,38.775415544306284,25.145530513177672
9,9,0.02,6.141065221584273,33.65090718262506,30.0
9,10,0.02,5.578671497981557,33.718634499912724,25.142455332509446
9,11,0.02,5.224120236820153,34.32101234281931,29.044486291533406
9,12,0.02,5.213380267955978,32.1293860937082,30.0
9,13,0.02,4.9744511619772815,24.964313546875246,28.088903162245682
9,14,0.02,4.926259863547446,29.061418220454232,30.0
9,15,0.02,4.284248032230025,32.87908650887797,27.886105294289646
9,16,0.02,2.736610013636443,34.43223338775675,25.40794010047913
9,17,0.02,1.9094566686469123,34.463782965730424,20.260167486511076
9,18,0.02,2.234429167166003,31.04222347700084,21.486654671343302
9,19,0.02,2.8107307387590414,22.161297401669913,25.842538857773796
9,20,0.02,3.2548904564837495,30.679378213729635,24.430565476305674
9,21,0.02,2.6273079601130904,27.124657926114597,24.939117004314287
9,22,0.02,1.873062114283695,23.489713919104652,25.559644412885905
9,23,0.02,1.4103106715176366,24.699903580410663,22.400829090969648
9,24,0.02,1.7254243880720908,24.813727720413546,19.832006104739406
9,25,0.02,2.3084462082961776,25.045642123798885,19.941815062119357
9,26,0.02,2.8450214628292074,28.768065000685983,19.558337122622415
9,27,0.02,3.3159086523247323,30.698122792796156,24.874935543111448
9,28,0.02,3.6705874666970932,28.80104237044186,23.78790309728285
9,29,0.02,4.8981951414562594,31.928494128062837,24.898089402496954
9,30,0.02,5.50201769372245,28.552553702194434,25.566991074359734
9,31,0.02,5.591261545482171,27.93827780145777,23.999343442981317
9,32,0.02,5.828542141144962,26.978875854515895,18.68123957784484
9,33,0.02,5.831713307499937,26.346708278358847,21.994392856709545
9,34,0.02,5.253524962229414,25.767817178556708,23.303563959832335
9,35,0.02,4.92261524350736,29.30041728438883,22.800698297945775
9,36,0.02,4.518152753987927,36.12130538342026,23.71413017444057
9,37,0.02,4.897876965828517,32.96662815579341,26.808041156908505
9,38,0.02,5.699212873086976,37.06791888858494,22.329136725688535
9,39,0.02,6.877418219581971,33.65535577145697,23.232074998111525
9,40,0.02,7.011930766842285,39.2807214993921,24.177062902039456
9,41,0.02,6.658686456509273,36.89560455057576,26.28996208166365
9,42,0.02,6.428634665805219,33.123706500466476,27.828290281296344
9,43,0.02,5.4056469135476615,30.229851487307997,28.056082506194237
9,44,0.02,4.962548483946642,37.03051713676888,24.935196746245875
9,45,0.02,5.124048429639856,31.690618974697358,23.388535057722276
9,46,0.02,5.060040660963739,35.06459874438242,24.909957418868863
9,47,0.02,5.065063241313103,36.590044163650305,26.497596358520678
9,48,0.02,5.5499266476229785,36.1987502314937,30.0
9,49,0.02,5.639622831756699,36.974973693686366,28.465686995513863
9,50,0.02,4.927032438823738,29.594263112062645,22.435113435248958
9,51,0.02,4.305428355908747,35.837527375453355,26.131440736811847
9,52,0.02,4.085595706713991,33.5284205642474,29.87583864178121
9,53,0.02,4.347054677736364,28.97143582557948,30.0
9,54,0.02,4.148009009195704,30.996528124391734,25.870382126485012
9,55,0.02,4.997905766742968,28.194275078624337,28.608748543812638
9,56,0.02,6.007866298726691,31.429853770696376,28.43242240061033
9,57,0.02,6.030573365351895,31.51538008576401,25.033170193514792
9,58,0.02,6.069251997499973,33.15226585885081,23.963495563866644
9,59,0.02,5.974209659324531,33.02341445812449,23.172423115032217
9,60,0.02,5.675177025328389,39.46916785355361,23.345679413531496
9,61,0.02,4.515605481705245,33.22737886828813,24.975734042986513
9,62,0.02,4.01688215194342,29.89581813059746,26.5990639834772
9,63,0.02,3.5051195947013682,30.26343209386454,22.17933508708277
9,64,0.02,3.115107807233226,27.18862835752936,24.12353134163025
9,65,0.02,2.97233886915726,35.10088714440303,23.050912402290752
9,66,0.02,3.486931204297032,34.14339375453117,27.603231654061087
9,67,0.02,4.882753653935112,33.176471087906044,26.60547257885991
9,68,0.02,5.645549601873453,26.214101920354963,27.111561783307664
9,69,0.02,5.3810308386025385,26.8869063940235,25.283182098511993
9,70,0.02,5.456966569804098,28.835841828011453,24.21900196458032
9,71,0.02,5.035406127207736,28.531086405490907,28.72418081469634
9,72,0.02,4.37635071803712,33.23392648811292,26.526275273492857
9,73,0.02,2.2881321853706673,25.956024454269837,24.82990381830046
9,74,0.02,1.726947578986658,26.8427425032339,22.442504095258453
9,75,0.02,1.5351445350588393,30.27666203065163,21.175750243366213
9,76,0.02,1.7400333107699866,27.966693064394654,26.202272856902436
9,77,0.02,3.1008935297250355,30.96130685053264,23.68573904383434
9,78,0.02,3.704039269515528,30.698829434982954,19.836245135647644
9,79,0.02,4.535419724523562,24.345340581601626,17.66282653086013
9,80,0.02,4.539033187652398,22.52785574007016,22.462406941874566
9,81,0.02,4.469142670226823,25.846218292380318,24.66673855476508
9,82,0.02,5.437463192636148,25.461240651130694,24.677299937188412
9,83,0.02,6.3133663889912555,24.02010077184351,26.458249806511656
9,84,0.02,6.0144429171408955,27.4695685957055,25.966198610790578
9,85,0.02,5.444918031591275,26.112432804366932,27.77472347585397
9,86,0.02,5.241040429330468,25.462984363847607,29.822602341974456
9,87,0.02,5.177403978285314,31.061202621866997,25.547654863212614
9,88,0.02,4.699038502785659,29.287496883885936,29.14086479059291
9,89,0.02,4.338764709442108,27.958089776571583,26.5604506202713
9,90,0.02,3.3128871462991203,33.08859325883379,30.0
9,91,0.02,1.9372670765917297,32.446684094372614,27.604179272956973
9,92,0.02,0.8275978796643901,33.32849168171888,30.0
9,93,0.02,0.7212612060937409,46.41014957680201,30.0
9,94,0.02,1.0595830407256752,39.5538927797973,30.0
9,95,0.02,1.506461000159757,39.34731963374327,29.25936167253364
9,96,0.02,2.408550346700518,31.405063565672716,30.0
9,97,0.02,3.5022892370128123,29.608228511154955,29.764110410164417
9,98,0.02,4.081876114919971,24.71533579133596,24.681392865772125
9,99,0.02,4.132439069946599,24.802435988201434,25.644440693507036
9,100,0.02,4.705744830692296,26.04309853745805,24.109274988673516
9,101,0.02,4.253140802286378,28.221178125890145,26.12334856395881
9,102,0.02,3.5431329656646904,30.860580442232457,28.090436410941457
9,103,0.02,2.063648019623097,34.016074299252175,24.866642588243824
9,104,0.02,1.7815731635299437,38.433772131003735,21.839024286658205
9,105,0.02,1.7661540665355364,36.69081585884436,27.26391732391974
9,106,0.02,1.5579071359710968,34.08006613277152,24.9284584341598
9,107,0.02,2.0099113088734666,25.468372318523357,28.271199420295403
9,108,0.02,2.8242900821096533,26.17688639923237,26.07969010890713
9,109,0.02,3.4347493738044212,23.993603046909996,25.862382829671727
9,110,0.02,3.874216284341396,24.149346230554094,29.1988861892224
9,111,0.02,3.3070242069307283,25.61699527966407,30.0
9,112,0.02,2.361180000710145,31.108047171076585,27.268766064443092
9,113,0.02,2.4530890729871957,31.569672085649824,28.80077081364253
9,114,0.02,2.665282736107141,32.31248648646087,27.950021889611605
9,115,0.02,3.0335586763045197,31.7573741447419,27.978458858645396
9,116,0.02,2.8788475775715785,28.527995189352662,25.09866598589414
9,117,0.02,3.508937678446637,29.636603745022743,23.55457911728416
9,118,0.02,4.451291255251679,28.13396732045601,19.655205762606926
9,119,0.02,5.038169618764878,27.588299664533846,19.268758663698225
9,120,0.02,5.775769675561333,31.51586280203674,21.53955983670122
9,121,0.02,5.0984495997073775,29.79662356873937,24.469152707614917
9,122,0.02,4.712396914340923,32.456955238386655,24.49411069499623
9,123,0.02,4.0651257446575775,33.22496936421359,26.0479328941995
9,124,0.02,3.6068075989576553,37.9453135178958,26.265080162660034
9,125,0.02,2.898730476750429,31.3633398057547,25.995214636476977
9,126,0.02,1.684333872692505,33.52680454953417,23.94014519673885
9,127,0.02,1.4375553518492024,33.76616588868651,29.0991689153577
9,128,0.02,1.5592396177123873,38.57199880593114,25.173253053065118
9,129,0.02,1.6171167669555646,35.85684350217887,28.9192848508944
9,130,0.02,3.137728490673253,28.43799296523015,30.0
9,131,0.02,4.443238534779024,30.652439082420475,28.21272884556778
9,132,0.02,4.69716651946232,30.215957987506357,26.522307588224685
9,133,0.02,4.23012812493479,33.16846447833623,25.229989181688197
9,134,0.02,4.1056891797959905,34.800341521064844,27.732431161709577
9,135,0.02,3.994311765874235,32.85501160606654,30.0
9,136,0.02,4.299860690437942,32.06054040322046,24.906418005679704
9,137,0.02,3.389981182764582,36.76433001598038,26.153663076137818
9,138,0.02,2.3700554401479845,29.768805068727413,29.974338510858484
9,139,0.02,1.862102455901074,34.673329597416476,27.9672643327073
9,140,0.02,2.8862080942748127,37.542019645117435,24.64784955676985
9,141,0.02,4.4044612156128595,32.07241316567422,27.006765489360344
9,142,0.02,5.692629451100705,30.967269092257297,23.779501105656973
9,143,0.02,5.470051146039802,30.396618039575376,26.604089897686
9,144,0.02,5.400394195188077,31.648520337054475,26.592888267361605
9,145,0.02,5.219225511069337,28.39559999098669,30.0
9,146,0.02,5.385563583034284,33.08629781549765,27.188925116381988
9,147,0.02,5.2437031724244,31.897693818346198,27.474312744864168
9,148,0.02,5.570147519731483,33.71327917818556,22.748499936885626
9,149,0.02,5.9942308061284955,26.189253651227336,24.54755663494147
9,150,0.02,5.844214443881296,26.117146553965892,19.47864016744643
9,151,0.02,5.447296061495684,27.00416660459003,19.049258436015652
9,152,0.02,5.023186335484413,26.608539365172017,22.03672563748892
9,153,0.02,4.746429080963123,28.835564576122177,26.178181249339335
9,154,0.02,3.51784485930216,28.550295886440345,24.01201114186618
9,155,0.02,2.8461346398928384,32.949302009392056,28.288817912176533
9,156,0.02,2.222095954030757,33.457560642488815,30.0
9,157,0.02,1.3361519145058387,27.037443040794532,30.0
9,158,0.02,1.4643968180765743,27.54592620198666,30.0
9,159,0.02,2.5169890842300875,29.86176436219111,29.027850068141138
9,160,0.02,2.8656707153470338,33.688364587129676,28.79291375630196
9,161,0.02,3.9909114867320197,30.231989630678424,28.838617011585118
9,162,0.02,5.096070467851578,34.92271304931254,27.241246278783905
9,163,0.02,5.458102180143454,35.139773412171806,29.912594153687106
9,164,0.02,5.29289278117347,33.06021855272877,30.0
9,165,0.02,5.002252593628523,29.217896980555793,29.106067634802727
9,166,0.02,4.573773150295572,34.03300594739617,26.177455868399058
9,167,0.02,4.451947881280799,33.97294644373577,26.92429013327761
9,168,0.02,5.126152160289003,38.92460170895295,28.904811603548975
9,169,0.02,5.319914918193882,37.717960480085594,30.0
9,170,0.02,5.397637705626796,37.488585067793636,25.828981042690437
9,171,0.02,5.774660460994391,41.32128087448792,28.302745726354793
9,172,0.02,5.900292907077699,49.09312807896004,26.458407605145467
9,173,0.02,6.387702118294861,41.31567748500633,30.0
9,174,0.02,5.5875209839409425,42.9964761930973,30.0
9,175,0.02,4.616926454612409,36.49294837078531,30.0
9,176,0.02,5.23347134965357,36.306294799962686,28.643689896452376
9,177,0.02,5.928890091226965,27.248696317978148,30.0
9,178,0.02,6.428473746384674,32.819618630262475,30.0
9,179,0.02,6.866291978169805,31.974528098751488,26.755378395547623
9,180,0.02,5.973568835965393,34.45825071078,23.67266239008343
9,181,0.02,5.611803630011595,33.71957009906044,21.146710585943598
9,182,0.02,4.758528846865374,38.875329675237936,25.31436339196636
9,183,0.02,3.1994321565247152,36.21102161268636,26.04685216632483
9,184,0.02,2.1501213907761394,27.744107571715418,28.318166783145216
9,185,0.02,2.1103528012673896,26.856504641087692,19.29658340071066
9,186,0.02,2.3219636541986755,33.84244625016217,21.19143736233804
9,187,0.02,2.10392841434202,37.29551024991273,27.80770751645441
9,188,0.02,1.9197129277989644,37.84009078166481,27.846092011847823
9,189,0.02,2.1237564719522886,35.45072114627923,25.454450941421715
9,190,0.02,1.8734503879065412,31.257876431502623,25.9967153427127
9,191,0.02,2.359088389160301,37.01949295492483,26.912065653171503
9,192,0.02,2.4366436772364364,34.17776408746966,30.0
9,193,0.02,3.5856083669410497,30.32672985761113,27.095353784752596
9,194,0.02,4.328731332983393,36.9178876078494,29.210883001605353
9,195,0.02,4.689819684364429,37.88670723907525,30.0
9,196,0.02,4.513016571594255,35.13748677417161,30.0
9,197,0.02,3.96635432171741,36.691597929621906,30.0
9,198,0.02,3.487344611902036,34.544075682581166,28.190149890996008
9,199,0.02,3.7225520627498683,38.07552147158365,28.630983031685233
9,200,0.02,3.487502610769464,34.69957583229521,29.531134181922017
9,201,0.02,2.3154040869333676,29.16951672561096,27.776759978911024
9,202,0.02,2.5447928554795984,28.723227208455363,22.602789975325262
9,203,0.02,3.137908254583683,34.45432968644746,23.924341925562697
9,204,0.02,3.152185795275455,31.777765573871612,22.49931519662995
9,205,0.02,4.645941534367154,28.88224236316721,24.582958462482964
9,206,0.02,5.291869668896524,33.37264363634467,24.880787354628502
9,207,0.02,5.1889287987284884,38.818669437029435,23.691940281815974
9,208,0.02,5.217978080163159,35.00568473790299,24.025873152968426
9,209,0.02,4.458596798287806,32.195690462906946,25.870040376252586
9,210,0.02,3.357928313295329,34.95784793348217,26.73679697897324
9,211,0.02,2.1789035243809645,34.68048044201962,28.19839603613983
9,212,0.02,1.9297569783829633,33.96081856870402,29.712425510582523
9,213,0.02,1.7633384866221893,32.3969424068239,27.53163680685641
9,214,0.02,1.4542733782474961,32.43794282123507,29.860813495281995
9,215,0.02,0.9651185258477466,39.994199295120346,25.418600116153886
9,216,0.02,1.2407584022162297,41.73836952098083,30.0
9,217,0.02,2.1051639640630118,41.71894335155835,29.349675622160806
9,218,0.02,3.244177587312284,38.92699860154406,28.957176232973083
9,219,0.02,3.9438989624058562,36.93538760889369,29.761848014027766
9,220,0.02,3.5854968442377015,39.1675488556778,29.307218111604517
9,221,0.02,2.8359451245812743,38.58881648322926,30.0
9,222,0.02,1.9673060530077224,39.003577901950635,28.14977138427993
9,223,0.02,1.7064080364316196,37.240155968122934,27.91725111626937
9,224,0.02,1.6003919164054192,36.816994716160096,24.818375341205627
9,225,0.02,1.6505346439086166,29.465124840805107,24.349402231258036
9,226,0.02,1.4246466174509607,28.433891939720077,24.99380073167602
9,227,0.02,1.851042558781208,35.222141223150615,25.994166850275505
9,228,0.02,1.572375110558467,32.25579267762039,24.25737229741152
9,229,0.02,1.0379535559731004,35.779057930566374,25.94560391051267
9,230,0.02,1.3158278252909859,30.13228405258621,27.334244177782477
9,231,0.02,2.159982521843341,31.45286310986571,26.06568432001597
9,232,0.02,3.5517394933664086,35.2160931085155,25.989793672537466
9,233,0.02,4.584088403413873,33.870271879533874,22.68653787686892
9,234,0.02,4.596635812743459,29.5333308031215,26.360163650728367
9,235,0.02,3.9503821609091436,29.17301982843615,27.02382952038466
9,236,0.02,3.244790852102257,32.91779554742272,26.413845232608413
9,237,0.02,2.3680772937061887,37.24380322221729,28.617071989216335
9,238,0.02,2.356818090850682,36.259075722151834,29.034258363288856
9,239,0.02,2.5963448523566983,33.00040830543978,27.25055878964257
9,240,0.02,2.905953753695847,33.06486704951633,29.429516402168968
9,241,0.02,2.8865133407492816,39.92554590978606,30.0
9,242,0.02,3.0873799928232453,36.42775690745459,27.775377346528586
9,243,0.02,3.5252842625516236,34.68074217094355,28.195397775820386
9,244,0.02,3.9644262691183587,31.813963313854195,27.832766961162665
9,245,0.02,4.558186103340576,33.69980232973638,25.81318653345239
9,246,0.02,5.036713887104217,33.451327736824446,27.3757705358239
9,247,0.02,4.936871202621701,34.37778278827839,26.835466693866845
9,248,0.02,4.654908330204325,38.133609712476435,27.383423415257855
9,249,0.02,4.282193298455867,40.522822876290256,27.409468993991922
9,250,0.02,4.460922806049015,40.36719829968953,27.51647334681318
9,251,0.02,3.8907439477049754,42.1944452546213,27.78222499029517
9,252,0.02,4.075386964010952,38.15876526775558,28.51214334402684
9,253,0.02,3.7362047409108574,32.341925605743434,30.0
9,254,0.02,4.308299683445443,33.547231910803234,30.0
9,255,0.02,3.915562195453111,39.814036533816044,26.030414479652357
9,256,0.02,3.718495990495856,42.590273938630816,26.343066267972635
9,257,0.02,3.2576320512929158,39.984408549540724,30.0
9,258,0.02,3.2898803462345385,38.61766686621468,24.813563968368207
9,259,0.02,2.9827382317231264,35.35512757740117,24.85984344676293
9,260,0.02,2.3985525925789393,33.5492483004131,25.596387681112308
9,261,0.02,1.7484926193602952,36.215913524083135,25.291517135983195
9,262,0.02,1.7945813793529406,34.05465549878038,27.335601437119585
9,263,0.02,1.2103631739250358,31.992671991169182,23.633338495411945
9,264,0.02,0.8735985700767133,27.93554733351993,25.836479368875523
9,265,0.02,1.4311157166960995,32.18722931834026,24.789970484989215
9,266,0.02,2.1221979893499365,31.516965634668367,22.00449036265361
9,267,0.02,3.4833119202303338,26.08986851799039,20.48305864264509
9,268,0.02,3.7275958433688343,29.8054419934477,18.31183915446409
9,269,0.02,3.8095026143545203,32.71385652738796,20.211686235999977
9,270,0.02,3.28299757641447,30.242085635693222,19.05578588340993
9,271,0.02,2.520234620489022,33.14729335820346,21.70718210471927
9,272,0.02,2.648941809235178,33.84149534512861,27.14827456388135
9,273,0.02,2.42473117702471,30.596282393500886,24.885965141535472
9,274,0.02,2.5081627781078537,36.36484959341543,22.56660630202756
9,275,0.02,2.851459896713165,34.876765488839084,23.03525965059253
9,276,0.02,2.772909125803517,31.20979029945687,16.67788180647212
9,277,0.02,2.653953931258517,34.10548333180262,18.926082791550897
9,278,0.02,2.1839586389737353,26.300752059702845,25.53539938996908
9,279,0.02,2.546339062678183,29.503033095569926,19.747734592156547
9,280,0.02,3.4645570062581355,29.91993427403166,19.2259544094246
9,281,0.02,2.9044287500312276,35.60701762972703,23.834851224137104
9,282,0.02,2.5578569207170485,27.623759089921755,23.257480374773383
9,283,0.02,1.9891731414692395,29.043525961433765,24.809474965085105
9,284,0.02,2.0549475155640935,32.12160963364063,26.16966934868256
9,285,0.02,3.1542116879478037,33.398171531947696,28.472223795265545
9,286,0.02,4.899718511792803,34.9748770148308,26.589768364778617
9,287,0.02,6.11110043656969,32.00551248836669,25.080329608036205
9,288,0.02,6.9984352966153125,26.289230241004446,25.220048359506634
9,289,0.02,7.349145407802456,29.573966866065245,25.385289392769504
9,290,0.02,6.7919395632410255,35.97570601870485,25.160724274413365
9,291,0.02,5.858388172519146,38.14356483234986,23.212435860790798
9,292,0.02,5.062046003364359,31.982946466167785,22.551041298896017
9,293,0.02,4.311529069798193,32.60511657573366,26.27241131786404
9,294,0.02,3.3327845593274077,37.45178313812992,26.475952711044677
9,295,0.02,2.6140920178154596,38.56980064659486,28.40368404596696
9,296,0.02,2.0969379338236034,37.703298254522,28.404459233210435
9,297,0.02,1.8873887231702082,31.29637324867368,27.342613721396738
9,298,0.02,2.3937387975134743,33.39656735406049,28.58159052265367
9,299,0.02,2.8208560298149123,37.129851776976786,28.02813807063152
9,300,0.02,2.8890767050536317,37.75233542002013,29.26621914892173
9,301,0.02,3.0958737478145615,42.52625860283521,30.0
9,302,0.02,3.6484929258515706,39.96059702129921,28.912073582050382
9,303,0.02,3.969308846486769,40.263436419994065,26.87597967745341
9,304,0.02,3.954354956361004,37.289926609175666,25.495148166117726
9,305,0.02,3.0772252070236203,27.722676505622537,25.7205206752699
9,306,0.02,2.3996039124041806,30.31527311001924,21.931353141169122
9,307,0.02,1.3968360535307642,32.874209510762114,22.29153273733786
9,308,0.02,1.1194126633004946,36.39213537071961,20.30465994480674
9,309,0.02,1.5553870522912812,33.182095668295716,20.872279610061057
9,310,0.02,2.273886402264093,33.09659988083496,25.37134756558254
9,311,0.02,2.818617499842357,30.203395865855263,22.321521035371354
9,312,0.02,2.733482583721478,28.27352292556622,19.58074040450708
9,313,0.02,2.3236493202676636,29.536765496264504,18.086909226542154
9,314,0.02,2.911221845538429,32.21014089898479,21.05673737803784
9,315,0.02,4.130018493917005,27.753881336907405,21.222110396610194
9,316,0.02,3.986601149295116,26.872237682229063,22.12637533905854
9,317,0.02,3.9161046355051417,33.521027794559735,22.853343084542473
9,318,0.02,4.212643943221746,31.652606697097383,25.756918957849848
9,319,0.02,4.079699538579263,29.974705553681172,29.824480412550944
9,320,0.02,4.371984541181015,31.488143858483326,30.0
9,321,0.02,4.337879872716468,33.42840751575993,27.743421731572997
9,322,0.02,3.985540220437372,32.15253018931098,28.987591581860713
9,323,0.02,2.119771911572246,30.222873540212184,30.0
9,324,0.02,2.15901293985689,28.220368194941678,27.198662954848864
9,325,0.02,3.1913439492311917,28.429082405875384,29.50107243183631
9,326,0.02,4.29585275441039,30.64597128652938,27.282405713656157
9,327,0.02,5.559146031799251,28.719638758217528,26.993852558776677
9,328,0.02,6.247833126973155,30.042110092622206,28.789764524877786
9,329,0.02,6.456316770519065,31.20138159517671,28.395047797300307
9,330,0.02,5.902075420178009,31.863507039320492,25.868422953087062
9,331,0.02,4.294529352523737,34.91907732501523,26.261947144340024
9,332,0.02,3.2130783188866503,36.62095401219307,23.70508729318265
9,333,0.02,2.787629521025706,38.74137058540084,30.0
9,334,0.02,2.410002776463875,36.415319701799085,30.0
9,335,0.02,1.7987763720530223,36.95118823108494,30.0
9,336,0.02,1.7662473744635436,38.71973888560831,27.627133975180303
9,337,0.02,1.6946530336030325,42.97395882300536,25.9716564887627
9,338,0.02,1.9337650128402473,42.69451274488654,30.0
9,339,0.02,2.884219855512789,39.88347616774882,29.633848195001317
9,340,0.02,3.2629632529557018,37.32996548746147,30.0
9,341,0.02,3.652074740951357,34.58367323921642,30.0
9,342,0.02,3.44369539581665,34.79545081282677,26.480924914866506
9,343,0.02,3.5461822405226857,34.90479773627325,28.861843603342823
9,344,0.02,4.098097695705126,33.93550228191594,29.180207907733365
9,345,0.02,4.224394997748222,33.43291563954606,28.358666344459632
9,346,0.02,4.193180941064625,36.64328019010553,30.0
9,347,0.02,3.5357912557084825,34.82453661078749,30.0
9,348,0.02,2.6969839170604253,31.5106098161215,30.0
9,349,0.02,2.860079297395467,33.00746007842384,26.282759157872338
9,350,0.02,2.876809244674537,27.435777057916813,29.44292137391162
9,351,0.02,3.2954739381746885,30.509183326595704,26.01375887063981
9,352,0.02,3.400100018212983,32.75043160493647,24.721412344277446
9,353,0.02,4.326602967233344,29.69324732326963,25.590392389305066
9,354,0.02,5.013564877066124,28.354374930005783,28.728014270396773
9,355,0.02,5.156133499837383,31.996053618928162,29.385977414841992
9,356,0.02,4.207339562151174,33.57434149524981,24.74196131537914
9,357,0.02,3.7951701998485503,33.13076033706443,22.212423145387213
9,358,0.02,3.145350438935113,38.9320934358805,24.893442487991933
9,359,0.02,3.507406796535635,35.14515696043882,25.81363787798572
9,360,0.02,3.4593148326005965,34.17241642955869,23.408785159367998
9,361,0.02,3.8739800566353546,34.90389413003169,24.37779357000506
9,362,0.02,4.019628763199875,33.615148641885355,25.189126329353634
9,363,0.02,4.552514424562574,38.54587965424258,24.415084758493325
9,364,0.02,5.565592800398047,35.728625294124726,21.413921787767226
9,365,0.02,6.323572228707399,31.996028559592396,24.336226153598925
9,366,0.02,5.431801713649944,31.665376337329988,29.446284757656194
9,367,0.02,4.257262173863038,32.96179066485161,29.69852164285382
9,368,0.02,3.350326705384797,35.37643285798069,29.993909912784368
9,369,0.02,2.473111543293873,30.802504614025906,27.148026290820603
9,370,0.02,1.5916623049349115,32.325108024671906,29.458200093704594
9,371,0.02,1.4750587920688778,33.02973674863867,30.0
9,372,0.02,0.7058100823871234,32.77465587134168,30.0
9,373,0.02,0.6053277347637298,33.20563811453955,27.398517619117797
9,374,0.02,1.4164862762462103,31.690131942993556,29.876628946521034
9,375,0.02,2.976331567185171,31.19855552755505,27.23934673331931
9,376,0.02,3.6049545817630477,33.70443435101658,28.56576375099948
9,377,0.02,4.177834625597595,32.43177200512329,29.835422691389358
9,378,0.02,5.095008257684587,25.25411713766108,30.0
9,379,0.02,4.900047902788861,29.691388658512736,30.0
9,380,0.02,4.7710901902868965,30.690202314924726,26.783210244409943
9,381,0.02,4.808339094070149,33.38675320286349,27.22033774854962
9,382,0.02,3.858422269406222,35.20972244452484,26.922845725780622
9,383,0.02,3.2631377903066343,34.754459737869944,27.05816088311873
9,384,0.02,2.25539171900629,32.72310893039972,27.769554947535322
9,385,0.02,1.4828699718280998,35.8342901587594,30.0
9,386,0.02,2.1267722209365045,39.23452427733649,25.602987652741753
9,387,0.02,2.7716752017500315,39.520399705396464,27.43004936017916
9,388,0.02,4.132191614260682,31.403310043463456,29.739806116632078
9,389,0.02,4.349610247898743,33.0955062180323,22.116805287463542
9,390,0.02,4.732779623946661,38.72612901507078,25.105957240657883
9,391,0.02,5.144703604023297,35.26433874064283,28.90624616647583
9,392,0.02,5.55893155378547,34.1790296800468,27.98030357037534
9,393,0.02,6.045061592918042,33.10950960028335,30.0
9,394,0.02,5.922990802356568,33.123419480078,30.0
9,395,0.02,5.896781186237306,33.45049523678688,28.892132594962717
9,396,0.02,6.34886549546602,28.928765425634957,30.0
9,397,0.02,5.37116173515216,32.14540681662858,27.90426635391478
9,398,0.02,4.287735151926757,39.24548843966264,25.2073407353076
9,399,0.02,3.078172319014273,34.48447512202656,30.0
9,400,0.02,2.5911208057576376,34.26698812881399,27.11505766347459
9,401,0.02,1.6206939997391752,31.898325753903233,26.635786907793886
9,402,0.02,1.1812421392075025,32.351485733268575,27.70543249767844
9,403,0.02,0.7663181250940894,33.20709770061571,25.791154425291875
9,404,0.02,0.7915382580536896,37.434522925269334,22.87277402282335
9,405,0.02,1.847590797732643,38.669940749217474,20.839247546356987
9,406,0.02,2.3539570231407567,34.465685097536685,20.72342784977459
9,407,0.02,3.0531006494890343,31.285897032728027,18.629244262194085
9,408,0.02,3.52798042680235,30.181774291349058,20.552155712740785
9,409,0.02,3.138852762938679,32.16532302517324,20.500033936718747
9,410,0.02,3.034154504380062,34.66089724937035,21.41595512026148
9,411,0.02,3.8615704701439344,30.703147756346738,29.432559501950344
9,412,0.02,3.9733033144543386,30.301337202787252,30.0
9,413,0.02,3.8631732314761607,33.25268321063481,27.985389589361276
9,414,0.02,3.892730080256966,32.710998819764434,29.958207080029027
9,415,0.02,3.279469326292652,32.35364997102783,29.31911086742875
9,416,0.02,3.4350184812400038,28.40684644739364,30.0
9,417,0.02,3.715072235524544,26.778136114877732,30.0
9,418,0.02,3.6776335067859156,35.499045144931245,27.950152054548546
9,419,0.02,4.374350830399408,39.318211605364375,26.05748078545506
9,420,0.02,4.902249311437616,42.61501063204213,30.0
9,421,0.02,4.739562850914492,42.974243105359974,30.0
9,422,0.02,4.113941306222752,37.05207382658961,30.0
9,423,0.02,4.410107148738273,40.34677632651051,29.809585503314512
9,424,0.02,4.489281856492198,39.135495759339825,26.390043401334953
9,425,0.02,4.4906352054692595,41.67624178003993,27.599895316241405
9,426,0.02,4.937403593598207,40.35290464611434,24.892684026094923
9,427,0.02,5.444041856991438,39.35747497415264,27.166525545969513
9,428,0.02,5.667746698434949,38.179830337102345,26.067283770751445
9,429,0.02,5.254420823499713,32.74860607693088,25.764314370733068
9,430,0.02,4.484053556463164,30.491457877405892,26.44296378301503
9,431,0.02,3.492603930627089,36.75117987925094,23.74680010423185
9,432,0.02,2.952097722378235,37.654867452358324,26.154014341504684
9,433,0.02,2.59082981392939,36.66055795693931,29.90354818153261
9,434,0.02,2.577298081823832,35.708327445879334,30.0
9,435,0.02,3.9186142418245478,35.25533636074908,30.0
9,436,0.02,4.943066388999638,35.87841513244188,30.0
9,437,0.02,5.805902388857582,31.711891181807196,28.381704163297538
9,438,0.02,5.774297918685421,31.427235594535198,28.799971341182783
9,439,0.02,5.799726657802036,29.862700947276142,26.512060450594824
9,440,0.02,5.348313681596601,26.25411241130474,24.341200651866966
9,441,0.02,4.9041669002280415,27.5934884773176,23.162540455658473
9,442,0.02,5.256641020145002,32.109478206344065,24.676476976500734
9,443,0.02,6.321174877362072,23.016692463183112,22.63565036672971
9,444,0.02,5.655639914683801,27.537768522852225,23.371285843253396
9,445,0.02,5.531845067725045,25.401454680702738,25.744903587319683
9,446,0.02,5.3959551143344,27.438960003362794,25.139223460909804
9,447,0.02,4.930387495004006,22.808430408399325,25.198828089401676
9,448,0.02,4.838553204955129,33.9114169270661,28.49177645750938
9,449,0.02,4.4838198208098605,36.238430510911364,30.0
9,450,0.02,4.928825393657696,35.17965156482279,28.407826609578855
9,451,0.02,5.314167568393993,32.48919618031742,27.90214912355915
9,452,0.02,5.336340062479271,30.987141819093196,30.0
9,453,0.02,4.896744099353423,34.54792080194023,27.05809932405081
9,454,0.02,4.775262235368008,28.396821407689547,26.76476365147172
9,455,0.02,4.720562305973273,33.789130466087954,24.307750232701533
9,456,0.02,4.454984863625041,34.332958229020065,28.173441710837032
9,457,0.02,4.285801042238652,32.81359224750891,26.79096404321684
9,458,0.02,3.4712189322556624,29.87224966997166,30.0
9,459,0.02,2.57040766451187,33.01273636185641,25.25550500277794
9,460,0.02,1.475097310953379,34.33989004667931,25.579431318525476
9,461,0.02,0.9899797996846829,29.820863829060254,28.248268949329454
9,462,0.02,1.0063501667472337,32.42950922680925,26.91859241081211
9,463,0.02,1.7297737650275549,34.6301198701449,29.990575733645937
9,464,0.02,2.070378391156823,33.75557931101528,27.53300506134371
9,465,0.02,2.596663751344389,33.19635982544013,28.856342913181447
9,466,0.02,2.6126250964899738,31.20073896101544,28.83627489341695
9,467,0.02,2.580165160576349,31.851980955458554,28.734425129506256
9,468,0.02,2.6595815216119547,37.97284652292091,23.81337399082043
9,469,0.02,2.2712325967279394,36.59110685681237,26.50870634962921
9,470,0.02,1.6467175043151432,33.48511817132551,27.57932426010967
9,471,0.02,2.030090770287128,34.00416021463937,26.66620574365786
9,472,0.02,2.019164598004129,28.482999833166087,20.90523260253537
9,473,0.02,1.8269601881379152,20.804637644455013,22.403265406203342
9,474,0.02,2.520928245012591,27.073069612953265,20.674751114932807
9,475,0.02,2.5797904958017766,32.50243827480885,21.77948573752794
9,476,0.02,2.6859340115417556,30.689262463325914,23.620464429803434
9,477,0.02,2.5144505712799554,30.955675730861056,23.339044610496636
9,478,0.02,2.1210064732449743,30.62175362078955,28.129466169159276
9,479,0.02,1.6367310503784744,27.944818408132967,24.024099823470706
9,480,0.02,1.417785034276779,32.685312417495965,23.78150017771591
9,481,0.02,3.0565465176711806,30.332000397493964,23.18308515793662
9,482,0.02,2.7827413943335344,30.723312502263866,27.2252475441659
9,483,0.02,2.604249824362657,32.097050190862056,27.421476237992582
9,484,0.02,2.0007188941388607,35.08073404319876,20.470518819479754
9,485,0.02,2.4242946485707066,33.36893626109607,22.98093263157817
9,486,0.02,2.376445492194027,32.651793013919,24.966850283195008
9,487,0.02,2.0219032641230443,29.90295974773319,23.169317756148565
9,488,0.02,2.917902712364408,27.52029664963533,27.175328246132793
9,489,0.02,3.922167874835307,33.66062645215512,27.15247323647411
9,490,0.02,4.768319913973242,29.995939513063043,28.185266590886688
9,491,0.02,5.905317956946491,28.977717573710056,28.656716663311858
9,492,0.02,6.934368033308097,29.891178482042406,29.421736223328868
9,493,0.02,7.049308897508317,30.03894899274381,25.82343114563708
9,494,0.02,7.514921011297779,31.95355193739283,24.228323176865544
9,495,0.02,7.460534374185689,32.49814408119466,23.51383624243654
9,496,0.02,7.259732064906229,32.928005341157515,24.709389581780297
9,497,0.02,7.043724957502168,36.270107442297416,27.175671934854567
9,498,0.02,6.61386238142076,30.532657022888525,27.787718737369115
9,499,0.02,5.256194452710873,34.67052508739912,29.18978080116119
9,500,0.02,4.123832981344361,36.69771898112005,26.141953420876558
9,501,0.02,2.8903368044880526,36.01876401512982,25.241732674131732
9,502,0.02,2.1931057874003157,39.38156803555529,29.68809144672356
9,503,0.02,1.7829002307396502,35.338599705369994,23.383141580346752
9,504,0.02,3.1743447525575874,25.26655787709725,25.149709842790045
9,505,0.02,3.6356091499308016,30.174965471308887,24.53811778391756
9,506,0.02,3.9613966301781214,29.87294601276483,24.458207091977012
9,507,0.02,4.342775644454006,29.538545458774806,26.063044293290762
9,508,0.02,4.843972990411188,27.381963953226002,30.0
9,509,0.02,4.960413893100301,29.382737728058956,24.498312763012265
9,510,0.02,4.880898993746601,27.40021826062793,27.3189043146536
9,511,0.02,4.72684055040886,26.8388975020224,27.10145586509336
9,512,0.02,4.841651036307209,21.955000433349923,26.650806365095868
9,513,0.02,3.926458609361143,26.51683913079722,28.136512737010147
9,514,0.02,3.5663073531241354,28.918880411747875,29.492018284467996
9,515,0.02,3.2696911377302036,34.13386863412471,29.92821720223606
9,516,0.02,3.6413684760678886,29.220361795259286,30.0
9,517,0.02,4.4226185275903065,31.127232855989508,30.0
9,518,0.02,5.023671336951484,30.340697828059234,28.761576321949406
9,519,0.02,6.231843419550134,36.411762117643164,25.530436479537443
9,520,0.02,6.245786328677779,39.507653138100295,26.32773891295307
9,521,0.02,6.1042871572162225,37.339279813541694,28.567710922199613
9,522,0.02,6.077492047697173,34.216099311998924,30.0
9,523,0.02,6.085826188349285,42.14140773368455,30.0
9,524,0.02,6.545746409734919,38.58294892314158,30.0
9,525,0.02,7.27314479817122,37.51241446887186,30.0
9,526,0.02,7.266104819805975,30.801498465505148,30.0
9,527,0.02,7.13399681108701,35.877105120301984,29.17274422783929
9,528,0.02,6.830231291953132,35.4783898168312,22.810546828456836
9,529,0.02,6.3104426242319525,36.726752760322285,24.902632570922023
9,530,0.02,5.874264201722509,38.336751234227705,26.4887647553423
9,531,0.02,5.53361439536278,32.312116715456206,25.72257690462042
9,532,0.02,5.7993550933054285,34.28993494592939,28.915487810310346
9,533,0.02,6.527337371681182,34.50574575700998,26.462877179781707
9,534,0.02,6.393579882755317,32.76539921171493,27.293606549055966
9,535,0.02,5.626593924583258,30.238650088490864,30.0
9,536,0.02,5.3673747154937415,36.142541019834546,26.603768639131598
9,537,0.02,5.442755493227689,40.262240043439974,26.72114278185385
9,538,0.02,5.042002831185909,39.45309359014265,29.363906202754897
9,539,0.02,4.722654570128457,38.75765739068413,30.0
9,540,0.02,4.723702959346365,42.302486536840945,27.836033862250112
9,541,0.02,3.8298687605424018,39.979210676357965,30.0
9,542,0.02,2.8340695278795818,37.19491866687317,30.0
9,543,0.02,3.053147486053913,35.40016448271756,30.0
9,544,0.02,3.8100481673910194,36.345146657680594,30.0
9,545,0.02,4.0360348321789274,37.12482545355092,30.0
9,546,0.02,3.566477976495012,33.202577825118915,29.88054127399258
9,547,0.02,3.9714803500047147,35.0724706800347,28.015620163222714
9,548,0.02,4.203971191617043,38.401191424631236,29.48394948652444
9,549,0.02,4.534233694041521,36.97551199809643,29.136977975351783
9,550,0.02,4.5124976696124754,39.24140452022518,27.992714798990477
9,551,0.02,5.135329152805741,34.40069724352773,27.30479256580429
9,552,0.02,6.928767233309496,37.50948409071552,24.68608503702095
9,553,0.02,8.159635477119211,39.07530817491938,28.071581968339025
9,554,0.02,8.34953425292931,34.933073204714695,30.0
9,555,0.02,7.953933839310213,30.932893872432338,28.302948213868074
9,556,0.02,6.535228605248947,29.206510928324377,30.0
9,557,0.02,5.391434557267868,34.702422455635734,26.66747194740466
9,558,0.02,3.9203608193013695,35.83103498665951,24.47590915184693
9,559,0.02,2.7262790689589647,32.93360092033967,26.642210351889975
9,560,0.02,1.5540046450283485,33.69351024530363,30.0
9,561,0.02,1.0163902523086557,32.28058634574032,30.0
9,562,0.02,1.111508725077122,33.14148902132088,30.0
9,563,0.02,1.7516245175994136,32.64336380973037,27.790425201177296
9,564,0.02,2.8791183302714227,30.614588168742564,28.710289680464488
9,565,0.02,3.8359039932021135,30.840102563999302,23.390943992436473
9,566,0.02,5.108836866392953,24.875435290528703,18.72786657342537
9,567,0.02,6.079911276743361,29.09093541252115,18.831963680844535
9,568,0.02,7.164434965571718,26.30355324379605,23.716743395015293
9,569,0.02,7.907819247377729,29.836458699599486,27.89178990132115
9,570,0.02,7.498726064786255,29.526058942976945,26.20589552705022
9,571,0.02,7.478349851710885,30.90352432548317,24.665066694668237
9,572,0.02,6.366124959854932,26.10287603437684,28.661105783074152
9,573,0.02,5.690419229997311,33.325460578523646,28.254639082965646
9,574,0.02,5.0384301435939935,34.608533868207005,30.0
9,575,0.02,4.216302172429069,35.00244273395009,26.391669386754344
9,576,0.02,2.7611032425945856,35.41667634879941,28.126582519370334
9,577,0.02,2.0760758883046067,33.491778012768364,30.0
9,578,0.02,1.8252716837743896,34.837496463688645,30.0
9,579,0.02,2.2871604533523993,37.647892024021516,30.0
9,580,0.02,1.772943448208204,39.335142025921215,30.0
9,581,0.02,1.7699023152822133,34.260717770510446,30.0
9,582,0.02,2.0635355550054215,33.25108352733286,29.206109885018687
9,583,0.02,1.8811413177552034,34.50105720312388,27.91026630549923
9,584,0.02,2.147001959533899,31.28183690304808,30.0
9,585,0.02,2.604610974662659,30.94960219597388,25.241083512970434
9,586,0.02,3.158898812108609,31.126110129660713,30.0
9,587,0.02,3.392194661019853,33.35825557360089,27.642492955665826
9,588,0.02,3.3671354982016792,37.34289430059371,27.209523132010624
9,589,0.02,3.144619298554626,35.39140511790422,24.586701988671486
9,590,0.02,2.8156548600014677,37.974141606458666,25.08542048140709
9,591,0.02,3.487015190513361,36.898216089406176,30.0
9,592,0.02,3.9965247390585743,40.78963736851539,28.266581113385
9,593,0.02,5.299153582709455,40.39644478301361,26.7263226437203
9,594,0.02,4.688637995038862,37.60530809272327,26.141305841440914
9,595,0.02,5.038106164664986,37.969295695533845,26.240792228007706
9,596,0.02,5.096923030509155,36.751723208346604,30.0
9,597,0.02,5.177109838983247,35.839624117771216,29.334302725360523
9,598,0.02,5.6065420558359635,34.65934428987416,30.0
9,599,0.02,5.619731549706326,33.10696266691271,30.0
9,600,0.02,5.1468733055017015,33.14700923131498,30.0
9,601,0.02,4.961459916621323,37.90237575939949,27.645824637385182
9,602,0.02,5.032313246125627,41.93991824616502,28.693343739047183
9,603,0.02,5.259381295215663,43.10125005274491,30.0
9,604,0.02,6.0201800457914345,37.684511371919164,30.0
9,605,0.02,6.560520615274953,35.878115929556095,27.04470317024724
9,606,0.02,6.373604493300779,27.20316710710634,28.64884511440572
9,607,0.02,5.0955136192431905,27.564763142419036,30.0
9,608,0.02,4.094292826841672,30.82766819379746,30.0
9,609,0.02,3.492209812663139,33.38051786631461,30.0
9,610,0.02,2.9274847217645146,29.813046530955027,30.0
9,611,0.02,3.07099025539563,29.86970947951341,26.593496981215328
9,612,0.02,3.7706531489431887,31.919486234743346,25.76629707149633
9,613,0.02,4.765160998934725,30.796873752865473,21.153066646088686
9,614,0.02,5.0368398316200125,29.11727048235782,22.121799876339814
9,615,0.02,4.8490474706725255,23.24526382847494,25.733799398108175
9,616,0.02,4.284896105220718,20.600576633178488,26.82592080364532
9,617,0.02,2.634102261440276,23.13746486782216,29.70279271239545
9,618,0.02,0.9582947522279999,30.529139449074737,26.979215578691566
9,619,0.02,0.4262725363694453,34.0763496098615,24.16778339123243
9,620,0.02,0.10143988501432277,30.0135330894809,23.538436787593415
9,621,0.02,0.24333312670112273,25.355693491164654,25.14169304693327
9,622,0.02,1.1590407430936946,24.930784792866717,22.499301672558794
9,623,0.02,1.8329022660095795,28.11074540438295,22.768332446382754
9,624,0.02,3.450202407854829,31.617421548746194,24.249816640123694
9,625,0.02,4.07666513543657,31.12622336658911,24.75950317824642
9,626,0.02,5.712045561462409,30.279340335289167,28.986011254907176
9,627,0.02,5.976654503304244,32.54790823529999,30.0
9,628,0.02,6.153614393455406,34.15026853152277,29.071921010626188
9,629,0.02,6.0811723717800925,33.23091760762939,26.234262304387713
9,630,0.02,6.073135953614581,34.10358675222247,27.78333593849128
9,631,0.02,5.162643815071245,32.28261259521187,27.41663130315074
9,632,0.02,4.6283199994286335,27.834369066713776,22.4703087597763
9,633,0.02,4.720731152420639,27.97204293756417,26.80566296222791
9,634,0.02,4.806017490392307,31.65037261359644,26.539324785151525
9,635,0.02,4.945114182716208,35.1456625045618,24.184686790129444
9,636,0.02,4.2569210209495365,34.04710722253353,21.83733334906855
9,637,0.02,2.9793304209278997,30.600536835444956,26.21881614296577
9,638,0.02,2.546929769188017,38.25640102962841,28.12299570348389
9,639,0.02,3.190867858980277,35.90463972414828,27.97950490833979
9,640,0.02,4.551676960440783,33.88919165993044,28.826915436091276
9,641,0.02,6.116741389266016,34.672223571877616,30.0
9,642,0.02,5.829500809871447,31.264852679880402,30.0
9,643,0.02,5.155864020598385,32.821407310826366,28.437239192122597
9,644,0.02,4.27509310675491,27.64291798809088,29.08823035460572
9,645,0.02,3.3810927511159843,33.02432981323278,30.0
9,646,0.02,2.7281465142703816,34.569844208383365,28.267041926357482
9,647,0.02,2.208760373700172,34.21428412602878,29.43677684884065
9,648,0.02,2.548026566396572,31.530547357005673,26.037780256941932
9,649,0.02,2.749623750679377,29.364908655395364,23.803196282162244
9,650,0.02,2.9135083653737506,27.604721564818114,24.628620819883412
9,651,0.02,3.353070716461222,27.833903660777406,25.7529419966585
9,652,0.02,3.8098402954332653,32.62961683147467,25.763815836996276
9,653,0.02,3.558555426562186,30.01087977044007,30.0
9,654,0.02,2.863544916856533,28.060200918806096,22.636043450723278
9,655,0.02,3.2709716458263127,29.36141444384414,20.434950761368118
9,656,0.02,2.3405117830130444,29.096521643599925,21.761901047829944
9,657,0.02,2.7991629730070104,29.85321779134719,21.02341143108179
9,658,0.02,3.3657741668720207,27.710215803250648,19.851907421648477
9,659,0.02,3.4533726838155347,23.84228599261516,25.720928246375443
9,660,0.02,3.823895562080506,26.600842158229106,25.56697501819765
9,661,0.02,3.8930265803950013,29.884142251172605,28.118553336723945
9,662,0.02,3.9832368335130286,34.92988859530902,27.890957236230065
9,663,0.02,3.9443604397144343,38.47657591200565,25.36614542557169
9,664,0.02,3.7568719938222728,34.48394048637845,27.676026528536184
9,665,0.02,3.633743988833586,38.15264786388993,30.0
9,666,0.02,3.5839789165926486,41.148070807480984,28.378338889636645
9,667,0.02,3.1806950543915224,39.57713361165763,28.14971790465154
9,668,0.02,3.2324276710900524,42.37998867892232,26.93735962596268
9,669,0.02,3.121933747385439,35.97182969579854,28.615966746490184
9,670,0.02,4.278569694721709,31.097075108950694,29.97427739799826
9,671,0.02,4.836120198222809,31.47803258273667,26.730460151540743
9,672,0.02,5.655129071858565,37.41878618176117,27.16529408394318
9,673,0.02,6.350923159984408,35.000837509271136,27.068680171906703
9,674,0.02,6.269976829599957,38.55543155592048,29.307282215019775
9,675,0.02,5.359889498618001,37.337097371790534,29.488656996412878
9,676,0.02,4.217347456835307,37.29795766390919,28.645075254070957
9,677,0.02,3.386399023852608,37.842516465623916,27.73813978069487
9,678,0.02,2.669622934019256,39.33081530940192,30.0
9,679,0.02,2.8926618104247024,38.795286058462736,29.294375118509898
9,680,0.02,3.903875506420552,37.40305219159087,27.272816304688952
9,681,0.02,4.045311054107307,36.719730711621956,29.486209081359686
9,682,0.02,3.8937696553174614,37.19081267716012,27.084428389487005
9,683,0.02,3.315250267580767,34.114929448572624,29.029280429076874
9,684,0.02,2.442550521703592,37.35075390609877,25.388428828809857
9,685,0.02,3.075211127339817,38.035332973216796,23.436461867186196
9,686,0.02,4.0948867605678885,38.215854027098636,23.88503784728284
9,687,0.02,5.087598159469491,40.748230034699105,22.667983089580424
9,688,0.02,5.739602119776844,33.41255762606356,29.1459560944215
9,689,0.02,4.906406897955263,29.92699414686607,26.905648284670242
9,690,0.02,5.102782275666609,32.73570388989007,25.25742273236289
9,691,0.02,5.308904565530922,33.17621752378829,26.63429778330798
9,692,0.02,4.802373392005268,29.63682004974638,30.0
9,693,0.02,5.17303209585702,27.937744330260042,28.76088472905499
9,694,0.02,5.988292222985577,34.19105276452186,29.549884891662916
9,695,0.02,7.3256932506697305,36.67171900362364,30.0
9,696,0.02,7.8146048001829485,34.80289167736323,28.318719155437368
9,697,0.02,7.242060817886367,31.435616922709144,23.07792507209992
9,698,0.02,7.610686126246092,29.87661206145893,28.395730602567284
9,699,0.02,7.251856915662192,29.998850816214393,25.95011708093523
9,700,0.02,6.243281351323234,27.564580990113637,26.96474264341625
9,701,0.02,5.231931866745498,36.43400939061629,26.12187733997819
9,702,0.02,4.069836147825388,38.229257869021346,26.514843185487162
9,703,0.02,3.891281849005698,35.57254315599364,27.47251916389327
9,704,0.02,2.9510869016582753,32.704904569737465,27.429023336145963
9,705,0.02,2.366085168264132,33.6619988719468,27.459511827368637
9,706,0.02,2.32374221160587,35.0613945291015,26.730865283125052
9,707,0.02,2.383639218320493,31.21459787890281,30.0
9,708,0.02,1.4676321419678855,36.03583841866502,28.411374861759715
9,709,0.02,2.2288506577143057,39.693558366078314,30.0
9,710,0.02,2.3835982521586025,34.2332578741471,30.0
9,711,0.02,2.540052742639918,36.28681425508827,29.411398106772896
9,712,0.02,2.4076396636963615,37.77148755702399,27.010167135784926
9,713,0.02,2.5862896276935876,31.990902148556223,28.21877349968604
9,714,0.02,3.649348440104548,26.886769116498577,29.306953850035665
9,715,0.02,3.9597044035298152,32.38211809535302,27.83914892151109
9,716,0.02,4.681173159579555,30.308887755301495,27.69832490355129
9,717,0.02,4.824436671334522,32.082184087154225,28.0355757266992
9,718,0.02,5.808530179940788,35.665078120429044,28.301751319642204
9,719,0.02,6.957091742993843,36.05282617584747,30.0
9,720,0.02,7.5098771947874745,33.471399500040654,30.0
9,721,0.02,7.265461054483283,29.35472654287677,27.549549026910466
9,722,0.02,6.268544534572829,28.87877709050296,30.0
9,723,0.02,5.230570320160355,33.05683317528586,29.548916876793008
9,724,0.02,4.6703148331114255,33.48629000745466,27.437394348345563
9,725,0.02,4.653804087210956,33.5692664395419,30.0
9,726,0.02,4.338856214059049,36.141988311697105,30.0
9,727,0.02,3.446946731539404,35.40091763995364,28.950590327072796
9,728,0.02,3.3190664355204706,33.72798535480149,30.0
9,729,0.02,3.0597749627729334,30.96633687320807,26.119072535599912
9,730,0.02,2.729357198780449,29.393441345365403,26.964568182756846
9,731,0.02,2.2542506819716945,29.058664708300885,28.675571900984274
9,732,0.02,2.456827719234571,29.697804822360112,25.9190252758862
9,733,0.02,3.170852819501016,23.39056778252639,30.0
9,734,0.02,3.279833618347018,27.287832523956894,30.0
9,735,0.02,2.7821843025119963,27.889580564612945,27.427488590411215
9,736,0.02,2.9586063483053917,29.349661736144686,29.02334139398524
9,737,0.02,2.6498233587584887,30.93219228164997,28.484508124052024
9,738,0.02,2.169320173644663,32.50152428297207,29.9148058201527
9,739,0.02,2.4822433166309708,31.785966254169228,26.024350147367386
9,740,0.02,2.074036168104149,33.269233634452306,27.150952585317444
9,741,0.02,2.0585557065097224,34.96070896896218,25.224383291923537
9,742,0.02,0.9340621434205447,35.06895138479966,29.72867578856466
9,743,0.02,0.39125916663089466,43.98995263699361,27.16734194196371
9,744,0.02,0.021927589200914532,43.180415801951035,22.913075764236957
9,745,0.02,0.2696499127197267,43.11841732542395,24.632575056537824
9,746,0.02,1.4991939751015098,39.316550649467,27.985281998322474
9,747,0.02,2.0057779573981436,36.28321287560454,29.16251603082899
9,748,0.02,3.004674154227527,35.112633338907756,26.28455143712209
9,749,0.02,3.97059742390296,30.170021943697236,27.272007911812853
9,750,0.02,4.632011666292205,32.3871459704989,26.545070670884037
9,751,0.02,5.458361704077223,35.12506096611587,29.333438988546575
9,752,0.02,6.585604551521473,35.23061090110964,29.777093858938173
9,753,0.02,8.20998272441707,32.199318511001984,28.111796061463835
9,754,0.02,9.131668792891537,34.54112080929673,26.687641979360922
9,755,0.02,9.487247216642286,33.922331635826104,29.596998779820762
9,756,0.02,9.171660810247026,31.661846227233426,28.097546392945624
9,757,0.02,9.238654144135664,29.874714031645823,27.30799492696381
9,758,0.02,8.936307072192545,26.627574779500318,28.261988924714508
9,759,0.02,6.452407125859952,25.36881033310471,28.05369851326018
9,760,0.02,4.831944738884516,29.340587859102037,26.567553885335315
9,761,0.02,3.9626133226054794,32.168481280331555,27.07780889381552
9,762,0.02,3.1535653845622766,31.428460442779425,25.021480160219586
9,763,0.02,2.408609538954623,32.03375733707062,26.245927536018876
9,764,0.02,2.392905814562069,27.038905008292765,30.0
9,765,0.02,2.4935562720532527,23.766394452066372,24.693571144042778
9,766,0.02,2.9647312064264275,29.005252385689687,22.240919522983972
9,767,0.02,3.8403758361664404,36.62358538374776,20.947301488802083
9,768,0.02,3.3369689800816045,32.174944928393664,22.41838367556715
9,769,0.02,3.4234973710602152,31.84960717032836,28.564241803817296
9,770,0.02,3.732740327672606,30.192325116698854,27.25156475469624
9,771,0.02,4.539388385867073,31.80721771266882,30.0
9,772,0.02,4.5909480743750795,35.05269031306207,29.559838873102084
9,773,0.02,4.211438105226928,34.972480208826255,27.923596333457997
9,774,0.02,4.07456140883119,31.649441430266542,28.912630344743555
9,775,0.02,2.8757512767904725,31.7778260211832,27.09403729285843
9,776,0.02,2.6355652953858733,34.216102799868,28.033773925597288
9,777,0.02,2.7263306317439056,30.099544162756622,30.0
9,778,0.02,2.368655351573783,35.438276480199875,30.0
9,779,0.02,2.8542547473749416,35.80834151492539,29.21541809035131
9,780,0.02,3.291115821913149,32.13425991252594,28.46571936501597
9,781,0.02,4.104094214521867,28.33229782563765,30.0
9,782,0.02,5.933671154085287,31.63471156536044,30.0
9,783,0.02,6.9528338865735195,30.531865842266534,29.467269338597283
9,784,0.02,7.375027191856609,31.980973798729437,30.0
9,785,0.02,8.19260011406054,33.96729978907073,24.71583066402663
9,786,0.02,8.11240433010074,34.11985335723403,27.482819152470967
9,787,0.02,7.083512706666529,39.12003255956675,23.520435475974253
9,788,0.02,5.917264311982677,37.891012282473355,20.28447289198959
9,789,0.02,4.118153139397854,34.07892794774757,23.71063835832088
9,790,0.02,2.899532339477221,29.32088778327738,23.61059648121984
9,791,0.02,2.328947161022461,36.41437209697619,22.089653998583348
9,792,0.02,2.099964653379523,31.36098722860961,23.272442935364367
9,793,0.02,2.3045718084708873,27.08600901754071,28.262874470486103
9,794,0.02,1.5904746773508176,26.97728388544337,27.78510647319783
9,795,0.02,1.0655593191847221,32.58742517223594,26.360289108700595
9,796,0.02,1.3762940570424136,37.352172413122474,26.421409127336798
9,797,0.02,1.0785030972444831,34.521290308196974,27.854706169896893
9,798,0.02,1.1122749299700518,32.84890153593413,27.866164633231275
9,799,0.02,1.9864735830336138,36.17306748152667,27.576236695796297
9,800,0.02,3.087454042555778,34.911138186068364,28.270331254726095
9,801,0.02,4.696326288567698,31.24478435384147,29.960467242532857
9,802,0.02,5.355107891740225,34.14844969196055,30.0
9,803,0.02,6.295607538271423,35.134242119134036,29.574286267478254
9,804,0.02,6.459059622896106,26.959185524464587,30.0
9,805,0.02,6.4430158471384384,26.611073568647804,30.0
9,806,0.02,6.15022336653611,31.94876577882361,27.26531400876705
9,807,0.02,5.309072362206126,30.66172975034124,30.0
9,808,0.02,3.7556237187780424,30.193906506795365,28.85720915794569
9,809,0.02,3.0346917447596686,32.03431564996505,30.0
9,810,0.02,2.7940823811192868,28.611173365395935,30.0
9,811,0.02,2.9588321126852533,29.70125977787982,30.0
9,812,0.02,2.679184028443428,31.90576322271314,29.18555024318711
9,813,0.02,1.8601227450329993,29.003336516859942,28.798234098656824
9,814,0.02,1.732372397088501,31.77658031690679,27.589108685802895
9,815,0.02,1.7387403079822672,35.1574424382792,21.062473111471412
9,816,0.02,2.5852078784244177,30.864127332127822,21.93341050611852
9,817,0.02,3.293885272471639,30.309369411053964,22.165279441294302
9,818,0.02,4.452423131847662,34.64041509472384,30.0
9,819,0.02,5.325603171792023,33.33790691909661,29.79547166521473
9,820,0.02,6.648672909598654,34.1043008859063,27.63276041808457
9,821,0.02,6.886160280427236,33.45814811905659,26.718791436085862
9,822,0.02,6.40183293620488,30.26777137816545,28.871100626696826
9,823,0.02,5.469260711208731,29.3057456801749,28.570642777623892
9,824,0.02,5.2701490226004974,30.065707685164828,24.17824823158257
9,825,0.02,4.575758122686663,33.49663362455441,21.339880583427878
9,826,0.02,3.7281147172839573,26.201773026435497,19.15545325246657
9,827,0.02,2.564164582248871,28.477597296397697,18.726780509808606
9,828,0.02,1.5173669425412415,27.356040419922067,25.09147291018447
9,829,0.02,0.728327548756535,31.10340922504803,30.0
9,830,0.02,1.064363892047548,30.542478780749942,27.917495619622777
9,831,0.02,1.85964191469892,34.03042034234682,25.1182268658805
9,832,0.02,2.128786274879767,35.73665821646831,24.815382579384124
9,833,0.02,2.524131540551284,36.73039549788747,26.288255842402187
9,834,0.02,3.224268764723368,34.263293343069684,30.0
9,835,0.02,3.6276372924571354,35.30830443036853,28.680521737591274
9,836,0.02,4.371358278805113,32.78289888874691,29.11842473661124
9,837,0.02,4.430737993050768,31.643146479359604,30.0
9,838,0.02,4.285935309838689,32.2204266327581,27.324504989818777
9,839,0.02,3.866788750753801,39.53679648538278,29.988792141162115
9,840,0.02,3.677797237106765,35.25971469011057,27.98805709525054
9,841,0.02,2.8985205101718465,41.83204245422272,25.66481894513363
9,842,0.02,2.030146992324533,38.62313701544332,22.628928862048635
9,843,0.02,1.698046188173533,39.458361392858066,26.235375005421933
9,844,0.02,1.8303449947788812,34.57631679301998,25.55096324018393
9,845,0.02,1.8856619760906546,31.568567034530677,23.371999937554186
9,846,0.02,1.9248796479629355,34.25682636701335,23.746638794695127
9,847,0.02,2.355033499124226,35.27805582817601,28.296983165044587
9,848,0.02,2.136717388168753,35.79609791236598,28.102826766889304
9,849,0.02,3.1712646854025763,36.020094158305504,29.594936231983148
9,850,0.02,3.9260381108700257,32.39930569174558,27.84817724563381
9,851,0.02,4.504974614330025,36.517392782277696,25.909080565102816
9,852,0.02,4.081001023376775,34.22698581381511,27.518708357633127
9,853,0.02,3.6540170357490505,35.19048183664766,29.919612218118193
9,854,0.02,3.125535038694382,33.12458358975002,30.0
9,855,0.02,2.554869338034096,37.742438484696166,30.0
9,856,0.02,2.3544791017274562,37.49729216828676,30.0
9,857,0.02,3.0624133290810343,38.10879126335543,30.0
9,858,0.02,3.668664304398196,33.12056568584983,30.0
9,859,0.02,4.1832590472216395,33.34174298901828,28.328878106379445
9,860,0.02,5.146064536392698,34.84626831587007,28.680703635773597
9,861,0.02,6.33583844663413,33.27807667285044,29.725522927710415
9,862,0.02,7.648436357754255,30.54034173580615,27.473057158770946
9,863,0.02,8.53300724129417,29.931221213136027,21.933471845181366
9,864,0.02,8.037059091014326,26.644799023394633,20.344840161078714
9,865,0.02,7.5448984357059174,29.737245868236815,22.182767402952393
9,866,0.02,6.722692138569373,32.55516731889578,25.134798829358424
9,867,0.02,5.63805100031322,26.713277757610427,21.683353741987183
9,868,0.02,4.2995075016059365,33.20867550303229,21.09292052503977
9,869,0.02,2.940464665383345,32.07469383555013,22.80110683287392
9,870,0.02,2.1719098757353317,27.860827697480488,24.50850140296695
9,871,0.02,1.320117007323475,25.21132579869908,28.397406473282512
9,872,0.02,0.9414572045904608,28.900147755049744,22.016587507323685
9,873,0.02,1.2510427243837778,29.683978690312387,22.7467318025471
9,874,0.02,1.1633232989299573,29.18635872809281,21.23122545420826
9,875,0.02,1.2507942646967316,23.743680083231517,19.07660540006683
9,876,0.02,0.8939186575669473,28.34609277680049,22.612687061629753
9,877,0.02,0.6057790916244432,22.75654102867984,30.0
9,878,0.02,0.6461728955369486,26.390636065131964,30.0
9,879,0.02,1.4002315288392055,30.499683565301154,29.931839276698746
9,880,0.02,2.2138816705937674,29.121707187660487,30.0
9,881,0.02,2.380883674500237,32.15101129480117,29.887637291940518
9,882,0.02,2.3712128216627413,27.99006176987882,27.075895009085308
9,883,0.02,2.437916762900972,27.928760221246048,29.450126133809203
9,884,0.02,3.546921097246499,27.486652651584592,30.0
9,885,0.02,4.4692740238017885,32.52073476936109,28.128005537611145
9,886,0.02,4.799834147023398,31.690146615212484,24.379998670337287
9,887,0.02,4.0124717555429825,31.97603144137943,26.248074303121438
9,888,0.02,3.4941270229896775,31.40104068329704,26.80129836261263
9,889,0.02,3.808099413448957,36.21042594069989,30.0
9,890,0.02,4.035893802418224,36.641949237634655,27.913967448246808
9,891,0.02,4.313066211088023,38.2522444052079,27.728215294063723
9,892,0.02,4.327810817176942,41.74765358342079,26.618344844084454
9,893,0.02,4.482910876277756,40.17840041636477,29.083170722890188
9,894,0.02,4.645076123950447,42.21665685053879,29.85828679161195
9,895,0.02,4.256117520030483,39.770548304374664,28.66861795645491
9,896,0.02,4.4706000635513465,38.41140020062104,29.73167505652936
9,897,0.02,5.021732999318064,39.877847626727714,26.6343544291962
9,898,0.02,4.890378508266683,42.56236377721174,26.996316026401676
9,899,0.02,4.77109400947613,39.13764625686419,28.692288760545186
9,900,0.02,4.583227901673977,40.002896671637075,26.831878341448824
9,901,0.02,3.835255895762006,38.35196752669601,29.20595921504588
9,902,0.02,3.13884334856729,33.27808458471621,29.293803763664734
9,903,0.02,2.676031513809345,31.714187347941277,28.23822149282882
9,904,0.02,2.426280490236143,35.95214556931411,29.26838381954626
9,905,0.02,3.1989377395612655,32.16534994760468,28.688938960966993
9,906,0.02,4.209446432225687,38.704873392083925,28.196446832963538
9,907,0.02,4.887529460332272,38.80710760069401,28.61463144396741
9,908,0.02,4.480628452966821,36.547460136262686,24.861782923894634
9,909,0.02,3.783067100650786,38.09037744601287,26.114428862363745
9,910,0.02,3.3976276491460036,35.39526432076915,22.82928263613383
9,911,0.02,3.5079874260823933,36.91464542700742,24.867149721612854
9,912,0.02,3.4814621068956937,36.33056092309938,30.0
9,913,0.02,3.6111912347056134,31.762337368589954,30.0
9,914,0.02,2.4819436073064316,32.90378171542952,25.222531032892626
9,915,0.02,1.6990094679106467,36.26117704297396,23.894980030676297
9,916,0.02,1.1846027290886205,34.26091206506429,28.747462971406573
9,917,0.02,1.3921686578631531,34.49181351541571,26.761095027638127
9,918,0.02,0.8974383371643211,37.67344982926884,26.791336520099915
9,919,0.02,0.5825854926603506,33.42753314793729,26.861594713762315
9,920,0.02,1.309985821369899,31.83284499260919,26.367781916748644
9,921,0.02,2.2857979951638687,29.08890401739821,24.07456309485403
9,922,0.02,2.3605055120813034,34.382877762084085,21.098294671990644
9,923,0.02,3.354438200277269,35.350500557750244,23.94885224360819
9,924,0.02,4.0576303380829515,35.72488111824542,19.768963075397902
9,925,0.02,4.315064434425744,37.45801909594922,22.371525583857938
9,926,0.02,4.285354879849294,40.930087296491536,24.244869153816673
9,927,0.02,4.8727792592703585,39.30765940656759,26.57827939817751
9,928,0.02,4.351535626805696,37.535771079474785,30.0
9,929,0.02,5.096270921558827,38.77996533673225,26.704368861882987
9,930,0.02,5.387490798027319,32.974859216257414,26.985511729199736
9,931,0.02,5.694436735318043,34.11740747942197,24.537351729178017
9,932,0.02,5.724855202114333,32.39465457028513,25.99873331017018
9,933,0.02,5.605090684584756,27.79484691518827,29.221010839117916
9,934,0.02,6.25974403314188,32.07933750485754,24.65005651602149
9,935,0.02,6.686918238947254,27.93368701320402,29.942330352589714
9,936,0.02,7.5500248458336845,28.540790824467503,25.736518908931554
9,937,0.02,7.93094063730701,31.786402209674254,26.64254745053804
9,938,0.02,8.095078406270636,31.681342564580774,23.388610282319654
9,939,0.02,8.12909720118296,35.16741373121944,21.026162754685416
9,940,0.02,7.923571005155733,39.444698431016846,23.811283725501067
9,941,0.02,7.5491309537805,35.14929913007276,27.798194770768045
9,942,0.02,6.978073714686336,34.159870311207165,27.834185121119962
9,943,0.02,5.91886305676614,32.473133429659676,29.474429228461833
9,944,0.02,4.843070489192231,33.504821103293175,26.807298314024624
9,945,0.02,3.610338568452316,32.25022928159333,28.54036103982702
9,946,0.02,1.9723016562009166,33.01895874392778,28.509641233346994
9,947,0.02,1.1095467669792187,37.17706960186278,30.0
9,948,0.02,1.5130706835319678,37.19965603347284,29.55200443255483
9,949,0.02,2.9900087542134464,35.6450052880975,28.219671218080602
9,950,0.02,4.084323605757486,37.42980608198792,26.575419046359816
9,951,0.02,4.645100366826814,38.63066621612082,30.0
9,952,0.02,4.674320496573936,35.27555458123468,29.62701812085462
9,953,0.02,3.4605078869794954,31.41779468527997,29.175767039581327
9,954,0.02,3.298592980726515,31.60754562964407,25.717599550393523
9,955,0.02,3.8094651801059887,28.6159654780014,20.86071121036975
9,956,0.02,3.7646216605746448,29.334289817935375,22.954529416023632
9,957,0.02,3.5545000586103543,31.477866903317743,21.63644232797885
9,958,0.02,3.563783605464583,27.871078443895676,21.316425851376586
9,959,0.02,3.2971448094757645,27.881529797531293,19.301701047259556
9,960,0.02,3.8673786281147384,29.285062783826675,19.399896255324826
9,961,0.02,4.569899464180921,28.319401615998057,21.625152977786545
9,962,0.02,5.79027672817668,31.108732553235715,21.734968449729102
9,963,0.02,6.488755524546658,34.245517032480436,23.488597488814886
9,964,0.02,6.372590727503891,32.49671476611189,28.3173331286501
9,965,0.02,5.651946836518942,32.375058558149185,29.70580178045781
9,966,0.02,5.652714254415806,28.932021078478407,29.151344531851155
9,967,0.02,5.50021007746512,31.249897717323982,29.438924075076443
9,968,0.02,5.182692872587058,31.346711213447684,25.855992064375567
9,969,0.02,4.2616852877322025,33.06808725061933,22.565218829756702
9,970,0.02,3.7739480168697095,34.63745554140359,25.699247995863033
9,971,0.02,4.656022204232853,30.54109759286505,26.246966095309368
9,972,0.02,5.095858438636769,35.54761977595235,27.538021102113376
9,973,0.02,5.107257936224551,36.697469465466284,27.54486630082857
9,974,0.02,4.642407597918739,33.558395196461056,27.574957569933897
9,975,0.02,4.537101213361917,28.773619905369557,29.202723327220202
9,976,0.02,4.15476899098789,25.74460202601722,30.0
9,977,0.02,3.501798648263256,32.9674715468335,30.0
9,978,0.02,3.627193669807922,33.45021054312811,30.0
9,979,0.02,3.075198664561686,32.84480934565335,30.0
9,980,0.02,3.4627043232833454,29.948098249955734,28.313542320594433
9,981,0.02,3.908838047959408,32.57402604455139,28.422361581541235
9,982,0.02,3.2646906390854737,31.7830013169178,28.015381696585948
9,983,0.02,2.9195290707877435,30.234065050133474,27.32906436255257
9,984,0.02,3.425672754268547,38.83986022369611,24.367254020504593
9,985,0.02,3.887741887469403,37.41418668725221,28.024109082773528
9,986,0.02,4.435696711673807,37.12595421984102,28.97823237075839
9,987,0.02,4.985567507709539,33.63829613534288,29.95060913013372
9,988,0.02,5.457165460077627,31.575701305470233,29.77704992244125
9,989,0.02,4.8287662368648085,29.473886779366662,26.60010937173902
9,990,0.02,3.7340643041035397,30.023175237397407,26.082245747956694
9,991,0.02,3.188816030293555,30.368470323310117,29.98691716760281
9,992,0.02,2.6574985212176996,28.11803960648156,24.634238266753652
9,993,0.02,2.2245978826267354,27.911915779642158,27.85106720548695
9,994,0.02,1.9351864476038094,29.649051857359805,26.893293690942023
9,995,0.02,1.1034855386419973,34.00743614261521,24.955624937336186
9,996,0.02,1.2874687360461112,31.62349389363312,24.45626140126382
9,997,0.02,1.2885495805531901,30.749927991089038,26.823136345631404
9,998,0.02,0.9147695820220174,33.91849944301326,29.08229642904024
9,999,0.02,0.8112052973216479,29.42706093176019,29.467746772484965
